    1346     1348    1347       1
    1349     1351    1350       1
    1352     1354    1353       1
    1355     1357    1356       1
    1358     1360    1359       1
    1361     1363    1362       1
    1364     1366    1365       1
    1367     1369    1368       1
    1370     1372    1371       1
    1373     1375    1374       1
    1376     1378    1377       1
    1379     1381    1380       1
    1382     1384    1383       1
    1385     1387    1386       1
    1388     1390    1389       1
    1391     1393    1392       1
    1394     1396    1395       1
    1397     1399    1398       1
    1400     1402    1401       1
    1403     1405    1404       1
    1406     1408    1407       1
    1409     1411    1410       1
    1412     1414    1413       1
    1415     1417    1416       1
    1418     1420    1419       1
    1421     1423    1422       1
    1424     1426    1425       1
    1427     1429    1428       1
    1430     1432    1431       1
    1433     1435    1434       1
    1436     1438    1437       1
    1439     1441    1440       1
    1442     1444    1443       1
    1445     1447    1446       1
    1448     1450    1449       1
    1451     1453    1452       1
    1454     1456    1455       1
    1457     1459    1458       1
    1460     1462    1461       1
    1463     1465    1464       1
    1466     1468    1467       1
    1469     1471    1470       1
    1472     1474    1473       1
    1475     1477    1476       1
    1478     1480    1479       1
    1481     1483    1482       1
    1484     1486    1485       1
    1487     1489    1488       1
    1490     1492    1491       1
    1493     1495    1494       1
    1496     1498    1497       1
    1499     1501    1500       1
    1502     1504    1503       1
    1505     1507    1506       1
    1508     1510    1509       1
    1511     1513    1512       1
    1514     1516    1515       1
    1517     1519    1518       1
    1520     1522    1521       1
    1523     1525    1524       1
    1526     1528    1527       1
    1529     1531    1530       1
    1532     1534    1533       1
    1535     1537    1536       1
    1538     1540    1539       1
    1541     1543    1542       1
    1544     1546    1545       1
    1547     1549    1548       1
    1550     1552    1551       1
    1553     1555    1554       1
    1556     1558    1557       1
    1559     1561    1560       1
    1562     1564    1563       1
    1565     1567    1566       1
    1568     1570    1569       1
    1571     1573    1572       1
    1574     1576    1575       1
    1577     1579    1578       1
    1580     1582    1581       1
    1583     1585    1584       1
    1586     1588    1587       1
    1589     1591    1590       1
    1592     1594    1593       1
    1595     1597    1596       1
    1598     1600    1599       1
    1601     1603    1602       1
    1604     1606    1605       1
    1607     1609    1608       1
    1610     1612    1611       1
    1613     1615    1614       1
    1616     1618    1617       1
    1619     1621    1620       1
    1622     1624    1623       1
    1625     1627    1626       1
    1628     1630    1629       1
    1631     1633    1632       1
    1634     1636    1635       1
    1637     1639    1638       1
    1640     1642    1641       1
    1643     1645    1644       1
    1646     1648    1647       1
    1649     1651    1650       1
    1652     1654    1653       1
    1655     1657    1656       1
    1658     1660    1659       1
    1661     1663    1662       1
    1664     1666    1665       1
    1667     1669    1668       1
    1670     1672    1671       1
    1673     1675    1674       1
    1676     1678    1677       1
    1679     1681    1680       1
    1682     1684    1683       1
    1685     1687    1686       1
    1688     1690    1689       1
    1691     1693    1692       1
    1694     1696    1695       1
    1697     1699    1698       1
    1700     1702    1701       1
    1703     1705    1704       1
    1706     1708    1707       1
    1709     1711    1710       1
    1712     1714    1713       1
    1715     1717    1716       1
    1718     1720    1719       1
    1721     1723    1722       1
    1724     1726    1725       1
    1727     1729    1728       1
    1730     1732    1731       1
    1733     1735    1734       1
    1736     1738    1737       1
    1739     1741    1740       1
    1742     1744    1743       1
    1745     1747    1746       1
    1748     1750    1749       1
    1751     1753    1752       1
    1754     1756    1755       1
    1757     1759    1758       1
    1760     1762    1761       1
    1763     1765    1764       1
    1766     1768    1767       1
    1769     1771    1770       1
    1772     1774    1773       1
    1775     1777    1776       1
    1778     1780    1779       1
    1781     1783    1782       1
    1784     1786    1785       1
    1787     1789    1788       1
    1790     1792    1791       1
    1793     1795    1794       1
    1796     1798    1797       1
    1799     1801    1800       1
    1802     1804    1803       1
    1805     1807    1806       1
    1808     1810    1809       1
    1811     1813    1812       1
    1814     1816    1815       1
    1817     1819    1818       1
    1820     1822    1821       1
    1823     1825    1824       1
    1826     1828    1827       1
    1829     1831    1830       1
    1832     1834    1833       1
    1835     1837    1836       1
    1838     1840    1839       1
    1841     1843    1842       1
    1844     1846    1845       1
    1847     1849    1848       1
    1850     1852    1851       1
    1853     1855    1854       1
    1856     1858    1857       1
    1859     1861    1860       1
    1862     1864    1863       1
    1865     1867    1866       1
    1868     1870    1869       1
    1871     1873    1872       1
    1874     1876    1875       1
    1877     1879    1878       1
    1880     1882    1881       1
    1883     1885    1884       1
    1886     1888    1887       1
    1889     1891    1890       1
    1892     1894    1893       1
    1895     1897    1896       1
    1898     1900    1899       1
    1901     1903    1902       1
    1904     1906    1905       1
    1907     1909    1908       1
    1910     1912    1911       1
    1913     1915    1914       1
    1916     1918    1917       1
    1919     1921    1920       1
    1922     1924    1923       1
    1925     1927    1926       1
    1928     1930    1929       1
    1931     1933    1932       1
    1934     1936    1935       1
    1937     1939    1938       1
    1940     1942    1941       1
    1943     1945    1944       1
    1946     1948    1947       1
    1949     1951    1950       1
    1952     1954    1953       1
    1955     1957    1956       1
    1958     1960    1959       1
    1961     1963    1962       1
    1964     1966    1965       1
    1967     1969    1968       1
    1970     1972    1971       1
    1973     1975    1974       1
    1976     1978    1977       1
    1979     1981    1980       1
    1982     1984    1983       1
    1985     1987    1986       1
    1988     1990    1989       1
    1991     1993    1992       1
    1994     1996    1995       1
    1997     1999    1998       1
    2000     2002    2001       1
    2003     2005    2004       1
    2006     2008    2007       1
    2009     2011    2010       1
    2012     2014    2013       1
    2015     2017    2016       1
    2018     2020    2019       1
    2021     2023    2022       1
    2024     2026    2025       1
    2027     2029    2028       1
    2030     2032    2031       1
    2033     2035    2034       1
    2036     2038    2037       1
    2039     2041    2040       1
    2042     2044    2043       1
    2045     2047    2046       1
    2048     2050    2049       1
    2051     2053    2052       1
    2054     2056    2055       1
    2057     2059    2058       1
    2060     2062    2061       1
    2063     2065    2064       1
    2066     2068    2067       1
    2069     2071    2070       1
    2072     2074    2073       1
    2075     2077    2076       1
    2078     2080    2079       1
    2081     2083    2082       1
    2084     2086    2085       1
    2087     2089    2088       1
    2090     2092    2091       1
    2093     2095    2094       1
    2096     2098    2097       1
    2099     2101    2100       1
    2102     2104    2103       1
    2105     2107    2106       1
    2108     2110    2109       1
    2111     2113    2112       1
    2114     2116    2115       1
    2117     2119    2118       1
    2120     2122    2121       1
    2123     2125    2124       1
    2126     2128    2127       1
    2129     2131    2130       1
    2132     2134    2133       1
    2135     2137    2136       1
    2138     2140    2139       1
    2141     2143    2142       1
    2144     2146    2145       1
    2147     2149    2148       1
    2150     2152    2151       1
    2153     2155    2154       1
    2156     2158    2157       1
    2159     2161    2160       1
    2162     2164    2163       1
    2165     2167    2166       1
    2168     2170    2169       1
    2171     2173    2172       1
    2174     2176    2175       1
    2177     2179    2178       1
    2180     2182    2181       1
    2183     2185    2184       1
    2186     2188    2187       1
    2189     2191    2190       1
    2192     2194    2193       1
    2195     2197    2196       1
    2198     2200    2199       1
    2201     2203    2202       1
    2204     2206    2205       1
    2207     2209    2208       1
    2210     2212    2211       1
    2213     2215    2214       1
    2216     2218    2217       1
    2219     2221    2220       1
    2222     2224    2223       1
    2225     2227    2226       1
    2228     2230    2229       1
    2231     2233    2232       1
    2234     2236    2235       1
    2237     2239    2238       1
    2240     2242    2241       1
    2243     2245    2244       1
    2246     2248    2247       1
    2249     2251    2250       1
    2252     2254    2253       1
    2255     2257    2256       1
    2258     2260    2259       1
    2261     2263    2262       1
    2264     2266    2265       1
    2267     2269    2268       1
    2270     2272    2271       1
    2273     2275    2274       1
    2276     2278    2277       1
    2279     2281    2280       1
    2282     2284    2283       1
    2285     2287    2286       1
    2288     2290    2289       1
    2291     2293    2292       1
    2294     2296    2295       1
    2297     2299    2298       1
    2300     2302    2301       1
    2303     2305    2304       1
    2306     2308    2307       1
    2309     2311    2310       1
    2312     2314    2313       1
    2315     2317    2316       1
    2318     2320    2319       1
    2321     2323    2322       1
    2324     2326    2325       1
    2327     2329    2328       1
    2330     2332    2331       1
    2333     2335    2334       1
    2336     2338    2337       1
    2339     2341    2340       1
    2342     2344    2343       1
    2345     2347    2346       1
    2348     2350    2349       1
    2351     2353    2352       1
    2354     2356    2355       1
    2357     2359    2358       1
    2360     2362    2361       1
    2363     2365    2364       1
    2366     2368    2367       1
    2369     2371    2370       1
    2372     2374    2373       1
    2375     2377    2376       1
    2378     2380    2379       1
    2381     2383    2382       1
    2384     2386    2385       1
    2387     2389    2388       1
    2390     2392    2391       1
    2393     2395    2394       1
    2396     2398    2397       1
    2399     2401    2400       1
    2402     2404    2403       1
    2405     2407    2406       1
    2408     2410    2409       1
    2411     2413    2412       1
    2414     2416    2415       1
    2417     2419    2418       1
    2420     2422    2421       1
    2423     2425    2424       1
    2426     2428    2427       1
    2429     2431    2430       1
    2432     2434    2433       1
    2435     2437    2436       1
    2438     2440    2439       1
    2441     2443    2442       1
    2444     2446    2445       1
    2447     2449    2448       1
    2450     2452    2451       1
    2453     2455    2454       1
    2456     2458    2457       1
    2459     2461    2460       1
    2462     2464    2463       1
    2465     2467    2466       1
    2468     2470    2469       1
    2471     2473    2472       1
    2474     2476    2475       1
    2477     2479    2478       1
    2480     2482    2481       1
    2483     2485    2484       1
    2486     2488    2487       1
    2489     2491    2490       1
    2492     2494    2493       1
    2495     2497    2496       1
    2498     2500    2499       1
    2501     2503    2502       1
    2504     2506    2505       1
    2507     2509    2508       1
    2510     2512    2511       1
    2513     2515    2514       1
    2516     2518    2517       1
    2519     2521    2520       1
    2522     2524    2523       1
    2525     2527    2526       1
    2528     2530    2529       1
    2531     2533    2532       1
    2534     2536    2535       1
    2537     2539    2538       1
    2540     2542    2541       1
    2543     2545    2544       1
    2546     2548    2547       1
    2549     2551    2550       1
    2552     2554    2553       1
    2555     2557    2556       1
    2558     2560    2559       1
    2561     2563    2562       1
    2564     2566    2565       1
    2567     2569    2568       1
    2570     2572    2571       1
    2573     2575    2574       1
    2576     2578    2577       1
    2579     2581    2580       1
    2582     2584    2583       1
    2585     2587    2586       1
    2588     2590    2589       1
    2591     2593    2592       1
    2594     2596    2595       1
    2597     2599    2598       1
    2600     2602    2601       1
    2603     2605    2604       1
    2606     2608    2607       1
    2609     2611    2610       1
    2612     2614    2613       1
    2615     2617    2616       1
    2618     2620    2619       1
    2621     2623    2622       1
    2624     2626    2625       1
    2627     2629    2628       1
    2630     2632    2631       1
    2633     2635    2634       1
    2636     2638    2637       1
    2639     2641    2640       1
    2642     2644    2643       1
    2645     2647    2646       1
    2648     2650    2649       1
    2651     2653    2652       1
    2654     2656    2655       1
    2657     2659    2658       1
    2660     2662    2661       1
    2663     2665    2664       1
    2666     2668    2667       1
    2669     2671    2670       1
    2672     2674    2673       1
    2675     2677    2676       1
    2678     2680    2679       1
    2681     2683    2682       1
    2684     2686    2685       1
    2687     2689    2688       1
    2690     2692    2691       1
    2693     2695    2694       1
    2696     2698    2697       1
    2699     2701    2700       1
    2702     2704    2703       1
    2705     2707    2706       1
    2708     2710    2709       1
    2711     2713    2712       1
    2714     2716    2715       1
    2717     2719    2718       1
    2720     2722    2721       1
    2723     2725    2724       1
    2726     2728    2727       1
    2729     2731    2730       1
    2732     2734    2733       1
    2735     2737    2736       1
    2738     2740    2739       1
    2741     2743    2742       1
    2744     2746    2745       1
    2747     2749    2748       1
    2750     2752    2751       1
    2753     2755    2754       1
    2756     2758    2757       1
    2759     2761    2760       1
    2762     2764    2763       1
    2765     2767    2766       1
    2768     2770    2769       1
    2771     2773    2772       1
    2774     2776    2775       1
    2777     2779    2778       1
    2780     2782    2781       1
    2783     2785    2784       1
    2786     2788    2787       1
    2789     2791    2790       1
    2792     2794    2793       1
    2795     2797    2796       1
    2798     2800    2799       1
    2801     2803    2802       1
    2804     2806    2805       1
    2807     2809    2808       1
    2810     2812    2811       1
    2813     2815    2814       1
    2816     2818    2817       1
    2819     2821    2820       1
    2822     2824    2823       1
    2825     2827    2826       1
    2828     2830    2829       1
    2831     2833    2832       1
    2834     2836    2835       1
    2837     2839    2838       1
    2840     2842    2841       1
    2843     2845    2844       1
    2846     2848    2847       1
    2849     2851    2850       1
    2852     2854    2853       1
    2855     2857    2856       1
    2858     2860    2859       1
    2861     2863    2862       1
    2864     2866    2865       1
    2867     2869    2868       1
    2870     2872    2871       1
    2873     2875    2874       1
    2876     2878    2877       1
    2879     2881    2880       1
    2882     2884    2883       1
    2885     2887    2886       1
    2888     2890    2889       1
    2891     2893    2892       1
    2894     2896    2895       1
    2897     2899    2898       1
    2900     2902    2901       1
    2903     2905    2904       1
    2906     2908    2907       1
    2909     2911    2910       1
    2912     2914    2913       1
    2915     2917    2916       1
    2918     2920    2919       1
    2921     2923    2922       1
    2924     2926    2925       1
    2927     2929    2928       1
    2930     2932    2931       1
    2933     2935    2934       1
    2936     2938    2937       1
    2939     2941    2940       1
    2942     2944    2943       1
    2945     2947    2946       1
    2948     2950    2949       1
    2951     2953    2952       1
    2954     2956    2955       1
    2957     2959    2958       1
    2960     2962    2961       1
    2963     2965    2964       1
    2966     2968    2967       1
    2969     2971    2970       1
    2972     2974    2973       1
    2975     2977    2976       1
    2978     2980    2979       1
    2981     2983    2982       1
    2984     2986    2985       1
    2987     2989    2988       1
    2990     2992    2991       1
    2993     2995    2994       1
    2996     2998    2997       1
    2999     3001    3000       1
    3002     3004    3003       1
    3005     3007    3006       1
    3008     3010    3009       1
    3011     3013    3012       1
    3014     3016    3015       1
    3017     3019    3018       1
    3020     3022    3021       1
    3023     3025    3024       1
    3026     3028    3027       1
    3029     3031    3030       1
    3032     3034    3033       1
    3035     3037    3036       1
    3038     3040    3039       1
    3041     3043    3042       1
    3044     3046    3045       1
    3047     3049    3048       1
    3050     3052    3051       1
    3053     3055    3054       1
    3056     3058    3057       1
    3059     3061    3060       1
    3062     3064    3063       1
    3065     3067    3066       1
    3068     3070    3069       1
    3071     3073    3072       1
    3074     3076    3075       1
    3077     3079    3078       1
    3080     3082    3081       1
    3083     3085    3084       1
    3086     3088    3087       1
    3089     3091    3090       1
    3092     3094    3093       1
    3095     3097    3096       1
    3098     3100    3099       1
    3101     3103    3102       1
    3104     3106    3105       1
    3107     3109    3108       1
    3110     3112    3111       1
    3113     3115    3114       1
    3116     3118    3117       1
    3119     3121    3120       1
    3122     3124    3123       1
    3125     3127    3126       1
    3128     3130    3129       1
    3131     3133    3132       1
    3134     3136    3135       1
    3137     3139    3138       1
    3140     3142    3141       1
    3143     3145    3144       1
    3146     3148    3147       1
    3149     3151    3150       1
    3152     3154    3153       1
    3155     3157    3156       1
    3158     3160    3159       1
    3161     3163    3162       1
    3164     3166    3165       1
    3167     3169    3168       1
    3170     3172    3171       1
    3173     3175    3174       1
    3176     3178    3177       1
    3179     3181    3180       1
    3182     3184    3183       1
    3185     3187    3186       1
    3188     3190    3189       1
    3191     3193    3192       1
    3194     3196    3195       1
    3197     3199    3198       1
    3200     3202    3201       1
    3203     3205    3204       1
    3206     3208    3207       1
    3209     3211    3210       1
    3212     3214    3213       1
    3215     3217    3216       1
    3218     3220    3219       1
    3221     3223    3222       1
    3224     3226    3225       1
    3227     3229    3228       1
    3230     3232    3231       1
    3233     3235    3234       1
    3236     3238    3237       1
    3239     3241    3240       1
    3242     3244    3243       1
    3245     3247    3246       1
    3248     3250    3249       1
    3251     3253    3252       1
    3254     3256    3255       1
    3257     3259    3258       1
    3260     3262    3261       1
    3263     3265    3264       1
    3266     1347    3267       1
    3268     1346    3269       1
    3270     1348    3271       1
    3272     1350    3273       1
    3274     1349    3275       1
    3276     1351    3277       1
    3278     1353    3279       1
    3280     1352    3281       1
    3282     1354    3283       1
    3284     1356    3285       1
    3286     1355    3287       1
    3288     1357    3289       1
    3290     1359    3291       1
    3292     1358    3293       1
    3294     1360    3295       1
    3296     1362    3297       1
    3298     1361    3299       1
    3300     1363    3301       1
    3302     1365    3303       1
    3304     1364    3305       1
    3306     1366    3307       1
    3308     1368    3309       1
    3310     1367    3311       1
    3312     1369    3313       1
    3314     1371    3315       1
    3316     1370    3317       1
    3318     1372    3319       1
    3320     1374    3321       1
    3322     1373    3323       1
    3324     1375    3325       1
    3326     1377    3327       1
    3328     1376    3329       1
    3330     1378    3331       1
    3332     1380    3333       1
    3334     1379    3335       1
    3336     1381    3337       1
    3338     1383    3339       1
    3340     1382    3341       1
    3342     1384    3343       1
    3344     1386    3345       1
    3346     1385    3347       1
    3348     1387    3349       1
    3350     1389    3351       1
    3352     1388    3353       1
    3354     1390    3355       1
    3356     1392    3357       1
    3358     1391    3359       1
    3360     1393    3361       1
    3362     1395    3363       1
    3364     1394    3365       1
    3366     1396    3367       1
    3368     1398    3369       1
    3370     1397    3371       1
    3372     1399    3373       1
    3374     1401    3375       1
    3376     1400    3377       1
    3378     1402    3379       1
    3380     1404    3381       1
    3382     1403    3383       1
    3384     1405    3385       1
    3386     1407    3387       1
    3388     1406    3389       1
    3390     1408    3391       1
    3392     1410    3393       1
    3394     1409    3395       1
    3396     1411    3397       1
    3398     1413    3399       1
    3400     1412    3401       1
    3402     1414    3403       1
    3404     1416    3405       1
    3406     1415    3407       1
    3408     1417    3409       1
    3410     1419    3411       1
    3412     1418    3413       1
    3414     1420    3415       1
    3416     1422    3417       1
    3418     1421    3419       1
    3420     1423    3421       1
    3422     1425    3423       1
    3424     1424    3425       1
    3426     1426    3427       1
    3428     1428    3429       1
    3430     1427    3431       1
    3432     1429    3433       1
    3434     1431    3435       1
    3436     1430    3437       1
    3438     1432    3439       1
    3440     1434    3441       1
    3442     1433    3443       1
    3444     1435    3445       1
    3446     1437    3447       1
    3448     1436    3449       1
    3450     1438    3451       1
    3452     1440    3453       1
    3454     1439    3455       1
    3456     1441    3457       1
    3458     1443    3459       1
    3460     1442    3461       1
    3462     1444    3463       1
    3464     1446    3465       1
    3466     1445    3467       1
    3468     1447    3469       1
    3470     1449    3471       1
    3472     1448    3473       1
    3474     1450    3475       1
    3476     1452    3477       1
    3478     1451    3479       1
    3480     1453    3481       1
    3482     1455    3483       1
    3484     1454    3485       1
    3486     1456    3487       1
    3488     1458    3489       1
    3490     1457    3491       1
    3492     1459    3493       1
    3494     1461    3495       1
    3496     1460    3497       1
    3498     1462    3499       1
    3500     1464    3501       1
    3502     1463    3503       1
    3504     1465    3505       1
    3506     1467    3507       1
    3508     1466    3509       1
    3510     1468    3511       1
    3512     1470    3513       1
    3514     1469    3515       1
    3516     1471    3517       1
    3518     1473    3519       1
    3520     1472    3521       1
    3522     1474    3523       1
    3524     1476    3525       1
    3526     1475    3527       1
    3528     1477    3529       1
    3530     1479    3531       1
    3532     1478    3533       1
    3534     1480    3535       1
    3536     1482    3537       1
    3538     1481    3539       1
    3540     1483    3541       1
    3542     1485    3543       1
    3544     1484    3545       1
    3546     1486    3547       1
    3548     1488    3549       1
    3550     1487    3551       1
    3552     1489    3553       1
    3554     1491    3555       1
    3556     1490    3557       1
    3558     1492    3559       1
    3560     1494    3561       1
    3562     1493    3563       1
    3564     1495    3565       1
    3566     1497    3567       1
    3568     1496    3569       1
    3570     1498    3571       1
    3572     1500    3573       1
    3574     1499    3575       1
    3576     1501    3577       1
    3578     1503    3579       1
    3580     1502    3581       1
    3582     1504    3583       1
    3584     1506    3585       1
    3586     1505    3587       1
    3588     1507    3589       1
    3590     1509    3591       1
    3592     1508    3593       1
    3594     1510    3595       1
    3596     1512    3597       1
    3598     1511    3599       1
    3600     1513    3601       1
    3602     1515    3603       1
    3604     1514    3605       1
    3606     1516    3607       1
    3608     1518    3609       1
    3610     1517    3611       1
    3612     1519    3613       1
    3614     1521    3615       1
    3616     1520    3617       1
    3618     1522    3619       1
    3620     1524    3621       1
    3622     1523    3623       1
    3624     1525    3625       1
    3626     1527    3627       1
    3628     1526    3629       1
    3630     1528    3631       1
    3632     1530    3633       1
    3634     1529    3635       1
    3636     1531    3637       1
    3638     1533    3639       1
    3640     1532    3641       1
    3642     1534    3643       1
    3644     1536    3645       1
    3646     1535    3647       1
    3648     1537    3649       1
    3650     1539    3651       1
    3652     1538    3653       1
    3654     1540    3655       1
    3656     1542    3657       1
    3658     1541    3659       1
    3660     1543    3661       1
    3662     1545    3663       1
    3664     1544    3665       1
    3666     1546    3667       1
    3668     1548    3669       1
    3670     1547    3671       1
    3672     1549    3673       1
    3674     1551    3675       1
    3676     1550    3677       1
    3678     1552    3679       1
    3680     1554    3681       1
    3682     1553    3683       1
    3684     1555    3685       1
    3686     1557    3687       1
    3688     1556    3689       1
    3690     1558    3691       1
    3692     1560    3693       1
    3694     1559    3695       1
    3696     1561    3697       1
    3698     1563    3699       1
    3700     1562    3701       1
    3702     1564    3703       1
    3704     1566    3705       1
    3706     1565    3707       1
    3708     1567    3709       1
    3710     1569    3711       1
    3712     1568    3713       1
    3714     1570    3715       1
    3716     1572    3717       1
    3718     1571    3719       1
    3720     1573    3721       1
    3722     1575    3723       1
    3724     1574    3725       1
    3726     1576    3727       1
    3728     1578    3729       1
    3730     1577    3731       1
    3732     1579    3733       1
    3734     1581    3735       1
    3736     1580    3737       1
    3738     1582    3739       1
    3740     1584    3741       1
    3742     1583    3743       1
    3744     1585    3745       1
    3746     1587    3747       1
    3748     1586    3749       1
    3750     1588    3751       1
    3752     1590    3753       1
    3754     1589    3755       1
    3756     1591    3757       1
    3758     1593    3759       1
    3760     1592    3761       1
    3762     1594    3763       1
    3764     1596    3765       1
    3766     1595    3767       1
    3768     1597    3769       1
    3770     1599    3771       1
    3772     1598    3773       1
    3774     1600    3775       1
    3776     1602    3777       1
    3778     1601    3779       1
    3780     1603    3781       1
    3782     1605    3783       1
    3784     1604    3785       1
    3786     1606    3787       1
    3788     1608    3789       1
    3790     1607    3791       1
    3792     1609    3793       1
    3794     1611    3795       1
    3796     1610    3797       1
    3798     1612    3799       1
    3800     1614    3801       1
    3802     1613    3803       1
    3804     1615    3805       1
    3806     1617    3807       1
    3808     1616    3809       1
    3810     1618    3811       1
    3812     1620    3813       1
    3814     1619    3815       1
    3816     1621    3817       1
    3818     1623    3819       1
    3820     1622    3821       1
    3822     1624    3823       1
    3824     1626    3825       1
    3826     1625    3827       1
    3828     1627    3829       1
    3830     1629    3831       1
    3832     1628    3833       1
    3834     1630    3835       1
    3836     1632    3837       1
    3838     1631    3839       1
    3840     1633    3841       1
    3842     1635    3843       1
    3844     1634    3845       1
    3846     1636    3847       1
    3848     1638    3849       1
    3850     1637    3851       1
    3852     1639    3853       1
    3854     1641    3855       1
    3856     1640    3857       1
    3858     1642    3859       1
    3860     1644    3861       1
    3862     1643    3863       1
    3864     1645    3865       1
    3866     1647    3867       1
    3868     1646    3869       1
    3870     1648    3871       1
    3872     1650    3873       1
    3874     1649    3875       1
    3876     1651    3877       1
    3878     1653    3879       1
    3880     1652    3881       1
    3882     1654    3883       1
    3884     1656    3885       1
    3886     1655    3887       1
    3888     1657    3889       1
    3890     1659    3891       1
    3892     1658    3893       1
    3894     1660    3895       1
    3896     1662    3897       1
    3898     1661    3899       1
    3900     1663    3901       1
    3902     1665    3903       1
    3904     1664    3905       1
    3906     1666    3907       1
    3908     1668    3909       1
    3910     1667    3911       1
    3912     1669    3913       1
    3914     1671    3915       1
    3916     1670    3917       1
    3918     1672    3919       1
    3920     1674    3921       1
    3922     1673    3923       1
    3924     1675    3925       1
    3926     1677    3927       1
    3928     1676    3929       1
    3930     1678    3931       1
    3932     1680    3933       1
    3934     1679    3935       1
    3936     1681    3937       1
    3938     1683    3939       1
    3940     1682    3941       1
    3942     1684    3943       1
    3944     1686    3945       1
    3946     1685    3947       1
    3948     1687    3949       1
    3950     1689    3951       1
    3952     1688    3953       1
    3954     1690    3955       1
    3956     1692    3957       1
    3958     1691    3959       1
    3960     1693    3961       1
    3962     1695    3963       1
    3964     1694    3965       1
    3966     1696    3967       1
    3968     1698    3969       1
    3970     1697    3971       1
    3972     1699    3973       1
    3974     1701    3975       1
    3976     1700    3977       1
    3978     1702    3979       1
    3980     1704    3981       1
    3982     1703    3983       1
    3984     1705    3985       1
    3986     1707    3987       1
    3988     1706    3989       1
    3990     1708    3991       1
    3992     1710    3993       1
    3994     1709    3995       1
    3996     1711    3997       1
    3998     1713    3999       1
    4000     1712    4001       1
    4002     1714    4003       1
    4004     1716    4005       1
    4006     1715    4007       1
    4008     1717    4009       1
    4010     1719    4011       1
    4012     1718    4013       1
    4014     1720    4015       1
    4016     1722    4017       1
    4018     1721    4019       1
    4020     1723    4021       1
    4022     1725    4023       1
    4024     1724    4025       1
    4026     1726    4027       1
    4028     1728    4029       1
    4030     1727    4031       1
    4032     1729    4033       1
    4034     1731    4035       1
    4036     1730    4037       1
    4038     1732    4039       1
    4040     1734    4041       1
    4042     1733    4043       1
    4044     1735    4045       1
    4046     1737    4047       1
    4048     1736    4049       1
    4050     1738    4051       1
    4052     1740    4053       1
    4054     1739    4055       1
    4056     1741    4057       1
    4058     1743    4059       1
    4060     1742    4061       1
    4062     1744    4063       1
    4064     1746    4065       1
    4066     1745    4067       1
    4068     1747    4069       1
    4070     1749    4071       1
    4072     1748    4073       1
    4074     1750    4075       1
    4076     1752    4077       1
    4078     1751    4079       1
    4080     1753    4081       1
    4082     1755    4083       1
    4084     1754    4085       1
    4086     1756    4087       1
    4088     1758    4089       1
    4090     1757    4091       1
    4092     1759    4093       1
    4094     1761    4095       1
    4096     1760    4097       1
    4098     1762    4099       1
    4100     1764    4101       1
    4102     1763    4103       1
    4104     1765    4105       1
    4106     1767    4107       1
    4108     1766    4109       1
    4110     1768    4111       1
    4112     1770    4113       1
    4114     1769    4115       1
    4116     1771    4117       1
    4118     1773    4119       1
    4120     1772    4121       1
    4122     1774    4123       1
    4124     1776    4125       1
    4126     1775    4127       1
    4128     1777    4129       1
    4130     1779    4131       1
    4132     1778    4133       1
    4134     1780    4135       1
    4136     1782    4137       1
    4138     1781    4139       1
    4140     1783    4141       1
    4142     1785    4143       1
    4144     1784    4145       1
    4146     1786    4147       1
    4148     1788    4149       1
    4150     1787    4151       1
    4152     1789    4153       1
    4154     1791    4155       1
    4156     1790    4157       1
    4158     1792    4159       1
    4160     1794    4161       1
    4162     1793    4163       1
    4164     1795    4165       1
    4166     1797    4167       1
    4168     1796    4169       1
    4170     1798    4171       1
    4172     1800    4173       1
    4174     1799    4175       1
    4176     1801    4177       1
    4178     1803    4179       1
    4180     1802    4181       1
    4182     1804    4183       1
    4184     1806    4185       1
    4186     1805    4187       1
    4188     1807    4189       1
    4190     1809    4191       1
    4192     1808    4193       1
    4194     1810    4195       1
    4196     1812    4197       1
    4198     1811    4199       1
    4200     1813    4201       1
    4202     1815    4203       1
    4204     1814    4205       1
    4206     1816    4207       1
    4208     1818    4209       1
    4210     1817    4211       1
    4212     1819    4213       1
    4214     1821    4215       1
    4216     1820    4217       1
    4218     1822    4219       1
    4220     1824    4221       1
    4222     1823    4223       1
    4224     1825    4225       1
    4226     1827    4227       1
    3267     1826    4228       1
    4229     1828    3270       1
    4230     1830    4231       1
    3269     1829    4232       1
    4233     1831    3266       1
    4234     1833    4235       1
    3271     1832    4236       1
    4237     1834    3268       1
    4238     1836    4239       1
    3273     1835    4240       1
    4241     1837    3276       1
    4242     1839    4243       1
    3275     1838    4244       1
    4245     1840    3272       1
    4246     1842    4247       1
    3277     1841    4248       1
    4249     1843    3274       1
    4250     1845    4251       1
    3279     1844    4252       1
    4253     1846    3282       1
    4254     1848    4255       1
    3281     1847    4256       1
    4257     1849    3278       1
    4258     1851    4259       1
    3283     1850    4260       1
    4261     1852    3280       1
    4262     1854    4263       1
    3285     1853    4264       1
    4265     1855    3288       1
    4266     1857    4267       1
    3287     1856    4268       1
    4269     1858    3284       1
    4270     1860    4271       1
    3289     1859    4272       1
    4273     1861    3286       1
    4274     1863    4275       1
    3291     1862    4276       1
    4277     1864    3294       1
    4278     1866    4279       1
    3293     1865    4280       1
    4281     1867    3290       1
    4282     1869    4283       1
    3295     1868    4284       1
    4285     1870    3292       1
    4286     1872    4287       1
    3297     1871    4288       1
    4289     1873    3300       1
    4290     1875    4291       1
    3299     1874    4292       1
    4293     1876    3296       1
    4294     1878    4295       1
    3301     1877    4296       1
    4297     1879    3298       1
    4298     1881    4299       1
    3303     1880    4300       1
    4301     1882    3306       1
    4302     1884    4303       1
    3305     1883    4304       1
    4305     1885    3302       1
    4306     1887    4307       1
    3307     1886    4308       1
    4309     1888    3304       1
    4310     1890    4311       1
    3309     1889    4312       1
    4313     1891    3312       1
    4314     1893    4315       1
    3311     1892    4316       1
    4317     1894    3308       1
    4318     1896    4319       1
    3313     1895    4320       1
    4321     1897    3310       1
    4322     1899    4323       1
    3315     1898    4324       1
    4325     1900    3318       1
    4326     1902    4327       1
    3317     1901    4328       1
    4329     1903    3314       1
    4330     1905    4331       1
    3319     1904    4332       1
    4333     1906    3316       1
    4334     1908    4335       1
    3321     1907    4336       1
    4337     1909    3324       1
    4338     1911    4339       1
    3323     1910    4340       1
    4341     1912    3320       1
    4342     1914    4343       1
    3325     1913    4344       1
    4345     1915    3322       1
    4346     1917    4347       1
    3327     1916    4348       1
    4349     1918    3330       1
    4350     1920    4351       1
    3329     1919    4352       1
    4353     1921    3326       1
    4354     1923    4355       1
    3331     1922    4356       1
    4357     1924    3328       1
    4358     1926    4359       1
    3333     1925    4360       1
    4361     1927    3336       1
    4362     1929    4363       1
    3335     1928    4364       1
    4365     1930    3332       1
    4366     1932    4367       1
    3337     1931    4368       1
    4369     1933    3334       1
    4370     1935    4371       1
    3339     1934    4372       1
    4373     1936    3342       1
    4374     1938    4375       1
    3341     1937    4376       1
    4377     1939    3338       1
    4378     1941    4379       1
    3343     1940    4380       1
    4381     1942    3340       1
    4382     1944    4383       1
    3345     1943    4384       1
    4385     1945    3348       1
    4386     1947    4387       1
    3347     1946    4388       1
    4389     1948    3344       1
    4390     1950    4391       1
    3349     1949    4392       1
    4393     1951    3346       1
    4394     1953    4395       1
    3351     1952    4396       1
    4397     1954    3354       1
    4398     1956    4399       1
    3353     1955    4400       1
    4401     1957    3350       1
    4402     1959    4403       1
    3355     1958    4404       1
    4405     1960    3352       1
    4406     1962    4407       1
    3357     1961    4408       1
    4409     1963    3360       1
    4410     1965    4411       1
    3359     1964    4412       1
    4413     1966    3356       1
    4414     1968    4415       1
    3361     1967    4416       1
    4417     1969    3358       1
    4418     1971    4419       1
    3363     1970    4420       1
    4421     1972    3366       1
    4422     1974    4423       1
    3365     1973    4424       1
    4425     1975    3362       1
    4426     1977    4427       1
    3367     1976    4428       1
    4429     1978    3364       1
    4430     1980    4431       1
    3369     1979    4432       1
    4433     1981    3372       1
    4434     1983    4435       1
    3371     1982    4436       1
    4437     1984    3368       1
    4438     1986    4439       1
    3373     1985    4440       1
    4441     1987    3370       1
    4442     1989    4443       1
    3375     1988    4444       1
    4445     1990    3378       1
    4446     1992    4447       1
    3377     1991    4448       1
    4449     1993    3374       1
    4450     1995    4451       1
    3379     1994    4452       1
    4453     1996    3376       1
    4454     1998    4455       1
    3381     1997    4456       1
    4457     1999    3384       1
    4458     2001    4459       1
    3383     2000    4460       1
    4461     2002    3380       1
    4462     2004    4463       1
    3385     2003    4464       1
    4465     2005    3382       1
    4466     2007    4467       1
    3387     2006    4468       1
    4469     2008    3390       1
    4470     2010    4471       1
    3389     2009    4472       1
    4473     2011    3386       1
    4474     2013    4475       1
    3391     2012    4476       1
    4477     2014    3388       1
    4478     2016    4479       1
    3393     2015    4480       1
    4481     2017    3396       1
    4482     2019    4483       1
    3395     2018    4484       1
    4485     2020    3392       1
    4486     2022    4487       1
    3397     2021    4488       1
    4489     2023    3394       1
    4490     2025    4491       1
    3399     2024    4492       1
    4493     2026    3402       1
    4494     2028    4495       1
    3401     2027    4496       1
    4497     2029    3398       1
    4498     2031    4499       1
    3403     2030    4500       1
    4501     2032    3400       1
    4502     2034    4503       1
    3405     2033    4504       1
    4505     2035    3408       1
    4506     2037    4507       1
    3407     2036    4508       1
    4509     2038    3404       1
    4510     2040    4511       1
    3409     2039    4512       1
    4513     2041    3406       1
    4514     2043    4515       1
    3411     2042    4516       1
    4517     2044    3414       1
    4518     2046    4519       1
    3413     2045    4520       1
    4521     2047    3410       1
    4522     2049    4523       1
    3415     2048    4524       1
    4525     2050    3412       1
    4526     2052    4527       1
    3417     2051    4528       1
    4529     2053    3420       1
    4530     2055    4531       1
    3419     2054    4532       1
    4533     2056    3416       1
    4534     2058    4535       1
    3421     2057    4536       1
    4537     2059    3418       1
    4538     2061    4539       1
    3423     2060    4540       1
    4541     2062    3426       1
    4542     2064    4543       1
    3425     2063    4544       1
    4545     2065    3422       1
    4546     2067    4547       1
    3427     2066    4548       1
    4549     2068    3424       1
    4550     2070    4551       1
    3429     2069    4552       1
    4553     2071    3432       1
    4554     2073    4555       1
    3431     2072    4556       1
    4557     2074    3428       1
    4558     2076    4559       1
    3433     2075    4560       1
    4561     2077    3430       1
    4562     2079    4563       1
    3435     2078    4564       1
    4565     2080    3438       1
    4566     2082    4567       1
    3437     2081    4568       1
    4569     2083    3434       1
    4570     2085    4571       1
    3439     2084    4572       1
    4573     2086    3436       1
    4574     2088    4575       1
    3441     2087    4576       1
    4577     2089    3444       1
    4578     2091    4579       1
    3443     2090    4580       1
    4581     2092    3440       1
    4582     2094    4583       1
    3445     2093    4584       1
    4585     2095    3442       1
    4586     2097    4587       1
    3447     2096    4588       1
    4589     2098    3450       1
    4590     2100    4591       1
    3449     2099    4592       1
    4593     2101    3446       1
    4594     2103    4595       1
    3451     2102    4596       1
    4597     2104    3448       1
    4598     2106    4599       1
    3453     2105    4600       1
    4601     2107    3456       1
    4602     2109    4603       1
    3455     2108    4604       1
    4605     2110    3452       1
    4606     2112    4607       1
    3457     2111    4608       1
    4609     2113    3454       1
    4610     2115    4611       1
    3459     2114    4612       1
    4613     2116    3462       1
    4614     2118    4615       1
    3461     2117    4616       1
    4617     2119    3458       1
    4618     2121    4619       1
    3463     2120    4620       1
    4621     2122    3460       1
    4622     2124    4623       1
    3465     2123    4624       1
    4625     2125    3468       1
    4626     2127    4627       1
    3467     2126    4628       1
    4629     2128    3464       1
    4630     2130    4631       1
    3469     2129    4632       1
    4633     2131    3466       1
    4634     2133    4635       1
    3471     2132    4636       1
    4637     2134    3474       1
    4638     2136    4639       1
    3473     2135    4640       1
    4641     2137    3470       1
    4642     2139    4643       1
    3475     2138    4644       1
    4645     2140    3472       1
    4646     2142    4647       1
    3477     2141    4648       1
    4649     2143    3480       1
    4650     2145    4651       1
    3479     2144    4652       1
    4653     2146    3476       1
    4654     2148    4655       1
    3481     2147    4656       1
    4657     2149    3478       1
    4658     2151    4659       1
    3483     2150    4660       1
    4661     2152    3486       1
    4662     2154    4663       1
    3485     2153    4664       1
    4665     2155    3482       1
    4666     2157    4667       1
    3487     2156    4668       1
    4669     2158    3484       1
    4670     2160    4671       1
    3489     2159    4672       1
    4673     2161    3492       1
    4674     2163    4675       1
    3491     2162    4676       1
    4677     2164    3488       1
    4678     2166    4679       1
    3493     2165    4680       1
    4681     2167    3490       1
    4682     2169    4683       1
    3495     2168    4684       1
    4685     2170    3498       1
    4686     2172    4687       1
    3497     2171    4688       1
    4689     2173    3494       1
    4690     2175    4691       1
    3499     2174    4692       1
    4693     2176    3496       1
    4694     2178    4695       1
    3501     2177    4696       1
    4697     2179    3504       1
    4698     2181    4699       1
    3503     2180    4700       1
    4701     2182    3500       1
    4702     2184    4703       1
    3505     2183    4704       1
    4705     2185    3502       1
    4706     2187    4707       1
    3507     2186    4708       1
    4709     2188    3510       1
    4227     2190    4710       1
    3509     2189    4229       1
    4711     2191    3506       1
    4712     2193    4234       1
    3511     2192    4713       1
    4236     2194    3508       1
    4714     2196    4715       1
    3513     2195    4716       1
    4717     2197    3516       1
    4231     2199    4718       1
    3515     2198    4233       1
    4719     2200    3512       1
    4720     2202    4226       1
    3517     2201    4721       1
    4228     2203    3514       1
    4722     2205    4723       1
    3519     2204    4724       1
    4725     2206    3522       1
    4235     2208    4726       1
    3521     2207    4237       1
    4727     2209    3518       1
    4728     2211    4230       1
    3523     2210    4729       1
    4232     2212    3520       1
    4730     2214    4706       1
    3525     2213    4731       1
    4708     2215    3528       1
    4239     2217    4732       1
    3527     2216    4241       1
    4733     2218    3524       1
    4710     2220    4246       1
    3529     2219    4711       1
    4248     2221    3526       1
    4734     2223    4735       1
    3531     2222    4736       1
    4737     2224    3534       1
    4243     2226    4738       1
    3533     2225    4245       1
    4739     2227    3530       1
    4740     2229    4238       1
    3535     2228    4741       1
    4240     2230    3532       1
    4715     2232    4742       1
    3537     2231    4717       1
    4743     2233    3540       1
    4247     2235    4720       1
    3539     2234    4249       1
    4721     2236    3536       1
    4744     2238    4242       1
    3541     2237    4745       1
    4244     2239    3538       1
    4746     2241    4747       1
    3543     2240    4748       1
    4749     2242    3546       1
    4251     2244    4750       1
    3545     2243    4253       1
    4751     2245    3542       1
    4752     2247    4258       1
    3547     2246    4753       1
    4260     2248    3544       1
    4754     2250    4755       1
    3549     2249    4756       1
    4757     2251    3552       1
    4255     2253    4758       1
    3551     2252    4257       1
    4759     2254    3548       1
    4760     2256    4250       1
    3553     2255    4761       1
    4252     2257    3550       1
    4762     2259    4763       1
    3555     2258    4764       1
    4765     2260    3558       1
    4259     2262    4766       1
    3557     2261    4261       1
    4767     2263    3554       1
    4768     2265    4254       1
    3559     2264    4769       1
    4256     2266    3556       1
    4770     2268    4746       1
    3561     2267    4771       1
    4748     2269    3564       1
    4263     2271    4772       1
    3563     2270    4265       1
    4773     2272    3560       1
    4750     2274    4270       1
    3565     2273    4751       1
    4272     2275    3562       1
    4774     2277    4775       1
    3567     2276    4776       1
    4777     2278    3570       1
    4267     2280    4778       1
    3569     2279    4269       1
    4779     2281    3566       1
    4780     2283    4262       1
    3571     2282    4781       1
    4264     2284    3568       1
    4755     2286    4782       1
    3573     2285    4757       1
    4783     2287    3576       1
    4271     2289    4760       1
    3575     2288    4273       1
    4761     2290    3572       1
    4784     2292    4266       1
    3577     2291    4785       1
    4268     2293    3574       1
    4786     2295    4787       1
    3579     2294    4788       1
    4789     2296    3582       1
    4275     2298    4790       1
    3581     2297    4277       1
    4791     2299    3578       1
    4792     2301    4282       1
    3583     2300    4793       1
    4284     2302    3580       1
    4794     2304    4795       1
    3585     2303    4796       1
    4797     2305    3588       1
    4279     2307    4798       1
    3587     2306    4281       1
    4799     2308    3584       1
    4800     2310    4274       1
    3589     2309    4801       1
    4276     2311    3586       1
    4802     2313    4803       1
    3591     2312    4804       1
    4805     2314    3594       1
    4283     2316    4806       1
    3593     2315    4285       1
    4807     2317    3590       1
    4808     2319    4278       1
    3595     2318    4809       1
    4280     2320    3592       1
    4810     2322    4786       1
    3597     2321    4811       1
    4788     2323    3600       1
    4287     2325    4812       1
    3599     2324    4289       1
    4813     2326    3596       1
    4790     2328    4294       1
    3601     2327    4791       1
    4296     2329    3598       1
    4814     2331    4815       1
    3603     2330    4816       1
    4817     2332    3606       1
    4291     2334    4818       1
    3605     2333    4293       1
    4819     2335    3602       1
    4820     2337    4286       1
    3607     2336    4821       1
    4288     2338    3604       1
    4795     2340    4822       1
    3609     2339    4797       1
    4823     2341    3612       1
    4295     2343    4800       1
    3611     2342    4297       1
    4801     2344    3608       1
    4824     2346    4290       1
    3613     2345    4825       1
    4292     2347    3610       1
    4826     2349    4827       1
    3615     2348    4828       1
    4829     2350    3618       1
    4299     2352    4830       1
    3617     2351    4301       1
    4831     2353    3614       1
    4832     2355    4306       1
    3619     2354    4833       1
    4308     2356    3616       1
    4834     2358    4835       1
    3621     2357    4836       1
    4837     2359    3624       1
    4303     2361    4838       1
    3623     2360    4305       1
    4839     2362    3620       1
    4840     2364    4298       1
    3625     2363    4841       1
    4300     2365    3622       1
    4842     2367    4843       1
    3627     2366    4844       1
    4845     2368    3630       1
    4307     2370    4846       1
    3629     2369    4309       1
    4847     2371    3626       1
    4848     2373    4302       1
    3631     2372    4849       1
    4304     2374    3628       1
    4850     2376    4826       1
    3633     2375    4851       1
    4828     2377    3636       1
    4311     2379    4852       1
    3635     2378    4313       1
    4853     2380    3632       1
    4830     2382    4318       1
    3637     2381    4831       1
    4320     2383    3634       1
    4854     2385    4855       1
    3639     2384    4856       1
    4857     2386    3642       1
    4315     2388    4858       1
    3641     2387    4317       1
    4859     2389    3638       1
    4860     2391    4310       1
    3643     2390    4861       1
    4312     2392    3640       1
    4835     2394    4862       1
    3645     2393    4837       1
    4863     2395    3648       1
    4319     2397    4840       1
    3647     2396    4321       1
    4841     2398    3644       1
    4864     2400    4314       1
    3649     2399    4865       1
    4316     2401    3646       1
    4866     2403    4867       1
    3651     2402    4868       1
    4869     2404    3654       1
    4323     2406    4870       1
    3653     2405    4325       1
    4871     2407    3650       1
    4872     2409    4330       1
    3655     2408    4873       1
    4332     2410    3652       1
    4874     2412    4875       1
    3657     2411    4876       1
    4877     2413    3660       1
    4327     2415    4878       1
    3659     2414    4329       1
    4879     2416    3656       1
    4880     2418    4322       1
    3661     2417    4881       1
    4324     2419    3658       1
    4882     2421    4883       1
    3663     2420    4884       1
    4885     2422    3666       1
    4331     2424    4886       1
    3665     2423    4333       1
    4887     2425    3662       1
    4888     2427    4326       1
    3667     2426    4889       1
    4328     2428    3664       1
    4890     2430    4866       1
    3669     2429    4891       1
    4868     2431    3672       1
    4335     2433    4892       1
    3671     2432    4337       1
    4893     2434    3668       1
    4870     2436    4342       1
    3673     2435    4871       1
    4344     2437    3670       1
    4747     2439    4894       1
    3675     2438    4749       1
    4895     2440    3678       1
    4339     2442    4752       1
    3677     2441    4341       1
    4753     2443    3674       1
    4896     2445    4334       1
    3679     2444    4897       1
    4336     2446    3676       1
    4875     2448    4762       1
    3681     2447    4877       1
    4764     2449    3684       1
    4343     2451    4880       1
    3683     2450    4345       1
    4881     2452    3680       1
    4766     2454    4338       1
    3685     2453    4767       1
    4340     2455    3682       1
    4898     2457    4899       1
    3687     2456    4900       1
    4901     2458    3690       1
    4347     2460    4902       1
    3689     2459    4349       1
    4903     2461    3686       1
    4904     2463    4354       1
    3691     2462    4905       1
    4356     2464    3688       1
    4906     2466    4907       1
    3693     2465    4908       1
    4909     2467    3696       1
    4351     2469    4910       1
    3695     2468    4353       1
    4911     2470    3692       1
    4912     2472    4346       1
    3697     2471    4913       1
    4348     2473    3694       1
    4914     2475    4915       1
    3699     2474    4916       1
    4917     2476    3702       1
    4355     2478    4918       1
    3701     2477    4357       1
    4919     2479    3698       1
    4920     2481    4350       1
    3703     2480    4921       1
    4352     2482    3700       1
    4922     2484    4898       1
    3705     2483    4923       1
    4900     2485    3708       1
    4359     2487    4924       1
    3707     2486    4361       1
    4925     2488    3704       1
    4902     2490    4366       1
    3709     2489    4903       1
    4368     2491    3706       1
    4787     2493    4926       1
    3711     2492    4789       1
    4927     2494    3714       1
    4363     2496    4792       1
    3713     2495    4365       1
    4793     2497    3710       1
    4928     2499    4358       1
    3715     2498    4929       1
    4360     2500    3712       1
    4907     2502    4802       1
    3717     2501    4909       1
    4804     2503    3720       1
    4367     2505    4912       1
    3719     2504    4369       1
    4913     2506    3716       1
    4806     2508    4362       1
    3721     2507    4807       1
    4364     2509    3718       1
    4930     2511    4931       1
    3723     2510    4932       1
    4933     2512    3726       1
    4371     2514    4934       1
    3725     2513    4373       1
    4935     2515    3722       1
    4936     2517    4378       1
    3727     2516    4937       1
    4380     2518    3724       1
    4938     2520    4939       1
    3729     2519    4940       1
    4941     2521    3732       1
    4375     2523    4942       1
    3731     2522    4377       1
    4943     2524    3728       1
    4944     2526    4370       1
    3733     2525    4945       1
    4372     2527    3730       1
    4946     2529    4947       1
    3735     2528    4948       1
    4949     2530    3738       1
    4379     2532    4950       1
    3737     2531    4381       1
    4951     2533    3734       1
    4952     2535    4374       1
    3739     2534    4953       1
    4376     2536    3736       1
    4954     2538    4930       1
    3741     2537    4955       1
    4932     2539    3744       1
    4383     2541    4956       1
    3743     2540    4385       1
    4957     2542    3740       1
    4934     2544    4390       1
    3745     2543    4935       1
    4392     2545    3742       1
    4827     2547    4958       1
    3747     2546    4829       1
    4959     2548    3750       1
    4387     2550    4832       1
    3749     2549    4389       1
    4833     2551    3746       1
    4960     2553    4382       1
    3751     2552    4961       1
    4384     2554    3748       1
    4939     2556    4842       1
    3753     2555    4941       1
    4844     2557    3756       1
    4391     2559    4944       1
    3755     2558    4393       1
    4945     2560    3752       1
    4846     2562    4386       1
    3757     2561    4847       1
    4388     2563    3754       1
    4962     2565    4963       1
    3759     2564    4964       1
    4965     2566    3762       1
    4395     2568    4966       1
    3761     2567    4397       1
    4967     2569    3758       1
    4968     2571    4402       1
    3763     2570    4969       1
    4404     2572    3760       1
    4970     2574    4971       1
    3765     2573    4972       1
    4973     2575    3768       1
    4399     2577    4974       1
    3767     2576    4401       1
    4975     2578    3764       1
    4976     2580    4394       1
    3769     2579    4977       1
    4396     2581    3766       1
    4978     2583    4979       1
    3771     2582    4980       1
    4981     2584    3774       1
    4403     2586    4982       1
    3773     2585    4405       1
    4983     2587    3770       1
    4984     2589    4398       1
    3775     2588    4985       1
    4400     2590    3772       1
    4986     2592    4962       1
    3777     2591    4987       1
    4964     2593    3780       1
    4407     2595    4988       1
    3779     2594    4409       1
    4989     2596    3776       1
    4966     2598    4414       1
    3781     2597    4967       1
    4416     2599    3778       1
    4707     2601    4990       1
    3783     2600    4709       1
    4991     2602    3786       1
    4411     2604    4712       1
    3785     2603    4413       1
    4713     2605    3782       1
    4992     2607    4406       1
    3787     2606    4993       1
    4408     2608    3784       1
    4971     2610    4722       1
    3789     2609    4973       1
    4724     2611    3792       1
    4415     2613    4976       1
    3791     2612    4417       1
    4977     2614    3788       1
    4726     2616    4410       1
    3793     2615    4727       1
    4412     2617    3790       1
    4994     2619    4995       1
    3795     2618    4996       1
    4997     2620    3798       1
    4419     2622    4998       1
    3797     2621    4421       1
    4999     2623    3794       1
    5000     2625    4426       1
    3799     2624    5001       1
    4428     2626    3796       1
    4735     2628    5002       1
    3801     2627    4737       1
    5003     2629    3804       1
    4423     2631    4740       1
    3803     2630    4425       1
    4741     2632    3800       1
    5004     2634    4418       1
    3805     2633    5005       1
    4420     2635    3802       1
    5006     2637    4730       1
    3807     2636    5007       1
    4731     2638    3810       1
    4427     2640    5008       1
    3809     2639    4429       1
    5009     2641    3806       1
    4732     2643    4422       1
    3811     2642    4733       1
    4424     2644    3808       1
    5010     2646    4994       1
    3813     2645    5011       1
    4996     2647    3816       1
    4431     2649    5012       1
    3815     2648    4433       1
    5013     2650    3812       1
    4998     2652    4438       1
    3817     2651    4999       1
    4440     2653    3814       1
    5014     2655    5015       1
    3819     2654    5016       1
    5017     2656    3822       1
    4435     2658    5018       1
    3821     2657    4437       1
    5019     2659    3818       1
    5020     2661    4430       1
    3823     2660    5021       1
    4432     2662    3820       1
    5002     2664    5022       1
    3825     2663    5003       1
    5023     2665    3828       1
    4439     2667    5004       1
    3827     2666    4441       1
    5005     2668    3824       1
    5024     2670    4434       1
    3829     2669    5025       1
    4436     2671    3826       1
    4867     2673    5026       1
    3831     2672    4869       1
    5027     2674    3834       1
    4443     2676    4872       1
    3833     2675    4445       1
    4873     2677    3830       1
    5028     2679    4450       1
    3835     2678    5029       1
    4452     2680    3832       1
    5015     2682    4882       1
    3837     2681    5017       1
    4884     2683    3840       1
    4447     2685    5020       1
    3839     2684    4449       1
    5021     2686    3836       1
    4886     2688    4442       1
    3841     2687    4887       1
    4444     2689    3838       1
    5030     2691    5010       1
    3843     2690    5031       1
    5011     2692    3846       1
    4451     2694    5032       1
    3845     2693    4453       1
    5033     2695    3842       1
    5012     2697    4446       1
    3847     2696    5013       1
    4448     2698    3844       1
    4995     2700    5034       1
    3849     2699    4997       1
    5035     2701    3852       1
    4455     2703    5000       1
    3851     2702    4457       1
    5001     2704    3848       1
    5036     2706    4462       1
    3853     2705    5037       1
    4464     2707    3850       1
    4990     2709    5006       1
    3855     2708    4991       1
    5007     2710    3858       1
    4459     2712    4992       1
    3857     2711    4461       1
    4993     2713    3854       1
    5008     2715    4454       1
    3859     2714    5009       1
    4456     2716    3856       1
    5038     2718    4986       1
    3861     2717    5039       1
    4987     2719    3864       1
    4463     2721    5040       1
    3863     2720    4465       1
    5041     2722    3860       1
    4988     2724    4458       1
    3865     2723    4989       1
    4460     2725    3862       1
    5042     2727    5043       1
    3867     2726    5044       1
    5045     2728    3870       1
    4467     2730    5046       1
    3869     2729    4469       1
    5047     2731    3866       1
    5048     2733    4474       1
    3871     2732    5049       1
    4476     2734    3868       1
    4775     2736    5050       1
    3873     2735    4777       1
    5051     2737    3876       1
    4471     2739    4780       1
    3875     2738    4473       1
    4781     2740    3872       1
    5052     2742    4466       1
    3877     2741    5053       1
    4468     2743    3874       1
    5054     2745    4770       1
    3879     2744    5055       1
    4771     2746    3882       1
    4475     2748    5056       1
    3881     2747    4477       1
    5057     2749    3878       1
    4772     2751    4470       1
    3883     2750    4773       1
    4472     2752    3880       1
    5058     2754    5042       1
    3885     2753    5059       1
    5044     2755    3888       1
    4479     2757    5060       1
    3887     2756    4481       1
    5061     2758    3884       1
    5046     2760    4486       1
    3889     2759    5047       1
    4488     2761    3886       1
    5062     2763    5063       1
    3891     2762    5064       1
    5065     2764    3894       1
    4483     2766    5066       1
    3893     2765    4485       1
    5067     2767    3890       1
    5068     2769    4478       1
    3895     2768    5069       1
    4480     2770    3892       1
    5050     2772    5070       1
    3897     2771    5051       1
    5071     2773    3900       1
    4487     2775    5052       1
    3899     2774    4489       1
    5053     2776    3896       1
    5072     2778    4482       1
    3901     2777    5073       1
    4484     2779    3898       1
    4899     2781    5074       1
    3903     2780    4901       1
    5075     2782    3906       1
    4491     2784    4904       1
    3905     2783    4493       1
    4905     2785    3902       1
    5076     2787    4498       1
    3907     2786    5077       1
    4500     2788    3904       1
    5063     2790    4914       1
    3909     2789    5065       1
    4916     2791    3912       1
    4495     2793    5068       1
    3911     2792    4497       1
    5069     2794    3908       1
    4918     2796    4490       1
    3913     2795    4919       1
    4492     2797    3910       1
    5078     2799    5058       1
    3915     2798    5079       1
    5059     2800    3918       1
    4499     2802    5080       1
    3917     2801    4501       1
    5081     2803    3914       1
    5060     2805    4494       1
    3919     2804    5061       1
    4496     2806    3916       1
    5043     2808    5082       1
    3921     2807    5045       1
    5083     2809    3924       1
    4503     2811    5048       1
    3923     2810    4505       1
    5049     2812    3920       1
    5084     2814    4510       1
    3925     2813    5085       1
    4512     2815    3922       1
    4894     2817    5054       1
    3927     2816    4895       1
    5055     2818    3930       1
    4507     2820    4896       1
    3929     2819    4509       1
    4897     2821    3926       1
    5056     2823    4502       1
    3931     2822    5057       1
    4504     2824    3928       1
    5086     2826    4890       1
    3933     2825    5087       1
    4891     2827    3936       1
    4511     2829    5088       1
    3935     2828    4513       1
    5089     2830    3932       1
    4892     2832    4506       1
    3937     2831    4893       1
    4508     2833    3934       1
    5090     2835    5091       1
    3939     2834    5092       1
    5093     2836    3942       1
    4515     2838    5094       1
    3941     2837    4517       1
    5095     2839    3938       1
    5096     2841    4522       1
    3943     2840    5097       1
    4524     2842    3940       1
    4815     2844    5098       1
    3945     2843    4817       1
    5099     2845    3948       1
    4519     2847    4820       1
    3947     2846    4521       1
    4821     2848    3944       1
    5100     2850    4514       1
    3949     2849    5101       1
    4516     2851    3946       1
    5102     2853    4810       1
    3951     2852    5103       1
    4811     2854    3954       1
    4523     2856    5104       1
    3953     2855    4525       1
    5105     2857    3950       1
    4812     2859    4518       1
    3955     2858    4813       1
    4520     2860    3952       1
    5106     2862    5090       1
    3957     2861    5107       1
    5092     2863    3960       1
    4527     2865    5108       1
    3959     2864    4529       1
    5109     2866    3956       1
    5094     2868    4534       1
    3961     2867    5095       1
    4536     2869    3958       1
    5110     2871    5111       1
    3963     2870    5112       1
    5113     2872    3966       1
    4531     2874    5114       1
    3965     2873    4533       1
    5115     2875    3962       1
    5116     2877    4526       1
    3967     2876    5117       1
    4528     2878    3964       1
    5098     2880    5118       1
    3969     2879    5099       1
    5119     2881    3972       1
    4535     2883    5100       1
    3971     2882    4537       1
    5101     2884    3968       1
    5120     2886    4530       1
    3973     2885    5121       1
    4532     2887    3970       1
    4931     2889    5122       1
    3975     2888    4933       1
    5123     2890    3978       1
    4539     2892    4936       1
    3977     2891    4541       1
    4937     2893    3974       1
    5124     2895    4546       1
    3979     2894    5125       1
    4548     2896    3976       1
    5111     2898    4946       1
    3981     2897    5113       1
    4948     2899    3984       1
    4543     2901    5116       1
    3983     2900    4545       1
    5117     2902    3980       1
    4950     2904    4538       1
    3985     2903    4951       1
    4540     2905    3982       1
    5126     2907    5106       1
    3987     2906    5127       1
    5107     2908    3990       1
    4547     2910    5128       1
    3989     2909    4549       1
    5129     2911    3986       1
    5108     2913    4542       1
    3991     2912    5109       1
    4544     2914    3988       1
    5091     2916    5130       1
    3993     2915    5093       1
    5131     2917    3996       1
    4551     2919    5096       1
    3995     2918    4553       1
    5097     2920    3992       1
    5132     2922    4558       1
    3997     2921    5133       1
    4560     2923    3994       1
    4926     2925    5102       1
    3999     2924    4927       1
    5103     2926    4002       1
    4555     2928    4928       1
    4001     2927    4557       1
    4929     2929    3998       1
    5104     2931    4550       1
    4003     2930    5105       1
    4552     2932    4000       1
    5134     2934    4922       1
    4005     2933    5135       1
    4923     2935    4008       1
    4559     2937    5136       1
    4007     2936    4561       1
    5137     2938    4004       1
    4924     2940    4554       1
    4009     2939    4925       1
    4556     2941    4006       1
    5138     2943    5139       1
    4011     2942    5140       1
    5141     2944    4014       1
    4563     2946    5142       1
    4013     2945    4565       1
    5143     2947    4010       1
    5144     2949    4570       1
    4015     2948    5145       1
    4572     2950    4012       1
    4855     2952    5146       1
    4017     2951    4857       1
    5147     2953    4020       1
    4567     2955    4860       1
    4019     2954    4569       1
    4861     2956    4016       1
    5148     2958    4562       1
    4021     2957    5149       1
    4564     2959    4018       1
    5150     2961    4850       1
    4023     2960    5151       1
    4851     2962    4026       1
    4571     2964    5152       1
    4025     2963    4573       1
    5153     2965    4022       1
    4852     2967    4566       1
    4027     2966    4853       1
    4568     2968    4024       1
    5154     2970    5138       1
    4029     2969    5155       1
    5140     2971    4032       1
    4575     2973    5156       1
    4031     2972    4577       1
    5157     2974    4028       1
    5142     2976    4582       1
    4033     2975    5143       1
    4584     2977    4030       1
    5158     2979    5159       1
    4035     2978    5160       1
    5161     2980    4038       1
    4579     2982    5162       1
    4037     2981    4581       1
    5163     2983    4034       1
    5164     2985    4574       1
    4039     2984    5165       1
    4576     2986    4036       1
    5146     2988    5166       1
    4041     2987    5147       1
    5167     2989    4044       1
    4583     2991    5148       1
    4043     2990    4585       1
    5149     2992    4040       1
    5168     2994    4578       1
    4045     2993    5169       1
    4580     2995    4042       1
    4963     2997    5170       1
    4047     2996    4965       1
    5171     2998    4050       1
    4587     3000    4968       1
    4049     2999    4589       1
    4969     3001    4046       1
    5172     3003    4594       1
    4051     3002    5173       1
    4596     3004    4048       1
    5159     3006    4978       1
    4053     3005    5161       1
    4980     3007    4056       1
    4591     3009    5164       1
    4055     3008    4593       1
    5165     3010    4052       1
    4982     3012    4586       1
    4057     3011    4983       1
    4588     3013    4054       1
    5174     3015    5154       1
    4059     3014    5175       1
    5155     3016    4062       1
    4595     3018    5176       1
    4061     3017    4597       1
    5177     3019    4058       1
    5156     3021    4590       1
    4063     3020    5157       1
    4592     3022    4060       1
    5139     3024    5178       1
    4065     3023    5141       1
    5179     3025    4068       1
    4599     3027    5144       1
    4067     3026    4601       1
    5145     3028    4064       1
    5180     3030    4606       1
    4069     3029    5181       1
    4608     3031    4066       1
    4958     3033    5150       1
    4071     3032    4959       1
    5151     3034    4074       1
    4603     3036    4960       1
    4073     3035    4605       1
    4961     3037    4070       1
    5152     3039    4598       1
    4075     3038    5153       1
    4600     3040    4072       1
    5182     3042    4954       1
    4077     3041    5183       1
    4955     3043    4080       1
    4607     3045    5184       1
    4079     3044    4609       1
    5185     3046    4076       1
    4956     3048    4602       1
    4081     3047    4957       1
    4604     3049    4078       1
    5186     3051    5187       1
    4083     3050    5188       1
    5189     3052    4086       1
    4611     3054    5190       1
    4085     3053    4613       1
    5191     3055    4082       1
    5192     3057    4618       1
    4087     3056    5193       1
    4620     3058    4084       1
    5034     3060    5194       1
    4089     3059    5035       1
    5195     3061    4092       1
    4615     3063    5036       1
    4091     3062    4617       1
    5037     3064    4088       1
    5196     3066    4610       1
    4093     3065    5197       1
    4612     3067    4090       1
    5198     3069    5038       1
    4095     3068    5199       1
    5039     3070    4098       1
    4619     3072    5200       1
    4097     3071    4621       1
    5201     3073    4094       1
    5040     3075    4614       1
    4099     3074    5041       1
    4616     3076    4096       1
    5202     3078    5186       1
    4101     3077    5203       1
    5188     3079    4104       1
    4623     3081    5204       1
    4103     3080    4625       1
    5205     3082    4100       1
    5190     3084    4630       1
    4105     3083    5191       1
    4632     3085    4102       1
    5026     3087    5206       1
    4107     3086    5027       1
    5207     3088    4110       1
    4627     3090    5028       1
    4109     3089    4629       1
    5029     3091    4106       1
    5208     3093    4622       1
    4111     3092    5209       1
    4624     3094    4108       1
    5194     3096    5030       1
    4113     3095    5195       1
    5031     3097    4116       1
    4631     3099    5196       1
    4115     3098    4633       1
    5197     3100    4112       1
    5032     3102    4626       1
    4117     3101    5033       1
    4628     3103    4114       1
    5082     3105    5210       1
    4119     3104    5083       1
    5211     3106    4122       1
    4635     3108    5084       1
    4121     3107    4637       1
    5085     3109    4118       1
    5212     3111    4642       1
    4123     3110    5213       1
    4644     3112    4120       1
    5206     3114    5086       1
    4125     3113    5207       1
    5087     3115    4128       1
    4639     3117    5208       1
    4127     3116    4641       1
    5209     3118    4124       1
    5088     3120    4634       1
    4129     3119    5089       1
    4636     3121    4126       1
    5214     3123    5202       1
    4131     3122    5215       1
    5203     3124    4134       1
    4643     3126    5216       1
    4133     3125    4645       1
    5217     3127    4130       1
    5204     3129    4638       1
    4135     3128    5205       1
    4640     3130    4132       1
    5187     3132    5218       1
    4137     3131    5189       1
    5219     3133    4140       1
    4647     3135    5192       1
    4139     3134    4649       1
    5193     3136    4136       1
    5220     3138    4654       1
    4141     3137    5221       1
    4656     3139    4138       1
    5170     3141    5198       1
    4143     3140    5171       1
    5199     3142    4146       1
    4651     3144    5172       1
    4145     3143    4653       1
    5173     3145    4142       1
    5200     3147    4646       1
    4147     3146    5201       1
    4648     3148    4144       1
    5222     3150    5174       1
    4149     3149    5223       1
    5175     3151    4152       1
    4655     3153    5224       1
    4151     3152    4657       1
    5225     3154    4148       1
    5176     3156    4650       1
    4153     3155    5177       1
    4652     3157    4150       1
    5218     3159    5226       1
    4155     3158    5219       1
    5227     3160    4158       1
    4659     3162    5220       1
    4157     3161    4661       1
    5221     3163    4154       1
    5228     3165    4666       1
    4159     3164    5229       1
    4668     3166    4156       1
    5178     3168    5222       1
    4161     3167    5179       1
    5223     3169    4164       1
    4663     3171    5180       1
    4163     3170    4665       1
    5181     3172    4160       1
    5224     3174    4658       1
    4165     3173    5225       1
    4660     3175    4162       1
    5230     3177    5182       1
    4167     3176    5231       1
    5183     3178    4170       1
    4667     3180    5232       1
    4169     3179    4669       1
    5233     3181    4166       1
    5184     3183    4662       1
    4171     3182    5185       1
    4664     3184    4168       1
    5226     3186    5234       1
    4173     3185    5227       1
    5235     3187    4176       1
    4671     3189    5228       1
    4175     3188    4673       1
    5229     3190    4172       1
    5236     3192    4678       1
    4177     3191    5237       1
    4680     3193    4174       1
    5122     3195    5230       1
    4179     3194    5123       1
    5231     3196    4182       1
    4675     3198    5124       1
    4181     3197    4677       1
    5125     3199    4178       1
    5232     3201    4670       1
    4183     3200    5233       1
    4672     3202    4180       1
    5238     3204    5126       1
    4185     3203    5239       1
    5127     3205    4188       1
    4679     3207    5240       1
    4187     3206    4681       1
    5241     3208    4184       1
    5128     3210    4674       1
    4189     3209    5129       1
    4676     3211    4186       1
    5234     3213    5242       1
    4191     3212    5235       1
    5243     3214    4194       1
    4683     3216    5236       1
    4193     3215    4685       1
    5237     3217    4190       1
    5244     3219    4690       1
    4195     3218    5245       1
    4692     3220    4192       1
    5130     3222    5238       1
    4197     3221    5131       1
    5239     3223    4200       1
    4687     3225    5132       1
    4199     3224    4689       1
    5133     3226    4196       1
    5240     3228    4682       1
    4201     3227    5241       1
    4684     3229    4198       1
    5246     3231    5134       1
    4203     3230    5247       1
    5135     3232    4206       1
    4691     3234    5248       1
    4205     3233    4693       1
    5249     3235    4202       1
    5136     3237    4686       1
    4207     3236    5137       1
    4688     3238    4204       1
    5210     3240    5078       1
    4209     3239    5211       1
    5079     3241    4212       1
    4695     3243    5212       1
    4211     3242    4697       1
    5213     3244    4208       1
    5080     3246    4702       1
    4213     3245    5081       1
    4704     3247    4210       1
    5242     3249    5214       1
    4215     3248    5243       1
    5215     3250    4218       1
    4699     3252    5244       1
    4217     3251    4701       1
    5245     3253    4214       1
    5216     3255    4694       1
    4219     3254    5217       1
    4696     3256    4216       1
    5074     3258    5246       1
    4221     3257    5075       1
    5247     3259    4224       1
    4703     3261    5076       1
    4223     3260    4705       1
    5077     3262    4220       1
    5248     3264    4698       1
    4225     3263    5249       1
    4700     3265    4222       1
     354     1346    1347       1
     356     1348    1346       1
     355     1347    1348       1
     357     1349    1350       1
     359     1351    1349       1
     358     1350    1351       1
     360     1352    1353       1
     362     1354    1352       1
     361     1353    1354       1
     363     1355    1356       1
     365     1357    1355       1
     364     1356    1357       1
     366     1358    1359       1
     368     1360    1358       1
     367     1359    1360       1
     369     1361    1362       1
     371     1363    1361       1
     370     1362    1363       1
     372     1364    1365       1
     374     1366    1364       1
     373     1365    1366       1
     375     1367    1368       1
     377     1369    1367       1
     376     1368    1369       1
     378     1370    1371       1
     380     1372    1370       1
     379     1371    1372       1
     381     1373    1374       1
     383     1375    1373       1
     382     1374    1375       1
     384     1376    1377       1
     386     1378    1376       1
     385     1377    1378       1
     387     1379    1380       1
     389     1381    1379       1
     388     1380    1381       1
     390     1382    1383       1
     392     1384    1382       1
     391     1383    1384       1
     393     1385    1386       1
     395     1387    1385       1
     394     1386    1387       1
     396     1388    1389       1
     398     1390    1388       1
     397     1389    1390       1
     399     1391    1392       1
     401     1393    1391       1
     400     1392    1393       1
     402     1394    1395       1
     404     1396    1394       1
     403     1395    1396       1
     405     1397    1398       1
     407     1399    1397       1
     406     1398    1399       1
     408     1400    1401       1
     410     1402    1400       1
     409     1401    1402       1
     411     1403    1404       1
     413     1405    1403       1
     412     1404    1405       1
     414     1406    1407       1
     416     1408    1406       1
     415     1407    1408       1
     417     1409    1410       1
     419     1411    1409       1
     418     1410    1411       1
     420     1412    1413       1
     422     1414    1412       1
     421     1413    1414       1
     423     1415    1416       1
     425     1417    1415       1
     424     1416    1417       1
     426     1418    1419       1
     428     1420    1418       1
     427     1419    1420       1
     429     1421    1422       1
     431     1423    1421       1
     430     1422    1423       1
     432     1424    1425       1
     434     1426    1424       1
     433     1425    1426       1
     435     1427    1428       1
     437     1429    1427       1
     436     1428    1429       1
     438     1430    1431       1
     440     1432    1430       1
     439     1431    1432       1
     441     1433    1434       1
     443     1435    1433       1
     442     1434    1435       1
     444     1436    1437       1
     446     1438    1436       1
     445     1437    1438       1
     447     1439    1440       1
     449     1441    1439       1
     448     1440    1441       1
     450     1442    1443       1
     452     1444    1442       1
     451     1443    1444       1
     453     1445    1446       1
     455     1447    1445       1
     454     1446    1447       1
     456     1448    1449       1
     458     1450    1448       1
     457     1449    1450       1
     459     1451    1452       1
     461     1453    1451       1
     460     1452    1453       1
     462     1454    1455       1
     464     1456    1454       1
     463     1455    1456       1
     465     1457    1458       1
     467     1459    1457       1
     466     1458    1459       1
     468     1460    1461       1
     470     1462    1460       1
     469     1461    1462       1
     471     1463    1464       1
     473     1465    1463       1
     472     1464    1465       1
     474     1466    1467       1
     476     1468    1466       1
     475     1467    1468       1
     477     1469    1470       1
     479     1471    1469       1
     478     1470    1471       1
     480     1472    1473       1
     482     1474    1472       1
     481     1473    1474       1
     483     1475    1476       1
     485     1477    1475       1
     484     1476    1477       1
     486     1478    1479       1
     488     1480    1478       1
     487     1479    1480       1
     489     1481    1482       1
     491     1483    1481       1
     490     1482    1483       1
     492     1484    1485       1
     494     1486    1484       1
     493     1485    1486       1
     495     1487    1488       1
     497     1489    1487       1
     496     1488    1489       1
     498     1490    1491       1
     500     1492    1490       1
     499     1491    1492       1
     501     1493    1494       1
     503     1495    1493       1
     502     1494    1495       1
     504     1496    1497       1
     506     1498    1496       1
     505     1497    1498       1
     507     1499    1500       1
     509     1501    1499       1
     508     1500    1501       1
     510     1502    1503       1
     512     1504    1502       1
     511     1503    1504       1
     513     1505    1506       1
     515     1507    1505       1
     514     1506    1507       1
     516     1508    1509       1
     518     1510    1508       1
     517     1509    1510       1
     519     1511    1512       1
     521     1513    1511       1
     520     1512    1513       1
     522     1514    1515       1
     524     1516    1514       1
     523     1515    1516       1
     525     1517    1518       1
     527     1519    1517       1
     526     1518    1519       1
     528     1520    1521       1
     530     1522    1520       1
     529     1521    1522       1
     531     1523    1524       1
     533     1525    1523       1
     532     1524    1525       1
     534     1526    1527       1
     536     1528    1526       1
     535     1527    1528       1
     537     1529    1530       1
     539     1531    1529       1
     538     1530    1531       1
     540     1532    1533       1
     542     1534    1532       1
     541     1533    1534       1
     543     1535    1536       1
     545     1537    1535       1
     544     1536    1537       1
     546     1538    1539       1
     548     1540    1538       1
     547     1539    1540       1
     549     1541    1542       1
     551     1543    1541       1
     550     1542    1543       1
     552     1544    1545       1
     554     1546    1544       1
     553     1545    1546       1
     555     1547    1548       1
     557     1549    1547       1
     556     1548    1549       1
     558     1550    1551       1
     560     1552    1550       1
     559     1551    1552       1
     561     1553    1554       1
     563     1555    1553       1
     562     1554    1555       1
     564     1556    1557       1
     566     1558    1556       1
     565     1557    1558       1
     567     1559    1560       1
     569     1561    1559       1
     568     1560    1561       1
     570     1562    1563       1
     572     1564    1562       1
     571     1563    1564       1
     573     1565    1566       1
     575     1567    1565       1
     574     1566    1567       1
     576     1568    1569       1
     578     1570    1568       1
     577     1569    1570       1
     579     1571    1572       1
     581     1573    1571       1
     580     1572    1573       1
     582     1574    1575       1
     584     1576    1574       1
     583     1575    1576       1
     585     1577    1578       1
     587     1579    1577       1
     586     1578    1579       1
     588     1580    1581       1
     590     1582    1580       1
     589     1581    1582       1
     591     1583    1584       1
     593     1585    1583       1
     592     1584    1585       1
     594     1586    1587       1
     596     1588    1586       1
     595     1587    1588       1
     597     1589    1590       1
     599     1591    1589       1
     598     1590    1591       1
     600     1592    1593       1
     602     1594    1592       1
     601     1593    1594       1
     603     1595    1596       1
     605     1597    1595       1
     604     1596    1597       1
     606     1598    1599       1
     608     1600    1598       1
     607     1599    1600       1
     609     1601    1602       1
     611     1603    1601       1
     610     1602    1603       1
     612     1604    1605       1
     614     1606    1604       1
     613     1605    1606       1
     615     1607    1608       1
     617     1609    1607       1
     616     1608    1609       1
     618     1610    1611       1
     620     1612    1610       1
     619     1611    1612       1
     621     1613    1614       1
     623     1615    1613       1
     622     1614    1615       1
     624     1616    1617       1
     626     1618    1616       1
     625     1617    1618       1
     627     1619    1620       1
     629     1621    1619       1
     628     1620    1621       1
     630     1622    1623       1
     632     1624    1622       1
     631     1623    1624       1
     633     1625    1626       1
     635     1627    1625       1
     634     1626    1627       1
     636     1628    1629       1
     638     1630    1628       1
     637     1629    1630       1
     639     1631    1632       1
     641     1633    1631       1
     640     1632    1633       1
     642     1634    1635       1
     644     1636    1634       1
     643     1635    1636       1
     645     1637    1638       1
     647     1639    1637       1
     646     1638    1639       1
     648     1640    1641       1
     650     1642    1640       1
     649     1641    1642       1
     651     1643    1644       1
     653     1645    1643       1
     652     1644    1645       1
     654     1646    1647       1
     656     1648    1646       1
     655     1647    1648       1
     657     1649    1650       1
     659     1651    1649       1
     658     1650    1651       1
     660     1652    1653       1
     662     1654    1652       1
     661     1653    1654       1
     663     1655    1656       1
     665     1657    1655       1
     664     1656    1657       1
     666     1658    1659       1
     668     1660    1658       1
     667     1659    1660       1
     669     1661    1662       1
     671     1663    1661       1
     670     1662    1663       1
     672     1664    1665       1
     674     1666    1664       1
     673     1665    1666       1
     675     1667    1668       1
     677     1669    1667       1
     676     1668    1669       1
     678     1670    1671       1
     680     1672    1670       1
     679     1671    1672       1
     681     1673    1674       1
     683     1675    1673       1
     682     1674    1675       1
     684     1676    1677       1
     686     1678    1676       1
     685     1677    1678       1
     687     1679    1680       1
     689     1681    1679       1
     688     1680    1681       1
     690     1682    1683       1
     692     1684    1682       1
     691     1683    1684       1
     693     1685    1686       1
     695     1687    1685       1
     694     1686    1687       1
     696     1688    1689       1
     698     1690    1688       1
     697     1689    1690       1
     699     1691    1692       1
     701     1693    1691       1
     700     1692    1693       1
     702     1694    1695       1
     704     1696    1694       1
     703     1695    1696       1
     705     1697    1698       1
     707     1699    1697       1
     706     1698    1699       1
     708     1700    1701       1
     710     1702    1700       1
     709     1701    1702       1
     711     1703    1704       1
     713     1705    1703       1
     712     1704    1705       1
     714     1706    1707       1
     716     1708    1706       1
     715     1707    1708       1
     717     1709    1710       1
     719     1711    1709       1
     718     1710    1711       1
     720     1712    1713       1
     722     1714    1712       1
     721     1713    1714       1
     723     1715    1716       1
     725     1717    1715       1
     724     1716    1717       1
     726     1718    1719       1
     728     1720    1718       1
     727     1719    1720       1
     729     1721    1722       1
     731     1723    1721       1
     730     1722    1723       1
     732     1724    1725       1
     734     1726    1724       1
     733     1725    1726       1
     735     1727    1728       1
     737     1729    1727       1
     736     1728    1729       1
     738     1730    1731       1
     740     1732    1730       1
     739     1731    1732       1
     741     1733    1734       1
     743     1735    1733       1
     742     1734    1735       1
     744     1736    1737       1
     746     1738    1736       1
     745     1737    1738       1
     747     1739    1740       1
     749     1741    1739       1
     748     1740    1741       1
     750     1742    1743       1
     752     1744    1742       1
     751     1743    1744       1
     753     1745    1746       1
     755     1747    1745       1
     754     1746    1747       1
     756     1748    1749       1
     758     1750    1748       1
     757     1749    1750       1
     759     1751    1752       1
     761     1753    1751       1
     760     1752    1753       1
     762     1754    1755       1
     764     1756    1754       1
     763     1755    1756       1
     765     1757    1758       1
     767     1759    1757       1
     766     1758    1759       1
     768     1760    1761       1
     770     1762    1760       1
     769     1761    1762       1
     771     1763    1764       1
     773     1765    1763       1
     772     1764    1765       1
     774     1766    1767       1
     776     1768    1766       1
     775     1767    1768       1
     777     1769    1770       1
     779     1771    1769       1
     778     1770    1771       1
     780     1772    1773       1
     782     1774    1772       1
     781     1773    1774       1
     783     1775    1776       1
     785     1777    1775       1
     784     1776    1777       1
     786     1778    1779       1
     788     1780    1778       1
     787     1779    1780       1
     789     1781    1782       1
     791     1783    1781       1
     790     1782    1783       1
     792     1784    1785       1
     794     1786    1784       1
     793     1785    1786       1
     795     1787    1788       1
     797     1789    1787       1
     796     1788    1789       1
     798     1790    1791       1
     800     1792    1790       1
     799     1791    1792       1
     801     1793    1794       1
     803     1795    1793       1
     802     1794    1795       1
     804     1796    1797       1
     806     1798    1796       1
     805     1797    1798       1
     807     1799    1800       1
     809     1801    1799       1
     808     1800    1801       1
     810     1802    1803       1
     812     1804    1802       1
     811     1803    1804       1
     813     1805    1806       1
     815     1807    1805       1
     814     1806    1807       1
     816     1808    1809       1
     818     1810    1808       1
     817     1809    1810       1
     819     1811    1812       1
     821     1813    1811       1
     820     1812    1813       1
     822     1814    1815       1
     824     1816    1814       1
     823     1815    1816       1
     825     1817    1818       1
     827     1819    1817       1
     826     1818    1819       1
     828     1820    1821       1
     830     1822    1820       1
     829     1821    1822       1
     831     1823    1824       1
     833     1825    1823       1
     832     1824    1825       1
     834     1826    1827       1
     355     1828    1826       1
     835     1827    1828       1
     836     1829    1830       1
     354     1831    1829       1
     837     1830    1831       1
     838     1832    1833       1
     356     1834    1832       1
     839     1833    1834       1
     840     1835    1836       1
     358     1837    1835       1
     841     1836    1837       1
     842     1838    1839       1
     357     1840    1838       1
     843     1839    1840       1
     844     1841    1842       1
     359     1843    1841       1
     845     1842    1843       1
     846     1844    1845       1
     361     1846    1844       1
     847     1845    1846       1
     848     1847    1848       1
     360     1849    1847       1
     849     1848    1849       1
     850     1850    1851       1
     362     1852    1850       1
     851     1851    1852       1
     852     1853    1854       1
     364     1855    1853       1
     853     1854    1855       1
     854     1856    1857       1
     363     1858    1856       1
     855     1857    1858       1
     856     1859    1860       1
     365     1861    1859       1
     857     1860    1861       1
     858     1862    1863       1
     367     1864    1862       1
     859     1863    1864       1
     860     1865    1866       1
     366     1867    1865       1
     861     1866    1867       1
     862     1868    1869       1
     368     1870    1868       1
     863     1869    1870       1
     864     1871    1872       1
     370     1873    1871       1
     865     1872    1873       1
     866     1874    1875       1
     369     1876    1874       1
     867     1875    1876       1
     868     1877    1878       1
     371     1879    1877       1
     869     1878    1879       1
     870     1880    1881       1
     373     1882    1880       1
     871     1881    1882       1
     872     1883    1884       1
     372     1885    1883       1
     873     1884    1885       1
     874     1886    1887       1
     374     1888    1886       1
     875     1887    1888       1
     876     1889    1890       1
     376     1891    1889       1
     877     1890    1891       1
     878     1892    1893       1
     375     1894    1892       1
     879     1893    1894       1
     880     1895    1896       1
     377     1897    1895       1
     881     1896    1897       1
     882     1898    1899       1
     379     1900    1898       1
     883     1899    1900       1
     884     1901    1902       1
     378     1903    1901       1
     885     1902    1903       1
     886     1904    1905       1
     380     1906    1904       1
     887     1905    1906       1
     888     1907    1908       1
     382     1909    1907       1
     889     1908    1909       1
     890     1910    1911       1
     381     1912    1910       1
     891     1911    1912       1
     892     1913    1914       1
     383     1915    1913       1
     893     1914    1915       1
     894     1916    1917       1
     385     1918    1916       1
     895     1917    1918       1
     896     1919    1920       1
     384     1921    1919       1
     897     1920    1921       1
     898     1922    1923       1
     386     1924    1922       1
     899     1923    1924       1
     900     1925    1926       1
     388     1927    1925       1
     901     1926    1927       1
     902     1928    1929       1
     387     1930    1928       1
     903     1929    1930       1
     904     1931    1932       1
     389     1933    1931       1
     905     1932    1933       1
     906     1934    1935       1
     391     1936    1934       1
     907     1935    1936       1
     908     1937    1938       1
     390     1939    1937       1
     909     1938    1939       1
     910     1940    1941       1
     392     1942    1940       1
     911     1941    1942       1
     912     1943    1944       1
     394     1945    1943       1
     913     1944    1945       1
     914     1946    1947       1
     393     1948    1946       1
     915     1947    1948       1
     916     1949    1950       1
     395     1951    1949       1
     917     1950    1951       1
     918     1952    1953       1
     397     1954    1952       1
     919     1953    1954       1
     920     1955    1956       1
     396     1957    1955       1
     921     1956    1957       1
     922     1958    1959       1
     398     1960    1958       1
     923     1959    1960       1
     924     1961    1962       1
     400     1963    1961       1
     925     1962    1963       1
     926     1964    1965       1
     399     1966    1964       1
     927     1965    1966       1
     928     1967    1968       1
     401     1969    1967       1
     929     1968    1969       1
     930     1970    1971       1
     403     1972    1970       1
     931     1971    1972       1
     932     1973    1974       1
     402     1975    1973       1
     933     1974    1975       1
     934     1976    1977       1
     404     1978    1976       1
     935     1977    1978       1
     936     1979    1980       1
     406     1981    1979       1
     937     1980    1981       1
     938     1982    1983       1
     405     1984    1982       1
     939     1983    1984       1
     940     1985    1986       1
     407     1987    1985       1
     941     1986    1987       1
     942     1988    1989       1
     409     1990    1988       1
     943     1989    1990       1
     944     1991    1992       1
     408     1993    1991       1
     945     1992    1993       1
     946     1994    1995       1
     410     1996    1994       1
     947     1995    1996       1
     948     1997    1998       1
     412     1999    1997       1
     949     1998    1999       1
     950     2000    2001       1
     411     2002    2000       1
     951     2001    2002       1
     952     2003    2004       1
     413     2005    2003       1
     953     2004    2005       1
     954     2006    2007       1
     415     2008    2006       1
     955     2007    2008       1
     956     2009    2010       1
     414     2011    2009       1
     957     2010    2011       1
     958     2012    2013       1
     416     2014    2012       1
     959     2013    2014       1
     960     2015    2016       1
     418     2017    2015       1
     961     2016    2017       1
     962     2018    2019       1
     417     2020    2018       1
     963     2019    2020       1
     964     2021    2022       1
     419     2023    2021       1
     965     2022    2023       1
     966     2024    2025       1
     421     2026    2024       1
     967     2025    2026       1
     968     2027    2028       1
     420     2029    2027       1
     969     2028    2029       1
     970     2030    2031       1
     422     2032    2030       1
     971     2031    2032       1
     972     2033    2034       1
     424     2035    2033       1
     973     2034    2035       1
     974     2036    2037       1
     423     2038    2036       1
     975     2037    2038       1
     976     2039    2040       1
     425     2041    2039       1
     977     2040    2041       1
     978     2042    2043       1
     427     2044    2042       1
     979     2043    2044       1
     980     2045    2046       1
     426     2047    2045       1
     981     2046    2047       1
     982     2048    2049       1
     428     2050    2048       1
     983     2049    2050       1
     984     2051    2052       1
     430     2053    2051       1
     985     2052    2053       1
     986     2054    2055       1
     429     2056    2054       1
     987     2055    2056       1
     988     2057    2058       1
     431     2059    2057       1
     989     2058    2059       1
     990     2060    2061       1
     433     2062    2060       1
     991     2061    2062       1
     992     2063    2064       1
     432     2065    2063       1
     993     2064    2065       1
     994     2066    2067       1
     434     2068    2066       1
     995     2067    2068       1
     996     2069    2070       1
     436     2071    2069       1
     997     2070    2071       1
     998     2072    2073       1
     435     2074    2072       1
     999     2073    2074       1
    1000     2075    2076       1
     437     2077    2075       1
    1001     2076    2077       1
    1002     2078    2079       1
     439     2080    2078       1
    1003     2079    2080       1
    1004     2081    2082       1
     438     2083    2081       1
    1005     2082    2083       1
    1006     2084    2085       1
     440     2086    2084       1
    1007     2085    2086       1
    1008     2087    2088       1
     442     2089    2087       1
    1009     2088    2089       1
    1010     2090    2091       1
     441     2092    2090       1
    1011     2091    2092       1
    1012     2093    2094       1
     443     2095    2093       1
    1013     2094    2095       1
    1014     2096    2097       1
     445     2098    2096       1
    1015     2097    2098       1
    1016     2099    2100       1
     444     2101    2099       1
    1017     2100    2101       1
    1018     2102    2103       1
     446     2104    2102       1
    1019     2103    2104       1
    1020     2105    2106       1
     448     2107    2105       1
    1021     2106    2107       1
    1022     2108    2109       1
     447     2110    2108       1
    1023     2109    2110       1
    1024     2111    2112       1
     449     2113    2111       1
    1025     2112    2113       1
    1026     2114    2115       1
     451     2116    2114       1
    1027     2115    2116       1
    1028     2117    2118       1
     450     2119    2117       1
    1029     2118    2119       1
    1030     2120    2121       1
     452     2122    2120       1
    1031     2121    2122       1
    1032     2123    2124       1
     454     2125    2123       1
    1033     2124    2125       1
    1034     2126    2127       1
     453     2128    2126       1
    1035     2127    2128       1
    1036     2129    2130       1
     455     2131    2129       1
    1037     2130    2131       1
    1038     2132    2133       1
     457     2134    2132       1
    1039     2133    2134       1
    1040     2135    2136       1
     456     2137    2135       1
    1041     2136    2137       1
    1042     2138    2139       1
     458     2140    2138       1
    1043     2139    2140       1
    1044     2141    2142       1
     460     2143    2141       1
    1045     2142    2143       1
    1046     2144    2145       1
     459     2146    2144       1
    1047     2145    2146       1
    1048     2147    2148       1
     461     2149    2147       1
    1049     2148    2149       1
    1050     2150    2151       1
     463     2152    2150       1
    1051     2151    2152       1
    1052     2153    2154       1
     462     2155    2153       1
    1053     2154    2155       1
    1054     2156    2157       1
     464     2158    2156       1
    1055     2157    2158       1
    1056     2159    2160       1
     466     2161    2159       1
    1057     2160    2161       1
    1058     2162    2163       1
     465     2164    2162       1
    1059     2163    2164       1
    1060     2165    2166       1
     467     2167    2165       1
    1061     2166    2167       1
    1062     2168    2169       1
     469     2170    2168       1
    1063     2169    2170       1
    1064     2171    2172       1
     468     2173    2171       1
    1065     2172    2173       1
    1066     2174    2175       1
     470     2176    2174       1
    1067     2175    2176       1
    1068     2177    2178       1
     472     2179    2177       1
    1069     2178    2179       1
    1070     2180    2181       1
     471     2182    2180       1
    1071     2181    2182       1
    1072     2183    2184       1
     473     2185    2183       1
    1073     2184    2185       1
    1074     2186    2187       1
     475     2188    2186       1
    1075     2187    2188       1
     835     2189    2190       1
     474     2191    2189       1
    1076     2190    2191       1
    1077     2192    2193       1
     476     2194    2192       1
     838     2193    2194       1
    1078     2195    2196       1
     478     2197    2195       1
    1079     2196    2197       1
     837     2198    2199       1
     477     2200    2198       1
    1080     2199    2200       1
    1081     2201    2202       1
     479     2203    2201       1
     834     2202    2203       1
    1082     2204    2205       1
     481     2206    2204       1
    1083     2205    2206       1
     839     2207    2208       1
     480     2209    2207       1
    1084     2208    2209       1
    1085     2210    2211       1
     482     2212    2210       1
     836     2211    2212       1
    1086     2213    2214       1
     484     2215    2213       1
    1074     2214    2215       1
     841     2216    2217       1
     483     2218    2216       1
    1087     2217    2218       1
    1076     2219    2220       1
     485     2221    2219       1
     844     2220    2221       1
    1088     2222    2223       1
     487     2224    2222       1
    1089     2223    2224       1
     843     2225    2226       1
     486     2227    2225       1
    1090     2226    2227       1
    1091     2228    2229       1
     488     2230    2228       1
     840     2229    2230       1
    1079     2231    2232       1
     490     2233    2231       1
    1092     2232    2233       1
     845     2234    2235       1
     489     2236    2234       1
    1081     2235    2236       1
    1093     2237    2238       1
     491     2239    2237       1
     842     2238    2239       1
    1094     2240    2241       1
     493     2242    2240       1
    1095     2241    2242       1
     847     2243    2244       1
     492     2245    2243       1
    1096     2244    2245       1
    1097     2246    2247       1
     494     2248    2246       1
     850     2247    2248       1
    1098     2249    2250       1
     496     2251    2249       1
    1099     2250    2251       1
     849     2252    2253       1
     495     2254    2252       1
    1100     2253    2254       1
    1101     2255    2256       1
     497     2257    2255       1
     846     2256    2257       1
    1102     2258    2259       1
     499     2260    2258       1
    1103     2259    2260       1
     851     2261    2262       1
     498     2263    2261       1
    1104     2262    2263       1
    1105     2264    2265       1
     500     2266    2264       1
     848     2265    2266       1
    1106     2267    2268       1
     502     2269    2267       1
    1094     2268    2269       1
     853     2270    2271       1
     501     2272    2270       1
    1107     2271    2272       1
    1096     2273    2274       1
     503     2275    2273       1
     856     2274    2275       1
    1108     2276    2277       1
     505     2278    2276       1
    1109     2277    2278       1
     855     2279    2280       1
     504     2281    2279       1
    1110     2280    2281       1
    1111     2282    2283       1
     506     2284    2282       1
     852     2283    2284       1
    1099     2285    2286       1
     508     2287    2285       1
    1112     2286    2287       1
     857     2288    2289       1
     507     2290    2288       1
    1101     2289    2290       1
    1113     2291    2292       1
     509     2293    2291       1
     854     2292    2293       1
    1114     2294    2295       1
     511     2296    2294       1
    1115     2295    2296       1
     859     2297    2298       1
     510     2299    2297       1
    1116     2298    2299       1
    1117     2300    2301       1
     512     2302    2300       1
     862     2301    2302       1
    1118     2303    2304       1
     514     2305    2303       1
    1119     2304    2305       1
     861     2306    2307       1
     513     2308    2306       1
    1120     2307    2308       1
    1121     2309    2310       1
     515     2311    2309       1
     858     2310    2311       1
    1122     2312    2313       1
     517     2314    2312       1
    1123     2313    2314       1
     863     2315    2316       1
     516     2317    2315       1
    1124     2316    2317       1
    1125     2318    2319       1
     518     2320    2318       1
     860     2319    2320       1
    1126     2321    2322       1
     520     2323    2321       1
    1114     2322    2323       1
     865     2324    2325       1
     519     2326    2324       1
    1127     2325    2326       1
    1116     2327    2328       1
     521     2329    2327       1
     868     2328    2329       1
    1128     2330    2331       1
     523     2332    2330       1
    1129     2331    2332       1
     867     2333    2334       1
     522     2335    2333       1
    1130     2334    2335       1
    1131     2336    2337       1
     524     2338    2336       1
     864     2337    2338       1
    1119     2339    2340       1
     526     2341    2339       1
    1132     2340    2341       1
     869     2342    2343       1
     525     2344    2342       1
    1121     2343    2344       1
    1133     2345    2346       1
     527     2347    2345       1
     866     2346    2347       1
    1134     2348    2349       1
     529     2350    2348       1
    1135     2349    2350       1
     871     2351    2352       1
     528     2353    2351       1
    1136     2352    2353       1
    1137     2354    2355       1
     530     2356    2354       1
     874     2355    2356       1
    1138     2357    2358       1
     532     2359    2357       1
    1139     2358    2359       1
     873     2360    2361       1
     531     2362    2360       1
    1140     2361    2362       1
    1141     2363    2364       1
     533     2365    2363       1
     870     2364    2365       1
    1142     2366    2367       1
     535     2368    2366       1
    1143     2367    2368       1
     875     2369    2370       1
     534     2371    2369       1
    1144     2370    2371       1
    1145     2372    2373       1
     536     2374    2372       1
     872     2373    2374       1
    1146     2375    2376       1
     538     2377    2375       1
    1134     2376    2377       1
     877     2378    2379       1
     537     2380    2378       1
    1147     2379    2380       1
    1136     2381    2382       1
     539     2383    2381       1
     880     2382    2383       1
    1148     2384    2385       1
     541     2386    2384       1
    1149     2385    2386       1
     879     2387    2388       1
     540     2389    2387       1
    1150     2388    2389       1
    1151     2390    2391       1
     542     2392    2390       1
     876     2391    2392       1
    1139     2393    2394       1
     544     2395    2393       1
    1152     2394    2395       1
     881     2396    2397       1
     543     2398    2396       1
    1141     2397    2398       1
    1153     2399    2400       1
     545     2401    2399       1
     878     2400    2401       1
    1154     2402    2403       1
     547     2404    2402       1
    1155     2403    2404       1
     883     2405    2406       1
     546     2407    2405       1
    1156     2406    2407       1
    1157     2408    2409       1
     548     2410    2408       1
     886     2409    2410       1
    1158     2411    2412       1
     550     2413    2411       1
    1159     2412    2413       1
     885     2414    2415       1
     549     2416    2414       1
    1160     2415    2416       1
    1161     2417    2418       1
     551     2419    2417       1
     882     2418    2419       1
    1162     2420    2421       1
     553     2422    2420       1
    1163     2421    2422       1
     887     2423    2424       1
     552     2425    2423       1
    1164     2424    2425       1
    1165     2426    2427       1
     554     2428    2426       1
     884     2427    2428       1
    1166     2429    2430       1
     556     2431    2429       1
    1154     2430    2431       1
     889     2432    2433       1
     555     2434    2432       1
    1167     2433    2434       1
    1156     2435    2436       1
     557     2437    2435       1
     892     2436    2437       1
    1095     2438    2439       1
     559     2440    2438       1
    1168     2439    2440       1
     891     2441    2442       1
     558     2443    2441       1
    1097     2442    2443       1
    1169     2444    2445       1
     560     2446    2444       1
     888     2445    2446       1
    1159     2447    2448       1
     562     2449    2447       1
    1102     2448    2449       1
     893     2450    2451       1
     561     2452    2450       1
    1161     2451    2452       1
    1104     2453    2454       1
     563     2455    2453       1
     890     2454    2455       1
    1170     2456    2457       1
     565     2458    2456       1
    1171     2457    2458       1
     895     2459    2460       1
     564     2461    2459       1
    1172     2460    2461       1
    1173     2462    2463       1
     566     2464    2462       1
     898     2463    2464       1
    1174     2465    2466       1
     568     2467    2465       1
    1175     2466    2467       1
     897     2468    2469       1
     567     2470    2468       1
    1176     2469    2470       1
    1177     2471    2472       1
     569     2473    2471       1
     894     2472    2473       1
    1178     2474    2475       1
     571     2476    2474       1
    1179     2475    2476       1
     899     2477    2478       1
     570     2479    2477       1
    1180     2478    2479       1
    1181     2480    2481       1
     572     2482    2480       1
     896     2481    2482       1
    1182     2483    2484       1
     574     2485    2483       1
    1170     2484    2485       1
     901     2486    2487       1
     573     2488    2486       1
    1183     2487    2488       1
    1172     2489    2490       1
     575     2491    2489       1
     904     2490    2491       1
    1115     2492    2493       1
     577     2494    2492       1
    1184     2493    2494       1
     903     2495    2496       1
     576     2497    2495       1
    1117     2496    2497       1
    1185     2498    2499       1
     578     2500    2498       1
     900     2499    2500       1
    1175     2501    2502       1
     580     2503    2501       1
    1122     2502    2503       1
     905     2504    2505       1
     579     2506    2504       1
    1177     2505    2506       1
    1124     2507    2508       1
     581     2509    2507       1
     902     2508    2509       1
    1186     2510    2511       1
     583     2512    2510       1
    1187     2511    2512       1
     907     2513    2514       1
     582     2515    2513       1
    1188     2514    2515       1
    1189     2516    2517       1
     584     2518    2516       1
     910     2517    2518       1
    1190     2519    2520       1
     586     2521    2519       1
    1191     2520    2521       1
     909     2522    2523       1
     585     2524    2522       1
    1192     2523    2524       1
    1193     2525    2526       1
     587     2527    2525       1
     906     2526    2527       1
    1194     2528    2529       1
     589     2530    2528       1
    1195     2529    2530       1
     911     2531    2532       1
     588     2533    2531       1
    1196     2532    2533       1
    1197     2534    2535       1
     590     2536    2534       1
     908     2535    2536       1
    1198     2537    2538       1
     592     2539    2537       1
    1186     2538    2539       1
     913     2540    2541       1
     591     2542    2540       1
    1199     2541    2542       1
    1188     2543    2544       1
     593     2545    2543       1
     916     2544    2545       1
    1135     2546    2547       1
     595     2548    2546       1
    1200     2547    2548       1
     915     2549    2550       1
     594     2551    2549       1
    1137     2550    2551       1
    1201     2552    2553       1
     596     2554    2552       1
     912     2553    2554       1
    1191     2555    2556       1
     598     2557    2555       1
    1142     2556    2557       1
     917     2558    2559       1
     597     2560    2558       1
    1193     2559    2560       1
    1144     2561    2562       1
     599     2563    2561       1
     914     2562    2563       1
    1202     2564    2565       1
     601     2566    2564       1
    1203     2565    2566       1
     919     2567    2568       1
     600     2569    2567       1
    1204     2568    2569       1
    1205     2570    2571       1
     602     2572    2570       1
     922     2571    2572       1
    1206     2573    2574       1
     604     2575    2573       1
    1207     2574    2575       1
     921     2576    2577       1
     603     2578    2576       1
    1208     2577    2578       1
    1209     2579    2580       1
     605     2581    2579       1
     918     2580    2581       1
    1210     2582    2583       1
     607     2584    2582       1
    1211     2583    2584       1
     923     2585    2586       1
     606     2587    2585       1
    1212     2586    2587       1
    1213     2588    2589       1
     608     2590    2588       1
     920     2589    2590       1
    1214     2591    2592       1
     610     2593    2591       1
    1202     2592    2593       1
     925     2594    2595       1
     609     2596    2594       1
    1215     2595    2596       1
    1204     2597    2598       1
     611     2599    2597       1
     928     2598    2599       1
    1075     2600    2601       1
     613     2602    2600       1
    1216     2601    2602       1
     927     2603    2604       1
     612     2605    2603       1
    1077     2604    2605       1
    1217     2606    2607       1
     614     2608    2606       1
     924     2607    2608       1
    1207     2609    2610       1
     616     2611    2609       1
    1082     2610    2611       1
     929     2612    2613       1
     615     2614    2612       1
    1209     2613    2614       1
    1084     2615    2616       1
     617     2617    2615       1
     926     2616    2617       1
    1218     2618    2619       1
     619     2620    2618       1
    1219     2619    2620       1
     931     2621    2622       1
     618     2623    2621       1
    1220     2622    2623       1
    1221     2624    2625       1
     620     2626    2624       1
     934     2625    2626       1
    1089     2627    2628       1
     622     2629    2627       1
    1222     2628    2629       1
     933     2630    2631       1
     621     2632    2630       1
    1091     2631    2632       1
    1223     2633    2634       1
     623     2635    2633       1
     930     2634    2635       1
    1224     2636    2637       1
     625     2638    2636       1
    1086     2637    2638       1
     935     2639    2640       1
     624     2641    2639       1
    1225     2640    2641       1
    1087     2642    2643       1
     626     2644    2642       1
     932     2643    2644       1
    1226     2645    2646       1
     628     2647    2645       1
    1218     2646    2647       1
     937     2648    2649       1
     627     2650    2648       1
    1227     2649    2650       1
    1220     2651    2652       1
     629     2653    2651       1
     940     2652    2653       1
    1228     2654    2655       1
     631     2656    2654       1
    1229     2655    2656       1
     939     2657    2658       1
     630     2659    2657       1
    1230     2658    2659       1
    1231     2660    2661       1
     632     2662    2660       1
     936     2661    2662       1
    1222     2663    2664       1
     634     2665    2663       1
    1232     2664    2665       1
     941     2666    2667       1
     633     2668    2666       1
    1223     2667    2668       1
    1233     2669    2670       1
     635     2671    2669       1
     938     2670    2671       1
    1155     2672    2673       1
     637     2674    2672       1
    1234     2673    2674       1
     943     2675    2676       1
     636     2677    2675       1
    1157     2676    2677       1
    1235     2678    2679       1
     638     2680    2678       1
     946     2679    2680       1
    1229     2681    2682       1
     640     2683    2681       1
    1162     2682    2683       1
     945     2684    2685       1
     639     2686    2684       1
    1231     2685    2686       1
    1164     2687    2688       1
     641     2689    2687       1
     942     2688    2689       1
    1236     2690    2691       1
     643     2692    2690       1
    1226     2691    2692       1
     947     2693    2694       1
     642     2695    2693       1
    1237     2694    2695       1
    1227     2696    2697       1
     644     2698    2696       1
     944     2697    2698       1
    1219     2699    2700       1
     646     2701    2699       1
    1238     2700    2701       1
     949     2702    2703       1
     645     2704    2702       1
    1221     2703    2704       1
    1239     2705    2706       1
     647     2707    2705       1
     952     2706    2707       1
    1216     2708    2709       1
     649     2710    2708       1
    1224     2709    2710       1
     951     2711    2712       1
     648     2713    2711       1
    1217     2712    2713       1
    1225     2714    2715       1
     650     2716    2714       1
     948     2715    2716       1
    1240     2717    2718       1
     652     2719    2717       1
    1214     2718    2719       1
     953     2720    2721       1
     651     2722    2720       1
    1241     2721    2722       1
    1215     2723    2724       1
     653     2725    2723       1
     950     2724    2725       1
    1242     2726    2727       1
     655     2728    2726       1
    1243     2727    2728       1
     955     2729    2730       1
     654     2731    2729       1
    1244     2730    2731       1
    1245     2732    2733       1
     656     2734    2732       1
     958     2733    2734       1
    1109     2735    2736       1
     658     2737    2735       1
    1246     2736    2737       1
     957     2738    2739       1
     657     2740    2738       1
    1111     2739    2740       1
    1247     2741    2742       1
     659     2743    2741       1
     954     2742    2743       1
    1248     2744    2745       1
     661     2746    2744       1
    1106     2745    2746       1
     959     2747    2748       1
     660     2749    2747       1
    1249     2748    2749       1
    1107     2750    2751       1
     662     2752    2750       1
     956     2751    2752       1
    1250     2753    2754       1
     664     2755    2753       1
    1242     2754    2755       1
     961     2756    2757       1
     663     2758    2756       1
    1251     2757    2758       1
    1244     2759    2760       1
     665     2761    2759       1
     964     2760    2761       1
    1252     2762    2763       1
     667     2764    2762       1
    1253     2763    2764       1
     963     2765    2766       1
     666     2767    2765       1
    1254     2766    2767       1
    1255     2768    2769       1
     668     2770    2768       1
     960     2769    2770       1
    1246     2771    2772       1
     670     2773    2771       1
    1256     2772    2773       1
     965     2774    2775       1
     669     2776    2774       1
    1247     2775    2776       1
    1257     2777    2778       1
     671     2779    2777       1
     962     2778    2779       1
    1171     2780    2781       1
     673     2782    2780       1
    1258     2781    2782       1
     967     2783    2784       1
     672     2785    2783       1
    1173     2784    2785       1
    1259     2786    2787       1
     674     2788    2786       1
     970     2787    2788       1
    1253     2789    2790       1
     676     2791    2789       1
    1178     2790    2791       1
     969     2792    2793       1
     675     2794    2792       1
    1255     2793    2794       1
    1180     2795    2796       1
     677     2797    2795       1
     966     2796    2797       1
    1260     2798    2799       1
     679     2800    2798       1
    1250     2799    2800       1
     971     2801    2802       1
     678     2803    2801       1
    1261     2802    2803       1
    1251     2804    2805       1
     680     2806    2804       1
     968     2805    2806       1
    1243     2807    2808       1
     682     2809    2807       1
    1262     2808    2809       1
     973     2810    2811       1
     681     2812    2810       1
    1245     2811    2812       1
    1263     2813    2814       1
     683     2815    2813       1
     976     2814    2815       1
    1168     2816    2817       1
     685     2818    2816       1
    1248     2817    2818       1
     975     2819    2820       1
     684     2821    2819       1
    1169     2820    2821       1
    1249     2822    2823       1
     686     2824    2822       1
     972     2823    2824       1
    1264     2825    2826       1
     688     2827    2825       1
    1166     2826    2827       1
     977     2828    2829       1
     687     2830    2828       1
    1265     2829    2830       1
    1167     2831    2832       1
     689     2833    2831       1
     974     2832    2833       1
    1266     2834    2835       1
     691     2836    2834       1
    1267     2835    2836       1
     979     2837    2838       1
     690     2839    2837       1
    1268     2838    2839       1
    1269     2840    2841       1
     692     2842    2840       1
     982     2841    2842       1
    1129     2843    2844       1
     694     2845    2843       1
    1270     2844    2845       1
     981     2846    2847       1
     693     2848    2846       1
    1131     2847    2848       1
    1271     2849    2850       1
     695     2851    2849       1
     978     2850    2851       1
    1272     2852    2853       1
     697     2854    2852       1
    1126     2853    2854       1
     983     2855    2856       1
     696     2857    2855       1
    1273     2856    2857       1
    1127     2858    2859       1
     698     2860    2858       1
     980     2859    2860       1
    1274     2861    2862       1
     700     2863    2861       1
    1266     2862    2863       1
     985     2864    2865       1
     699     2866    2864       1
    1275     2865    2866       1
    1268     2867    2868       1
     701     2869    2867       1
     988     2868    2869       1
    1276     2870    2871       1
     703     2872    2870       1
    1277     2871    2872       1
     987     2873    2874       1
     702     2875    2873       1
    1278     2874    2875       1
    1279     2876    2877       1
     704     2878    2876       1
     984     2877    2878       1
    1270     2879    2880       1
     706     2881    2879       1
    1280     2880    2881       1
     989     2882    2883       1
     705     2884    2882       1
    1271     2883    2884       1
    1281     2885    2886       1
     707     2887    2885       1
     986     2886    2887       1
    1187     2888    2889       1
     709     2890    2888       1
    1282     2889    2890       1
     991     2891    2892       1
     708     2893    2891       1
    1189     2892    2893       1
    1283     2894    2895       1
     710     2896    2894       1
     994     2895    2896       1
    1277     2897    2898       1
     712     2899    2897       1
    1194     2898    2899       1
     993     2900    2901       1
     711     2902    2900       1
    1279     2901    2902       1
    1196     2903    2904       1
     713     2905    2903       1
     990     2904    2905       1
    1284     2906    2907       1
     715     2908    2906       1
    1274     2907    2908       1
     995     2909    2910       1
     714     2911    2909       1
    1285     2910    2911       1
    1275     2912    2913       1
     716     2914    2912       1
     992     2913    2914       1
    1267     2915    2916       1
     718     2917    2915       1
    1286     2916    2917       1
     997     2918    2919       1
     717     2920    2918       1
    1269     2919    2920       1
    1287     2921    2922       1
     719     2923    2921       1
    1000     2922    2923       1
    1184     2924    2925       1
     721     2926    2924       1
    1272     2925    2926       1
     999     2927    2928       1
     720     2929    2927       1
    1185     2928    2929       1
    1273     2930    2931       1
     722     2932    2930       1
     996     2931    2932       1
    1288     2933    2934       1
     724     2935    2933       1
    1182     2934    2935       1
    1001     2936    2937       1
     723     2938    2936       1
    1289     2937    2938       1
    1183     2939    2940       1
     725     2941    2939       1
     998     2940    2941       1
    1290     2942    2943       1
     727     2944    2942       1
    1291     2943    2944       1
    1003     2945    2946       1
     726     2947    2945       1
    1292     2946    2947       1
    1293     2948    2949       1
     728     2950    2948       1
    1006     2949    2950       1
    1149     2951    2952       1
     730     2953    2951       1
    1294     2952    2953       1
    1005     2954    2955       1
     729     2956    2954       1
    1151     2955    2956       1
    1295     2957    2958       1
     731     2959    2957       1
    1002     2958    2959       1
    1296     2960    2961       1
     733     2962    2960       1
    1146     2961    2962       1
    1007     2963    2964       1
     732     2965    2963       1
    1297     2964    2965       1
    1147     2966    2967       1
     734     2968    2966       1
    1004     2967    2968       1
    1298     2969    2970       1
     736     2971    2969       1
    1290     2970    2971       1
    1009     2972    2973       1
     735     2974    2972       1
    1299     2973    2974       1
    1292     2975    2976       1
     737     2977    2975       1
    1012     2976    2977       1
    1300     2978    2979       1
     739     2980    2978       1
    1301     2979    2980       1
    1011     2981    2982       1
     738     2983    2981       1
    1302     2982    2983       1
    1303     2984    2985       1
     740     2986    2984       1
    1008     2985    2986       1
    1294     2987    2988       1
     742     2989    2987       1
    1304     2988    2989       1
    1013     2990    2991       1
     741     2992    2990       1
    1295     2991    2992       1
    1305     2993    2994       1
     743     2995    2993       1
    1010     2994    2995       1
    1203     2996    2997       1
     745     2998    2996       1
    1306     2997    2998       1
    1015     2999    3000       1
     744     3001    2999       1
    1205     3000    3001       1
    1307     3002    3003       1
     746     3004    3002       1
    1018     3003    3004       1
    1301     3005    3006       1
     748     3007    3005       1
    1210     3006    3007       1
    1017     3008    3009       1
     747     3010    3008       1
    1303     3009    3010       1
    1212     3011    3012       1
     749     3013    3011       1
    1014     3012    3013       1
    1308     3014    3015       1
     751     3016    3014       1
    1298     3015    3016       1
    1019     3017    3018       1
     750     3019    3017       1
    1309     3018    3019       1
    1299     3020    3021       1
     752     3022    3020       1
    1016     3021    3022       1
    1291     3023    3024       1
     754     3025    3023       1
    1310     3024    3025       1
    1021     3026    3027       1
     753     3028    3026       1
    1293     3027    3028       1
    1311     3029    3030       1
     755     3031    3029       1
    1024     3030    3031       1
    1200     3032    3033       1
     757     3034    3032       1
    1296     3033    3034       1
    1023     3035    3036       1
     756     3037    3035       1
    1201     3036    3037       1
    1297     3038    3039       1
     758     3040    3038       1
    1020     3039    3040       1
    1312     3041    3042       1
     760     3043    3041       1
    1198     3042    3043       1
    1025     3044    3045       1
     759     3046    3044       1
    1313     3045    3046       1
    1199     3047    3048       1
     761     3049    3047       1
    1022     3048    3049       1
    1314     3050    3051       1
     763     3052    3050       1
    1315     3051    3052       1
    1027     3053    3054       1
     762     3055    3053       1
    1316     3054    3055       1
    1317     3056    3057       1
     764     3058    3056       1
    1030     3057    3058       1
    1238     3059    3060       1
     766     3061    3059       1
    1318     3060    3061       1
    1029     3062    3063       1
     765     3064    3062       1
    1239     3063    3064       1
    1319     3065    3066       1
     767     3067    3065       1
    1026     3066    3067       1
    1320     3068    3069       1
     769     3070    3068       1
    1240     3069    3070       1
    1031     3071    3072       1
     768     3073    3071       1
    1321     3072    3073       1
    1241     3074    3075       1
     770     3076    3074       1
    1028     3075    3076       1
    1322     3077    3078       1
     772     3079    3077       1
    1314     3078    3079       1
    1033     3080    3081       1
     771     3082    3080       1
    1323     3081    3082       1
    1316     3083    3084       1
     773     3085    3083       1
    1036     3084    3085       1
    1234     3086    3087       1
     775     3088    3086       1
    1324     3087    3088       1
    1035     3089    3090       1
     774     3091    3089       1
    1235     3090    3091       1
    1325     3092    3093       1
     776     3094    3092       1
    1032     3093    3094       1
    1318     3095    3096       1
     778     3097    3095       1
    1236     3096    3097       1
    1037     3098    3099       1
     777     3100    3098       1
    1319     3099    3100       1
    1237     3101    3102       1
     779     3103    3101       1
    1034     3102    3103       1
    1262     3104    3105       1
     781     3106    3104       1
    1326     3105    3106       1
    1039     3107    3108       1
     780     3109    3107       1
    1263     3108    3109       1
    1327     3110    3111       1
     782     3112    3110       1
    1042     3111    3112       1
    1324     3113    3114       1
     784     3115    3113       1
    1264     3114    3115       1
    1041     3116    3117       1
     783     3118    3116       1
    1325     3117    3118       1
    1265     3119    3120       1
     785     3121    3119       1
    1038     3120    3121       1
    1328     3122    3123       1
     787     3124    3122       1
    1322     3123    3124       1
    1043     3125    3126       1
     786     3127    3125       1
    1329     3126    3127       1
    1323     3128    3129       1
     788     3130    3128       1
    1040     3129    3130       1
    1315     3131    3132       1
     790     3133    3131       1
    1330     3132    3133       1
    1045     3134    3135       1
     789     3136    3134       1
    1317     3135    3136       1
    1331     3137    3138       1
     791     3139    3137       1
    1048     3138    3139       1
    1306     3140    3141       1
     793     3142    3140       1
    1320     3141    3142       1
    1047     3143    3144       1
     792     3145    3143       1
    1307     3144    3145       1
    1321     3146    3147       1
     794     3148    3146       1
    1044     3147    3148       1
    1332     3149    3150       1
     796     3151    3149       1
    1308     3150    3151       1
    1049     3152    3153       1
     795     3154    3152       1
    1333     3153    3154       1
    1309     3155    3156       1
     797     3157    3155       1
    1046     3156    3157       1
    1330     3158    3159       1
     799     3160    3158       1
    1334     3159    3160       1
    1051     3161    3162       1
     798     3163    3161       1
    1331     3162    3163       1
    1335     3164    3165       1
     800     3166    3164       1
    1054     3165    3166       1
    1310     3167    3168       1
     802     3169    3167       1
    1332     3168    3169       1
    1053     3170    3171       1
     801     3172    3170       1
    1311     3171    3172       1
    1333     3173    3174       1
     803     3175    3173       1
    1050     3174    3175       1
    1336     3176    3177       1
     805     3178    3176       1
    1312     3177    3178       1
    1055     3179    3180       1
     804     3181    3179       1
    1337     3180    3181       1
    1313     3182    3183       1
     806     3184    3182       1
    1052     3183    3184       1
    1334     3185    3186       1
     808     3187    3185       1
    1338     3186    3187       1
    1057     3188    3189       1
     807     3190    3188       1
    1335     3189    3190       1
    1339     3191    3192       1
     809     3193    3191       1
    1060     3192    3193       1
    1282     3194    3195       1
     811     3196    3194       1
    1336     3195    3196       1
    1059     3197    3198       1
     810     3199    3197       1
    1283     3198    3199       1
    1337     3200    3201       1
     812     3202    3200       1
    1056     3201    3202       1
    1340     3203    3204       1
     814     3205    3203       1
    1284     3204    3205       1
    1061     3206    3207       1
     813     3208    3206       1
    1341     3207    3208       1
    1285     3209    3210       1
     815     3211    3209       1
    1058     3210    3211       1
    1338     3212    3213       1
     817     3214    3212       1
    1342     3213    3214       1
    1063     3215    3216       1
     816     3217    3215       1
    1339     3216    3217       1
    1343     3218    3219       1
     818     3220    3218       1
    1066     3219    3220       1
    1286     3221    3222       1
     820     3223    3221       1
    1340     3222    3223       1
    1065     3224    3225       1
     819     3226    3224       1
    1287     3225    3226       1
    1341     3227    3228       1
     821     3229    3227       1
    1062     3228    3229       1
    1344     3230    3231       1
     823     3232    3230       1
    1288     3231    3232       1
    1067     3233    3234       1
     822     3235    3233       1
    1345     3234    3235       1
    1289     3236    3237       1
     824     3238    3236       1
    1064     3237    3238       1
    1326     3239    3240       1
     826     3241    3239       1
    1260     3240    3241       1
    1069     3242    3243       1
     825     3244    3242       1
    1327     3243    3244       1
    1261     3245    3246       1
     827     3247    3245       1
    1072     3246    3247       1
    1342     3248    3249       1
     829     3250    3248       1
    1328     3249    3250       1
    1071     3251    3252       1
     828     3253    3251       1
    1343     3252    3253       1
    1329     3254    3255       1
     830     3256    3254       1
    1068     3255    3256       1
    1258     3257    3258       1
     832     3259    3257       1
    1344     3258    3259       1
    1073     3260    3261       1
     831     3262    3260       1
    1259     3261    3262       1
    1345     3263    3264       1
     833     3265    3263       1
    1070     3264    3265       1
      98     3266    3267       1
     354     1347    3266       1
     355     3267    1347       1
     100     3268    3269       1
     356     1346    3268       1
     354     3269    1346       1
      99     3270    3271       1
     355     1348    3270       1
     356     3271    1348       1
     101     3272    3273       1
     357     1350    3272       1
     358     3273    1350       1
     103     3274    3275       1
     359     1349    3274       1
     357     3275    1349       1
     102     3276    3277       1
     358     1351    3276       1
     359     3277    1351       1
     104     3278    3279       1
     360     1353    3278       1
     361     3279    1353       1
     106     3280    3281       1
     362     1352    3280       1
     360     3281    1352       1
     105     3282    3283       1
     361     1354    3282       1
     362     3283    1354       1
     107     3284    3285       1
     363     1356    3284       1
     364     3285    1356       1
     109     3286    3287       1
     365     1355    3286       1
     363     3287    1355       1
     108     3288    3289       1
     364     1357    3288       1
     365     3289    1357       1
     110     3290    3291       1
     366     1359    3290       1
     367     3291    1359       1
     112     3292    3293       1
     368     1358    3292       1
     366     3293    1358       1
     111     3294    3295       1
     367     1360    3294       1
     368     3295    1360       1
     113     3296    3297       1
     369     1362    3296       1
     370     3297    1362       1
     115     3298    3299       1
     371     1361    3298       1
     369     3299    1361       1
     114     3300    3301       1
     370     1363    3300       1
     371     3301    1363       1
     116     3302    3303       1
     372     1365    3302       1
     373     3303    1365       1
     118     3304    3305       1
     374     1364    3304       1
     372     3305    1364       1
     117     3306    3307       1
     373     1366    3306       1
     374     3307    1366       1
     119     3308    3309       1
     375     1368    3308       1
     376     3309    1368       1
     121     3310    3311       1
     377     1367    3310       1
     375     3311    1367       1
     120     3312    3313       1
     376     1369    3312       1
     377     3313    1369       1
     122     3314    3315       1
     378     1371    3314       1
     379     3315    1371       1
     124     3316    3317       1
     380     1370    3316       1
     378     3317    1370       1
     123     3318    3319       1
     379     1372    3318       1
     380     3319    1372       1
     125     3320    3321       1
     381     1374    3320       1
     382     3321    1374       1
     127     3322    3323       1
     383     1373    3322       1
     381     3323    1373       1
     126     3324    3325       1
     382     1375    3324       1
     383     3325    1375       1
     128     3326    3327       1
     384     1377    3326       1
     385     3327    1377       1
     130     3328    3329       1
     386     1376    3328       1
     384     3329    1376       1
     129     3330    3331       1
     385     1378    3330       1
     386     3331    1378       1
     131     3332    3333       1
     387     1380    3332       1
     388     3333    1380       1
     133     3334    3335       1
     389     1379    3334       1
     387     3335    1379       1
     132     3336    3337       1
     388     1381    3336       1
     389     3337    1381       1
     134     3338    3339       1
     390     1383    3338       1
     391     3339    1383       1
     136     3340    3341       1
     392     1382    3340       1
     390     3341    1382       1
     135     3342    3343       1
     391     1384    3342       1
     392     3343    1384       1
     137     3344    3345       1
     393     1386    3344       1
     394     3345    1386       1
     139     3346    3347       1
     395     1385    3346       1
     393     3347    1385       1
     138     3348    3349       1
     394     1387    3348       1
     395     3349    1387       1
     140     3350    3351       1
     396     1389    3350       1
     397     3351    1389       1
     142     3352    3353       1
     398     1388    3352       1
     396     3353    1388       1
     141     3354    3355       1
     397     1390    3354       1
     398     3355    1390       1
     143     3356    3357       1
     399     1392    3356       1
     400     3357    1392       1
     145     3358    3359       1
     401     1391    3358       1
     399     3359    1391       1
     144     3360    3361       1
     400     1393    3360       1
     401     3361    1393       1
     146     3362    3363       1
     402     1395    3362       1
     403     3363    1395       1
     148     3364    3365       1
     404     1394    3364       1
     402     3365    1394       1
     147     3366    3367       1
     403     1396    3366       1
     404     3367    1396       1
     149     3368    3369       1
     405     1398    3368       1
     406     3369    1398       1
     151     3370    3371       1
     407     1397    3370       1
     405     3371    1397       1
     150     3372    3373       1
     406     1399    3372       1
     407     3373    1399       1
     152     3374    3375       1
     408     1401    3374       1
     409     3375    1401       1
     154     3376    3377       1
     410     1400    3376       1
     408     3377    1400       1
     153     3378    3379       1
     409     1402    3378       1
     410     3379    1402       1
     155     3380    3381       1
     411     1404    3380       1
     412     3381    1404       1
     157     3382    3383       1
     413     1403    3382       1
     411     3383    1403       1
     156     3384    3385       1
     412     1405    3384       1
     413     3385    1405       1
     158     3386    3387       1
     414     1407    3386       1
     415     3387    1407       1
     160     3388    3389       1
     416     1406    3388       1
     414     3389    1406       1
     159     3390    3391       1
     415     1408    3390       1
     416     3391    1408       1
     161     3392    3393       1
     417     1410    3392       1
     418     3393    1410       1
     163     3394    3395       1
     419     1409    3394       1
     417     3395    1409       1
     162     3396    3397       1
     418     1411    3396       1
     419     3397    1411       1
     164     3398    3399       1
     420     1413    3398       1
     421     3399    1413       1
     166     3400    3401       1
     422     1412    3400       1
     420     3401    1412       1
     165     3402    3403       1
     421     1414    3402       1
     422     3403    1414       1
     167     3404    3405       1
     423     1416    3404       1
     424     3405    1416       1
     169     3406    3407       1
     425     1415    3406       1
     423     3407    1415       1
     168     3408    3409       1
     424     1417    3408       1
     425     3409    1417       1
     170     3410    3411       1
     426     1419    3410       1
     427     3411    1419       1
     172     3412    3413       1
     428     1418    3412       1
     426     3413    1418       1
     171     3414    3415       1
     427     1420    3414       1
     428     3415    1420       1
     173     3416    3417       1
     429     1422    3416       1
     430     3417    1422       1
     175     3418    3419       1
     431     1421    3418       1
     429     3419    1421       1
     174     3420    3421       1
     430     1423    3420       1
     431     3421    1423       1
     176     3422    3423       1
     432     1425    3422       1
     433     3423    1425       1
     178     3424    3425       1
     434     1424    3424       1
     432     3425    1424       1
     177     3426    3427       1
     433     1426    3426       1
     434     3427    1426       1
     179     3428    3429       1
     435     1428    3428       1
     436     3429    1428       1
     181     3430    3431       1
     437     1427    3430       1
     435     3431    1427       1
     180     3432    3433       1
     436     1429    3432       1
     437     3433    1429       1
     182     3434    3435       1
     438     1431    3434       1
     439     3435    1431       1
     184     3436    3437       1
     440     1430    3436       1
     438     3437    1430       1
     183     3438    3439       1
     439     1432    3438       1
     440     3439    1432       1
     185     3440    3441       1
     441     1434    3440       1
     442     3441    1434       1
     187     3442    3443       1
     443     1433    3442       1
     441     3443    1433       1
     186     3444    3445       1
     442     1435    3444       1
     443     3445    1435       1
     188     3446    3447       1
     444     1437    3446       1
     445     3447    1437       1
     190     3448    3449       1
     446     1436    3448       1
     444     3449    1436       1
     189     3450    3451       1
     445     1438    3450       1
     446     3451    1438       1
     191     3452    3453       1
     447     1440    3452       1
     448     3453    1440       1
     193     3454    3455       1
     449     1439    3454       1
     447     3455    1439       1
     192     3456    3457       1
     448     1441    3456       1
     449     3457    1441       1
     194     3458    3459       1
     450     1443    3458       1
     451     3459    1443       1
     196     3460    3461       1
     452     1442    3460       1
     450     3461    1442       1
     195     3462    3463       1
     451     1444    3462       1
     452     3463    1444       1
     197     3464    3465       1
     453     1446    3464       1
     454     3465    1446       1
     199     3466    3467       1
     455     1445    3466       1
     453     3467    1445       1
     198     3468    3469       1
     454     1447    3468       1
     455     3469    1447       1
     200     3470    3471       1
     456     1449    3470       1
     457     3471    1449       1
     202     3472    3473       1
     458     1448    3472       1
     456     3473    1448       1
     201     3474    3475       1
     457     1450    3474       1
     458     3475    1450       1
     203     3476    3477       1
     459     1452    3476       1
     460     3477    1452       1
     205     3478    3479       1
     461     1451    3478       1
     459     3479    1451       1
     204     3480    3481       1
     460     1453    3480       1
     461     3481    1453       1
     206     3482    3483       1
     462     1455    3482       1
     463     3483    1455       1
     208     3484    3485       1
     464     1454    3484       1
     462     3485    1454       1
     207     3486    3487       1
     463     1456    3486       1
     464     3487    1456       1
     209     3488    3489       1
     465     1458    3488       1
     466     3489    1458       1
     211     3490    3491       1
     467     1457    3490       1
     465     3491    1457       1
     210     3492    3493       1
     466     1459    3492       1
     467     3493    1459       1
     212     3494    3495       1
     468     1461    3494       1
     469     3495    1461       1
     214     3496    3497       1
     470     1460    3496       1
     468     3497    1460       1
     213     3498    3499       1
     469     1462    3498       1
     470     3499    1462       1
     215     3500    3501       1
     471     1464    3500       1
     472     3501    1464       1
     217     3502    3503       1
     473     1463    3502       1
     471     3503    1463       1
     216     3504    3505       1
     472     1465    3504       1
     473     3505    1465       1
     218     3506    3507       1
     474     1467    3506       1
     475     3507    1467       1
      99     3508    3509       1
     476     1466    3508       1
     474     3509    1466       1
     219     3510    3511       1
     475     1468    3510       1
     476     3511    1468       1
     220     3512    3513       1
     477     1470    3512       1
     478     3513    1470       1
      98     3514    3515       1
     479     1469    3514       1
     477     3515    1469       1
     221     3516    3517       1
     478     1471    3516       1
     479     3517    1471       1
     222     3518    3519       1
     480     1473    3518       1
     481     3519    1473       1
     100     3520    3521       1
     482     1472    3520       1
     480     3521    1472       1
     223     3522    3523       1
     481     1474    3522       1
     482     3523    1474       1
     224     3524    3525       1
     483     1476    3524       1
     484     3525    1476       1
     102     3526    3527       1
     485     1475    3526       1
     483     3527    1475       1
     218     3528    3529       1
     484     1477    3528       1
     485     3529    1477       1
     225     3530    3531       1
     486     1479    3530       1
     487     3531    1479       1
     101     3532    3533       1
     488     1478    3532       1
     486     3533    1478       1
     226     3534    3535       1
     487     1480    3534       1
     488     3535    1480       1
     221     3536    3537       1
     489     1482    3536       1
     490     3537    1482       1
     103     3538    3539       1
     491     1481    3538       1
     489     3539    1481       1
     227     3540    3541       1
     490     1483    3540       1
     491     3541    1483       1
     228     3542    3543       1
     492     1485    3542       1
     493     3543    1485       1
     105     3544    3545       1
     494     1484    3544       1
     492     3545    1484       1
     229     3546    3547       1
     493     1486    3546       1
     494     3547    1486       1
     230     3548    3549       1
     495     1488    3548       1
     496     3549    1488       1
     104     3550    3551       1
     497     1487    3550       1
     495     3551    1487       1
     231     3552    3553       1
     496     1489    3552       1
     497     3553    1489       1
     232     3554    3555       1
     498     1491    3554       1
     499     3555    1491       1
     106     3556    3557       1
     500     1490    3556       1
     498     3557    1490       1
     233     3558    3559       1
     499     1492    3558       1
     500     3559    1492       1
     234     3560    3561       1
     501     1494    3560       1
     502     3561    1494       1
     108     3562    3563       1
     503     1493    3562       1
     501     3563    1493       1
     228     3564    3565       1
     502     1495    3564       1
     503     3565    1495       1
     235     3566    3567       1
     504     1497    3566       1
     505     3567    1497       1
     107     3568    3569       1
     506     1496    3568       1
     504     3569    1496       1
     236     3570    3571       1
     505     1498    3570       1
     506     3571    1498       1
     231     3572    3573       1
     507     1500    3572       1
     508     3573    1500       1
     109     3574    3575       1
     509     1499    3574       1
     507     3575    1499       1
     237     3576    3577       1
     508     1501    3576       1
     509     3577    1501       1
     238     3578    3579       1
     510     1503    3578       1
     511     3579    1503       1
     111     3580    3581       1
     512     1502    3580       1
     510     3581    1502       1
     239     3582    3583       1
     511     1504    3582       1
     512     3583    1504       1
     240     3584    3585       1
     513     1506    3584       1
     514     3585    1506       1
     110     3586    3587       1
     515     1505    3586       1
     513     3587    1505       1
     241     3588    3589       1
     514     1507    3588       1
     515     3589    1507       1
     242     3590    3591       1
     516     1509    3590       1
     517     3591    1509       1
     112     3592    3593       1
     518     1508    3592       1
     516     3593    1508       1
     243     3594    3595       1
     517     1510    3594       1
     518     3595    1510       1
     244     3596    3597       1
     519     1512    3596       1
     520     3597    1512       1
     114     3598    3599       1
     521     1511    3598       1
     519     3599    1511       1
     238     3600    3601       1
     520     1513    3600       1
     521     3601    1513       1
     245     3602    3603       1
     522     1515    3602       1
     523     3603    1515       1
     113     3604    3605       1
     524     1514    3604       1
     522     3605    1514       1
     246     3606    3607       1
     523     1516    3606       1
     524     3607    1516       1
     241     3608    3609       1
     525     1518    3608       1
     526     3609    1518       1
     115     3610    3611       1
     527     1517    3610       1
     525     3611    1517       1
     247     3612    3613       1
     526     1519    3612       1
     527     3613    1519       1
     248     3614    3615       1
     528     1521    3614       1
     529     3615    1521       1
     117     3616    3617       1
     530     1520    3616       1
     528     3617    1520       1
     249     3618    3619       1
     529     1522    3618       1
     530     3619    1522       1
     250     3620    3621       1
     531     1524    3620       1
     532     3621    1524       1
     116     3622    3623       1
     533     1523    3622       1
     531     3623    1523       1
     251     3624    3625       1
     532     1525    3624       1
     533     3625    1525       1
     252     3626    3627       1
     534     1527    3626       1
     535     3627    1527       1
     118     3628    3629       1
     536     1526    3628       1
     534     3629    1526       1
     253     3630    3631       1
     535     1528    3630       1
     536     3631    1528       1
     254     3632    3633       1
     537     1530    3632       1
     538     3633    1530       1
     120     3634    3635       1
     539     1529    3634       1
     537     3635    1529       1
     248     3636    3637       1
     538     1531    3636       1
     539     3637    1531       1
     255     3638    3639       1
     540     1533    3638       1
     541     3639    1533       1
     119     3640    3641       1
     542     1532    3640       1
     540     3641    1532       1
     256     3642    3643       1
     541     1534    3642       1
     542     3643    1534       1
     251     3644    3645       1
     543     1536    3644       1
     544     3645    1536       1
     121     3646    3647       1
     545     1535    3646       1
     543     3647    1535       1
     257     3648    3649       1
     544     1537    3648       1
     545     3649    1537       1
     258     3650    3651       1
     546     1539    3650       1
     547     3651    1539       1
     123     3652    3653       1
     548     1538    3652       1
     546     3653    1538       1
     259     3654    3655       1
     547     1540    3654       1
     548     3655    1540       1
     260     3656    3657       1
     549     1542    3656       1
     550     3657    1542       1
     122     3658    3659       1
     551     1541    3658       1
     549     3659    1541       1
     261     3660    3661       1
     550     1543    3660       1
     551     3661    1543       1
     262     3662    3663       1
     552     1545    3662       1
     553     3663    1545       1
     124     3664    3665       1
     554     1544    3664       1
     552     3665    1544       1
     263     3666    3667       1
     553     1546    3666       1
     554     3667    1546       1
     264     3668    3669       1
     555     1548    3668       1
     556     3669    1548       1
     126     3670    3671       1
     557     1547    3670       1
     555     3671    1547       1
     258     3672    3673       1
     556     1549    3672       1
     557     3673    1549       1
     229     3674    3675       1
     558     1551    3674       1
     559     3675    1551       1
     125     3676    3677       1
     560     1550    3676       1
     558     3677    1550       1
     265     3678    3679       1
     559     1552    3678       1
     560     3679    1552       1
     261     3680    3681       1
     561     1554    3680       1
     562     3681    1554       1
     127     3682    3683       1
     563     1553    3682       1
     561     3683    1553       1
     232     3684    3685       1
     562     1555    3684       1
     563     3685    1555       1
     266     3686    3687       1
     564     1557    3686       1
     565     3687    1557       1
     129     3688    3689       1
     566     1556    3688       1
     564     3689    1556       1
     267     3690    3691       1
     565     1558    3690       1
     566     3691    1558       1
     268     3692    3693       1
     567     1560    3692       1
     568     3693    1560       1
     128     3694    3695       1
     569     1559    3694       1
     567     3695    1559       1
     269     3696    3697       1
     568     1561    3696       1
     569     3697    1561       1
     270     3698    3699       1
     570     1563    3698       1
     571     3699    1563       1
     130     3700    3701       1
     572     1562    3700       1
     570     3701    1562       1
     271     3702    3703       1
     571     1564    3702       1
     572     3703    1564       1
     272     3704    3705       1
     573     1566    3704       1
     574     3705    1566       1
     132     3706    3707       1
     575     1565    3706       1
     573     3707    1565       1
     266     3708    3709       1
     574     1567    3708       1
     575     3709    1567       1
     239     3710    3711       1
     576     1569    3710       1
     577     3711    1569       1
     131     3712    3713       1
     578     1568    3712       1
     576     3713    1568       1
     273     3714    3715       1
     577     1570    3714       1
     578     3715    1570       1
     269     3716    3717       1
     579     1572    3716       1
     580     3717    1572       1
     133     3718    3719       1
     581     1571    3718       1
     579     3719    1571       1
     242     3720    3721       1
     580     1573    3720       1
     581     3721    1573       1
     274     3722    3723       1
     582     1575    3722       1
     583     3723    1575       1
     135     3724    3725       1
     584     1574    3724       1
     582     3725    1574       1
     275     3726    3727       1
     583     1576    3726       1
     584     3727    1576       1
     276     3728    3729       1
     585     1578    3728       1
     586     3729    1578       1
     134     3730    3731       1
     587     1577    3730       1
     585     3731    1577       1
     277     3732    3733       1
     586     1579    3732       1
     587     3733    1579       1
     278     3734    3735       1
     588     1581    3734       1
     589     3735    1581       1
     136     3736    3737       1
     590     1580    3736       1
     588     3737    1580       1
     279     3738    3739       1
     589     1582    3738       1
     590     3739    1582       1
     280     3740    3741       1
     591     1584    3740       1
     592     3741    1584       1
     138     3742    3743       1
     593     1583    3742       1
     591     3743    1583       1
     274     3744    3745       1
     592     1585    3744       1
     593     3745    1585       1
     249     3746    3747       1
     594     1587    3746       1
     595     3747    1587       1
     137     3748    3749       1
     596     1586    3748       1
     594     3749    1586       1
     281     3750    3751       1
     595     1588    3750       1
     596     3751    1588       1
     277     3752    3753       1
     597     1590    3752       1
     598     3753    1590       1
     139     3754    3755       1
     599     1589    3754       1
     597     3755    1589       1
     252     3756    3757       1
     598     1591    3756       1
     599     3757    1591       1
     282     3758    3759       1
     600     1593    3758       1
     601     3759    1593       1
     141     3760    3761       1
     602     1592    3760       1
     600     3761    1592       1
     283     3762    3763       1
     601     1594    3762       1
     602     3763    1594       1
     284     3764    3765       1
     603     1596    3764       1
     604     3765    1596       1
     140     3766    3767       1
     605     1595    3766       1
     603     3767    1595       1
     285     3768    3769       1
     604     1597    3768       1
     605     3769    1597       1
     286     3770    3771       1
     606     1599    3770       1
     607     3771    1599       1
     142     3772    3773       1
     608     1598    3772       1
     606     3773    1598       1
     287     3774    3775       1
     607     1600    3774       1
     608     3775    1600       1
     288     3776    3777       1
     609     1602    3776       1
     610     3777    1602       1
     144     3778    3779       1
     611     1601    3778       1
     609     3779    1601       1
     282     3780    3781       1
     610     1603    3780       1
     611     3781    1603       1
     219     3782    3783       1
     612     1605    3782       1
     613     3783    1605       1
     143     3784    3785       1
     614     1604    3784       1
     612     3785    1604       1
     289     3786    3787       1
     613     1606    3786       1
     614     3787    1606       1
     285     3788    3789       1
     615     1608    3788       1
     616     3789    1608       1
     145     3790    3791       1
     617     1607    3790       1
     615     3791    1607       1
     222     3792    3793       1
     616     1609    3792       1
     617     3793    1609       1
     290     3794    3795       1
     618     1611    3794       1
     619     3795    1611       1
     147     3796    3797       1
     620     1610    3796       1
     618     3797    1610       1
     291     3798    3799       1
     619     1612    3798       1
     620     3799    1612       1
     226     3800    3801       1
     621     1614    3800       1
     622     3801    1614       1
     146     3802    3803       1
     623     1613    3802       1
     621     3803    1613       1
     292     3804    3805       1
     622     1615    3804       1
     623     3805    1615       1
     293     3806    3807       1
     624     1617    3806       1
     625     3807    1617       1
     148     3808    3809       1
     626     1616    3808       1
     624     3809    1616       1
     224     3810    3811       1
     625     1618    3810       1
     626     3811    1618       1
     294     3812    3813       1
     627     1620    3812       1
     628     3813    1620       1
     150     3814    3815       1
     629     1619    3814       1
     627     3815    1619       1
     290     3816    3817       1
     628     1621    3816       1
     629     3817    1621       1
     295     3818    3819       1
     630     1623    3818       1
     631     3819    1623       1
     149     3820    3821       1
     632     1622    3820       1
     630     3821    1622       1
     296     3822    3823       1
     631     1624    3822       1
     632     3823    1624       1
     292     3824    3825       1
     633     1626    3824       1
     634     3825    1626       1
     151     3826    3827       1
     635     1625    3826       1
     633     3827    1625       1
     297     3828    3829       1
     634     1627    3828       1
     635     3829    1627       1
     259     3830    3831       1
     636     1629    3830       1
     637     3831    1629       1
     153     3832    3833       1
     638     1628    3832       1
     636     3833    1628       1
     298     3834    3835       1
     637     1630    3834       1
     638     3835    1630       1
     296     3836    3837       1
     639     1632    3836       1
     640     3837    1632       1
     152     3838    3839       1
     641     1631    3838       1
     639     3839    1631       1
     262     3840    3841       1
     640     1633    3840       1
     641     3841    1633       1
     299     3842    3843       1
     642     1635    3842       1
     643     3843    1635       1
     154     3844    3845       1
     644     1634    3844       1
     642     3845    1634       1
     294     3846    3847       1
     643     1636    3846       1
     644     3847    1636       1
     291     3848    3849       1
     645     1638    3848       1
     646     3849    1638       1
     156     3850    3851       1
     647     1637    3850       1
     645     3851    1637       1
     300     3852    3853       1
     646     1639    3852       1
     647     3853    1639       1
     289     3854    3855       1
     648     1641    3854       1
     649     3855    1641       1
     155     3856    3857       1
     650     1640    3856       1
     648     3857    1640       1
     293     3858    3859       1
     649     1642    3858       1
     650     3859    1642       1
     301     3860    3861       1
     651     1644    3860       1
     652     3861    1644       1
     157     3862    3863       1
     653     1643    3862       1
     651     3863    1643       1
     288     3864    3865       1
     652     1645    3864       1
     653     3865    1645       1
     302     3866    3867       1
     654     1647    3866       1
     655     3867    1647       1
     159     3868    3869       1
     656     1646    3868       1
     654     3869    1646       1
     303     3870    3871       1
     655     1648    3870       1
     656     3871    1648       1
     236     3872    3873       1
     657     1650    3872       1
     658     3873    1650       1
     158     3874    3875       1
     659     1649    3874       1
     657     3875    1649       1
     304     3876    3877       1
     658     1651    3876       1
     659     3877    1651       1
     305     3878    3879       1
     660     1653    3878       1
     661     3879    1653       1
     160     3880    3881       1
     662     1652    3880       1
     660     3881    1652       1
     234     3882    3883       1
     661     1654    3882       1
     662     3883    1654       1
     306     3884    3885       1
     663     1656    3884       1
     664     3885    1656       1
     162     3886    3887       1
     665     1655    3886       1
     663     3887    1655       1
     302     3888    3889       1
     664     1657    3888       1
     665     3889    1657       1
     307     3890    3891       1
     666     1659    3890       1
     667     3891    1659       1
     161     3892    3893       1
     668     1658    3892       1
     666     3893    1658       1
     308     3894    3895       1
     667     1660    3894       1
     668     3895    1660       1
     304     3896    3897       1
     669     1662    3896       1
     670     3897    1662       1
     163     3898    3899       1
     671     1661    3898       1
     669     3899    1661       1
     309     3900    3901       1
     670     1663    3900       1
     671     3901    1663       1
     267     3902    3903       1
     672     1665    3902       1
     673     3903    1665       1
     165     3904    3905       1
     674     1664    3904       1
     672     3905    1664       1
     310     3906    3907       1
     673     1666    3906       1
     674     3907    1666       1
     308     3908    3909       1
     675     1668    3908       1
     676     3909    1668       1
     164     3910    3911       1
     677     1667    3910       1
     675     3911    1667       1
     270     3912    3913       1
     676     1669    3912       1
     677     3913    1669       1
     311     3914    3915       1
     678     1671    3914       1
     679     3915    1671       1
     166     3916    3917       1
     680     1670    3916       1
     678     3917    1670       1
     306     3918    3919       1
     679     1672    3918       1
     680     3919    1672       1
     303     3920    3921       1
     681     1674    3920       1
     682     3921    1674       1
     168     3922    3923       1
     683     1673    3922       1
     681     3923    1673       1
     312     3924    3925       1
     682     1675    3924       1
     683     3925    1675       1
     265     3926    3927       1
     684     1677    3926       1
     685     3927    1677       1
     167     3928    3929       1
     686     1676    3928       1
     684     3929    1676       1
     305     3930    3931       1
     685     1678    3930       1
     686     3931    1678       1
     313     3932    3933       1
     687     1680    3932       1
     688     3933    1680       1
     169     3934    3935       1
     689     1679    3934       1
     687     3935    1679       1
     264     3936    3937       1
     688     1681    3936       1
     689     3937    1681       1
     314     3938    3939       1
     690     1683    3938       1
     691     3939    1683       1
     171     3940    3941       1
     692     1682    3940       1
     690     3941    1682       1
     315     3942    3943       1
     691     1684    3942       1
     692     3943    1684       1
     246     3944    3945       1
     693     1686    3944       1
     694     3945    1686       1
     170     3946    3947       1
     695     1685    3946       1
     693     3947    1685       1
     316     3948    3949       1
     694     1687    3948       1
     695     3949    1687       1
     317     3950    3951       1
     696     1689    3950       1
     697     3951    1689       1
     172     3952    3953       1
     698     1688    3952       1
     696     3953    1688       1
     244     3954    3955       1
     697     1690    3954       1
     698     3955    1690       1
     318     3956    3957       1
     699     1692    3956       1
     700     3957    1692       1
     174     3958    3959       1
     701     1691    3958       1
     699     3959    1691       1
     314     3960    3961       1
     700     1693    3960       1
     701     3961    1693       1
     319     3962    3963       1
     702     1695    3962       1
     703     3963    1695       1
     173     3964    3965       1
     704     1694    3964       1
     702     3965    1694       1
     320     3966    3967       1
     703     1696    3966       1
     704     3967    1696       1
     316     3968    3969       1
     705     1698    3968       1
     706     3969    1698       1
     175     3970    3971       1
     707     1697    3970       1
     705     3971    1697       1
     321     3972    3973       1
     706     1699    3972       1
     707     3973    1699       1
     275     3974    3975       1
     708     1701    3974       1
     709     3975    1701       1
     177     3976    3977       1
     710     1700    3976       1
     708     3977    1700       1
     322     3978    3979       1
     709     1702    3978       1
     710     3979    1702       1
     320     3980    3981       1
     711     1704    3980       1
     712     3981    1704       1
     176     3982    3983       1
     713     1703    3982       1
     711     3983    1703       1
     278     3984    3985       1
     712     1705    3984       1
     713     3985    1705       1
     323     3986    3987       1
     714     1707    3986       1
     715     3987    1707       1
     178     3988    3989       1
     716     1706    3988       1
     714     3989    1706       1
     318     3990    3991       1
     715     1708    3990       1
     716     3991    1708       1
     315     3992    3993       1
     717     1710    3992       1
     718     3993    1710       1
     180     3994    3995       1
     719     1709    3994       1
     717     3995    1709       1
     324     3996    3997       1
     718     1711    3996       1
     719     3997    1711       1
     273     3998    3999       1
     720     1713    3998       1
     721     3999    1713       1
     179     4000    4001       1
     722     1712    4000       1
     720     4001    1712       1
     317     4002    4003       1
     721     1714    4002       1
     722     4003    1714       1
     325     4004    4005       1
     723     1716    4004       1
     724     4005    1716       1
     181     4006    4007       1
     725     1715    4006       1
     723     4007    1715       1
     272     4008    4009       1
     724     1717    4008       1
     725     4009    1717       1
     326     4010    4011       1
     726     1719    4010       1
     727     4011    1719       1
     183     4012    4013       1
     728     1718    4012       1
     726     4013    1718       1
     327     4014    4015       1
     727     1720    4014       1
     728     4015    1720       1
     256     4016    4017       1
     729     1722    4016       1
     730     4017    1722       1
     182     4018    4019       1
     731     1721    4018       1
     729     4019    1721       1
     328     4020    4021       1
     730     1723    4020       1
     731     4021    1723       1
     329     4022    4023       1
     732     1725    4022       1
     733     4023    1725       1
     184     4024    4025       1
     734     1724    4024       1
     732     4025    1724       1
     254     4026    4027       1
     733     1726    4026       1
     734     4027    1726       1
     330     4028    4029       1
     735     1728    4028       1
     736     4029    1728       1
     186     4030    4031       1
     737     1727    4030       1
     735     4031    1727       1
     326     4032    4033       1
     736     1729    4032       1
     737     4033    1729       1
     331     4034    4035       1
     738     1731    4034       1
     739     4035    1731       1
     185     4036    4037       1
     740     1730    4036       1
     738     4037    1730       1
     332     4038    4039       1
     739     1732    4038       1
     740     4039    1732       1
     328     4040    4041       1
     741     1734    4040       1
     742     4041    1734       1
     187     4042    4043       1
     743     1733    4042       1
     741     4043    1733       1
     333     4044    4045       1
     742     1735    4044       1
     743     4045    1735       1
     283     4046    4047       1
     744     1737    4046       1
     745     4047    1737       1
     189     4048    4049       1
     746     1736    4048       1
     744     4049    1736       1
     334     4050    4051       1
     745     1738    4050       1
     746     4051    1738       1
     332     4052    4053       1
     747     1740    4052       1
     748     4053    1740       1
     188     4054    4055       1
     749     1739    4054       1
     747     4055    1739       1
     286     4056    4057       1
     748     1741    4056       1
     749     4057    1741       1
     335     4058    4059       1
     750     1743    4058       1
     751     4059    1743       1
     190     4060    4061       1
     752     1742    4060       1
     750     4061    1742       1
     330     4062    4063       1
     751     1744    4062       1
     752     4063    1744       1
     327     4064    4065       1
     753     1746    4064       1
     754     4065    1746       1
     192     4066    4067       1
     755     1745    4066       1
     753     4067    1745       1
     336     4068    4069       1
     754     1747    4068       1
     755     4069    1747       1
     281     4070    4071       1
     756     1749    4070       1
     757     4071    1749       1
     191     4072    4073       1
     758     1748    4072       1
     756     4073    1748       1
     329     4074    4075       1
     757     1750    4074       1
     758     4075    1750       1
     337     4076    4077       1
     759     1752    4076       1
     760     4077    1752       1
     193     4078    4079       1
     761     1751    4078       1
     759     4079    1751       1
     280     4080    4081       1
     760     1753    4080       1
     761     4081    1753       1
     338     4082    4083       1
     762     1755    4082       1
     763     4083    1755       1
     195     4084    4085       1
     764     1754    4084       1
     762     4085    1754       1
     339     4086    4087       1
     763     1756    4086       1
     764     4087    1756       1
     300     4088    4089       1
     765     1758    4088       1
     766     4089    1758       1
     194     4090    4091       1
     767     1757    4090       1
     765     4091    1757       1
     340     4092    4093       1
     766     1759    4092       1
     767     4093    1759       1
     341     4094    4095       1
     768     1761    4094       1
     769     4095    1761       1
     196     4096    4097       1
     770     1760    4096       1
     768     4097    1760       1
     301     4098    4099       1
     769     1762    4098       1
     770     4099    1762       1
     342     4100    4101       1
     771     1764    4100       1
     772     4101    1764       1
     198     4102    4103       1
     773     1763    4102       1
     771     4103    1763       1
     338     4104    4105       1
     772     1765    4104       1
     773     4105    1765       1
     298     4106    4107       1
     774     1767    4106       1
     775     4107    1767       1
     197     4108    4109       1
     776     1766    4108       1
     774     4109    1766       1
     343     4110    4111       1
     775     1768    4110       1
     776     4111    1768       1
     340     4112    4113       1
     777     1770    4112       1
     778     4113    1770       1
     199     4114    4115       1
     779     1769    4114       1
     777     4115    1769       1
     299     4116    4117       1
     778     1771    4116       1
     779     4117    1771       1
     312     4118    4119       1
     780     1773    4118       1
     781     4119    1773       1
     201     4120    4121       1
     782     1772    4120       1
     780     4121    1772       1
     344     4122    4123       1
     781     1774    4122       1
     782     4123    1774       1
     343     4124    4125       1
     783     1776    4124       1
     784     4125    1776       1
     200     4126    4127       1
     785     1775    4126       1
     783     4127    1775       1
     313     4128    4129       1
     784     1777    4128       1
     785     4129    1777       1
     345     4130    4131       1
     786     1779    4130       1
     787     4131    1779       1
     202     4132    4133       1
     788     1778    4132       1
     786     4133    1778       1
     342     4134    4135       1
     787     1780    4134       1
     788     4135    1780       1
     339     4136    4137       1
     789     1782    4136       1
     790     4137    1782       1
     204     4138    4139       1
     791     1781    4138       1
     789     4139    1781       1
     346     4140    4141       1
     790     1783    4140       1
     791     4141    1783       1
     334     4142    4143       1
     792     1785    4142       1
     793     4143    1785       1
     203     4144    4145       1
     794     1784    4144       1
     792     4145    1784       1
     341     4146    4147       1
     793     1786    4146       1
     794     4147    1786       1
     347     4148    4149       1
     795     1788    4148       1
     796     4149    1788       1
     205     4150    4151       1
     797     1787    4150       1
     795     4151    1787       1
     335     4152    4153       1
     796     1789    4152       1
     797     4153    1789       1
     346     4154    4155       1
     798     1791    4154       1
     799     4155    1791       1
     207     4156    4157       1
     800     1790    4156       1
     798     4157    1790       1
     348     4158    4159       1
     799     1792    4158       1
     800     4159    1792       1
     336     4160    4161       1
     801     1794    4160       1
     802     4161    1794       1
     206     4162    4163       1
     803     1793    4162       1
     801     4163    1793       1
     347     4164    4165       1
     802     1795    4164       1
     803     4165    1795       1
     349     4166    4167       1
     804     1797    4166       1
     805     4167    1797       1
     208     4168    4169       1
     806     1796    4168       1
     804     4169    1796       1
     337     4170    4171       1
     805     1798    4170       1
     806     4171    1798       1
     348     4172    4173       1
     807     1800    4172       1
     808     4173    1800       1
     210     4174    4175       1
     809     1799    4174       1
     807     4175    1799       1
     350     4176    4177       1
     808     1801    4176       1
     809     4177    1801       1
     322     4178    4179       1
     810     1803    4178       1
     811     4179    1803       1
     209     4180    4181       1
     812     1802    4180       1
     810     4181    1802       1
     349     4182    4183       1
     811     1804    4182       1
     812     4183    1804       1
     351     4184    4185       1
     813     1806    4184       1
     814     4185    1806       1
     211     4186    4187       1
     815     1805    4186       1
     813     4187    1805       1
     323     4188    4189       1
     814     1807    4188       1
     815     4189    1807       1
     350     4190    4191       1
     816     1809    4190       1
     817     4191    1809       1
     213     4192    4193       1
     818     1808    4192       1
     816     4193    1808       1
     352     4194    4195       1
     817     1810    4194       1
     818     4195    1810       1
     324     4196    4197       1
     819     1812    4196       1
     820     4197    1812       1
     212     4198    4199       1
     821     1811    4198       1
     819     4199    1811       1
     351     4200    4201       1
     820     1813    4200       1
     821     4201    1813       1
     353     4202    4203       1
     822     1815    4202       1
     823     4203    1815       1
     214     4204    4205       1
     824     1814    4204       1
     822     4205    1814       1
     325     4206    4207       1
     823     1816    4206       1
     824     4207    1816       1
     344     4208    4209       1
     825     1818    4208       1
     826     4209    1818       1
     216     4210    4211       1
     827     1817    4210       1
     825     4211    1817       1
     311     4212    4213       1
     826     1819    4212       1
     827     4213    1819       1
     352     4214    4215       1
     828     1821    4214       1
     829     4215    1821       1
     215     4216    4217       1
     830     1820    4216       1
     828     4217    1820       1
     345     4218    4219       1
     829     1822    4218       1
     830     4219    1822       1
     310     4220    4221       1
     831     1824    4220       1
     832     4221    1824       1
     217     4222    4223       1
     833     1823    4222       1
     831     4223    1823       1
     353     4224    4225       1
     832     1825    4224       1
     833     4225    1825       1
      30     4226    4227       1
     834     1827    4226       1
     835     4227    1827       1
      98     3267    4228       1
     355     1826    3267       1
     834     4228    1826       1
      99     4229    3270       1
     835     1828    4229       1
     355     3270    1828       1
      32     4230    4231       1
     836     1830    4230       1
     837     4231    1830       1
     100     3269    4232       1
     354     1829    3269       1
     836     4232    1829       1
      98     4233    3266       1
     837     1831    4233       1
     354     3266    1831       1
      31     4234    4235       1
     838     1833    4234       1
     839     4235    1833       1
      99     3271    4236       1
     356     1832    3271       1
     838     4236    1832       1
     100     4237    3268       1
     839     1834    4237       1
     356     3268    1834       1
      33     4238    4239       1
     840     1836    4238       1
     841     4239    1836       1
     101     3273    4240       1
     358     1835    3273       1
     840     4240    1835       1
     102     4241    3276       1
     841     1837    4241       1
     358     3276    1837       1
      34     4242    4243       1
     842     1839    4242       1
     843     4243    1839       1
     103     3275    4244       1
     357     1838    3275       1
     842     4244    1838       1
     101     4245    3272       1
     843     1840    4245       1
     357     3272    1840       1
      30     4246    4247       1
     844     1842    4246       1
     845     4247    1842       1
     102     3277    4248       1
     359     1841    3277       1
     844     4248    1841       1
     103     4249    3274       1
     845     1843    4249       1
     359     3274    1843       1
      35     4250    4251       1
     846     1845    4250       1
     847     4251    1845       1
     104     3279    4252       1
     361     1844    3279       1
     846     4252    1844       1
     105     4253    3282       1
     847     1846    4253       1
     361     3282    1846       1
      37     4254    4255       1
     848     1848    4254       1
     849     4255    1848       1
     106     3281    4256       1
     360     1847    3281       1
     848     4256    1847       1
     104     4257    3278       1
     849     1849    4257       1
     360     3278    1849       1
      36     4258    4259       1
     850     1851    4258       1
     851     4259    1851       1
     105     3283    4260       1
     362     1850    3283       1
     850     4260    1850       1
     106     4261    3280       1
     851     1852    4261       1
     362     3280    1852       1
      38     4262    4263       1
     852     1854    4262       1
     853     4263    1854       1
     107     3285    4264       1
     364     1853    3285       1
     852     4264    1853       1
     108     4265    3288       1
     853     1855    4265       1
     364     3288    1855       1
      39     4266    4267       1
     854     1857    4266       1
     855     4267    1857       1
     109     3287    4268       1
     363     1856    3287       1
     854     4268    1856       1
     107     4269    3284       1
     855     1858    4269       1
     363     3284    1858       1
      35     4270    4271       1
     856     1860    4270       1
     857     4271    1860       1
     108     3289    4272       1
     365     1859    3289       1
     856     4272    1859       1
     109     4273    3286       1
     857     1861    4273       1
     365     3286    1861       1
      40     4274    4275       1
     858     1863    4274       1
     859     4275    1863       1
     110     3291    4276       1
     367     1862    3291       1
     858     4276    1862       1
     111     4277    3294       1
     859     1864    4277       1
     367     3294    1864       1
      42     4278    4279       1
     860     1866    4278       1
     861     4279    1866       1
     112     3293    4280       1
     366     1865    3293       1
     860     4280    1865       1
     110     4281    3290       1
     861     1867    4281       1
     366     3290    1867       1
      41     4282    4283       1
     862     1869    4282       1
     863     4283    1869       1
     111     3295    4284       1
     368     1868    3295       1
     862     4284    1868       1
     112     4285    3292       1
     863     1870    4285       1
     368     3292    1870       1
      43     4286    4287       1
     864     1872    4286       1
     865     4287    1872       1
     113     3297    4288       1
     370     1871    3297       1
     864     4288    1871       1
     114     4289    3300       1
     865     1873    4289       1
     370     3300    1873       1
      44     4290    4291       1
     866     1875    4290       1
     867     4291    1875       1
     115     3299    4292       1
     369     1874    3299       1
     866     4292    1874       1
     113     4293    3296       1
     867     1876    4293       1
     369     3296    1876       1
      40     4294    4295       1
     868     1878    4294       1
     869     4295    1878       1
     114     3301    4296       1
     371     1877    3301       1
     868     4296    1877       1
     115     4297    3298       1
     869     1879    4297       1
     371     3298    1879       1
      45     4298    4299       1
     870     1881    4298       1
     871     4299    1881       1
     116     3303    4300       1
     373     1880    3303       1
     870     4300    1880       1
     117     4301    3306       1
     871     1882    4301       1
     373     3306    1882       1
      47     4302    4303       1
     872     1884    4302       1
     873     4303    1884       1
     118     3305    4304       1
     372     1883    3305       1
     872     4304    1883       1
     116     4305    3302       1
     873     1885    4305       1
     372     3302    1885       1
      46     4306    4307       1
     874     1887    4306       1
     875     4307    1887       1
     117     3307    4308       1
     374     1886    3307       1
     874     4308    1886       1
     118     4309    3304       1
     875     1888    4309       1
     374     3304    1888       1
      48     4310    4311       1
     876     1890    4310       1
     877     4311    1890       1
     119     3309    4312       1
     376     1889    3309       1
     876     4312    1889       1
     120     4313    3312       1
     877     1891    4313       1
     376     3312    1891       1
      49     4314    4315       1
     878     1893    4314       1
     879     4315    1893       1
     121     3311    4316       1
     375     1892    3311       1
     878     4316    1892       1
     119     4317    3308       1
     879     1894    4317       1
     375     3308    1894       1
      45     4318    4319       1
     880     1896    4318       1
     881     4319    1896       1
     120     3313    4320       1
     377     1895    3313       1
     880     4320    1895       1
     121     4321    3310       1
     881     1897    4321       1
     377     3310    1897       1
      50     4322    4323       1
     882     1899    4322       1
     883     4323    1899       1
     122     3315    4324       1
     379     1898    3315       1
     882     4324    1898       1
     123     4325    3318       1
     883     1900    4325       1
     379     3318    1900       1
      52     4326    4327       1
     884     1902    4326       1
     885     4327    1902       1
     124     3317    4328       1
     378     1901    3317       1
     884     4328    1901       1
     122     4329    3314       1
     885     1903    4329       1
     378     3314    1903       1
      51     4330    4331       1
     886     1905    4330       1
     887     4331    1905       1
     123     3319    4332       1
     380     1904    3319       1
     886     4332    1904       1
     124     4333    3316       1
     887     1906    4333       1
     380     3316    1906       1
      53     4334    4335       1
     888     1908    4334       1
     889     4335    1908       1
     125     3321    4336       1
     382     1907    3321       1
     888     4336    1907       1
     126     4337    3324       1
     889     1909    4337       1
     382     3324    1909       1
      36     4338    4339       1
     890     1911    4338       1
     891     4339    1911       1
     127     3323    4340       1
     381     1910    3323       1
     890     4340    1910       1
     125     4341    3320       1
     891     1912    4341       1
     381     3320    1912       1
      50     4342    4343       1
     892     1914    4342       1
     893     4343    1914       1
     126     3325    4344       1
     383     1913    3325       1
     892     4344    1913       1
     127     4345    3322       1
     893     1915    4345       1
     383     3322    1915       1
      54     4346    4347       1
     894     1917    4346       1
     895     4347    1917       1
     128     3327    4348       1
     385     1916    3327       1
     894     4348    1916       1
     129     4349    3330       1
     895     1918    4349       1
     385     3330    1918       1
      56     4350    4351       1
     896     1920    4350       1
     897     4351    1920       1
     130     3329    4352       1
     384     1919    3329       1
     896     4352    1919       1
     128     4353    3326       1
     897     1921    4353       1
     384     3326    1921       1
      55     4354    4355       1
     898     1923    4354       1
     899     4355    1923       1
     129     3331    4356       1
     386     1922    3331       1
     898     4356    1922       1
     130     4357    3328       1
     899     1924    4357       1
     386     3328    1924       1
      57     4358    4359       1
     900     1926    4358       1
     901     4359    1926       1
     131     3333    4360       1
     388     1925    3333       1
     900     4360    1925       1
     132     4361    3336       1
     901     1927    4361       1
     388     3336    1927       1
      41     4362    4363       1
     902     1929    4362       1
     903     4363    1929       1
     133     3335    4364       1
     387     1928    3335       1
     902     4364    1928       1
     131     4365    3332       1
     903     1930    4365       1
     387     3332    1930       1
      54     4366    4367       1
     904     1932    4366       1
     905     4367    1932       1
     132     3337    4368       1
     389     1931    3337       1
     904     4368    1931       1
     133     4369    3334       1
     905     1933    4369       1
     389     3334    1933       1
      58     4370    4371       1
     906     1935    4370       1
     907     4371    1935       1
     134     3339    4372       1
     391     1934    3339       1
     906     4372    1934       1
     135     4373    3342       1
     907     1936    4373       1
     391     3342    1936       1
      60     4374    4375       1
     908     1938    4374       1
     909     4375    1938       1
     136     3341    4376       1
     390     1937    3341       1
     908     4376    1937       1
     134     4377    3338       1
     909     1939    4377       1
     390     3338    1939       1
      59     4378    4379       1
     910     1941    4378       1
     911     4379    1941       1
     135     3343    4380       1
     392     1940    3343       1
     910     4380    1940       1
     136     4381    3340       1
     911     1942    4381       1
     392     3340    1942       1
      61     4382    4383       1
     912     1944    4382       1
     913     4383    1944       1
     137     3345    4384       1
     394     1943    3345       1
     912     4384    1943       1
     138     4385    3348       1
     913     1945    4385       1
     394     3348    1945       1
      46     4386    4387       1
     914     1947    4386       1
     915     4387    1947       1
     139     3347    4388       1
     393     1946    3347       1
     914     4388    1946       1
     137     4389    3344       1
     915     1948    4389       1
     393     3344    1948       1
      58     4390    4391       1
     916     1950    4390       1
     917     4391    1950       1
     138     3349    4392       1
     395     1949    3349       1
     916     4392    1949       1
     139     4393    3346       1
     917     1951    4393       1
     395     3346    1951       1
      62     4394    4395       1
     918     1953    4394       1
     919     4395    1953       1
     140     3351    4396       1
     397     1952    3351       1
     918     4396    1952       1
     141     4397    3354       1
     919     1954    4397       1
     397     3354    1954       1
      64     4398    4399       1
     920     1956    4398       1
     921     4399    1956       1
     142     3353    4400       1
     396     1955    3353       1
     920     4400    1955       1
     140     4401    3350       1
     921     1957    4401       1
     396     3350    1957       1
      63     4402    4403       1
     922     1959    4402       1
     923     4403    1959       1
     141     3355    4404       1
     398     1958    3355       1
     922     4404    1958       1
     142     4405    3352       1
     923     1960    4405       1
     398     3352    1960       1
      65     4406    4407       1
     924     1962    4406       1
     925     4407    1962       1
     143     3357    4408       1
     400     1961    3357       1
     924     4408    1961       1
     144     4409    3360       1
     925     1963    4409       1
     400     3360    1963       1
      31     4410    4411       1
     926     1965    4410       1
     927     4411    1965       1
     145     3359    4412       1
     399     1964    3359       1
     926     4412    1964       1
     143     4413    3356       1
     927     1966    4413       1
     399     3356    1966       1
      62     4414    4415       1
     928     1968    4414       1
     929     4415    1968       1
     144     3361    4416       1
     401     1967    3361       1
     928     4416    1967       1
     145     4417    3358       1
     929     1969    4417       1
     401     3358    1969       1
      66     4418    4419       1
     930     1971    4418       1
     931     4419    1971       1
     146     3363    4420       1
     403     1970    3363       1
     930     4420    1970       1
     147     4421    3366       1
     931     1972    4421       1
     403     3366    1972       1
      33     4422    4423       1
     932     1974    4422       1
     933     4423    1974       1
     148     3365    4424       1
     402     1973    3365       1
     932     4424    1973       1
     146     4425    3362       1
     933     1975    4425       1
     402     3362    1975       1
      67     4426    4427       1
     934     1977    4426       1
     935     4427    1977       1
     147     3367    4428       1
     404     1976    3367       1
     934     4428    1976       1
     148     4429    3364       1
     935     1978    4429       1
     404     3364    1978       1
      68     4430    4431       1
     936     1980    4430       1
     937     4431    1980       1
     149     3369    4432       1
     406     1979    3369       1
     936     4432    1979       1
     150     4433    3372       1
     937     1981    4433       1
     406     3372    1981       1
      69     4434    4435       1
     938     1983    4434       1
     939     4435    1983       1
     151     3371    4436       1
     405     1982    3371       1
     938     4436    1982       1
     149     4437    3368       1
     939     1984    4437       1
     405     3368    1984       1
      66     4438    4439       1
     940     1986    4438       1
     941     4439    1986       1
     150     3373    4440       1
     407     1985    3373       1
     940     4440    1985       1
     151     4441    3370       1
     941     1987    4441       1
     407     3370    1987       1
      51     4442    4443       1
     942     1989    4442       1
     943     4443    1989       1
     152     3375    4444       1
     409     1988    3375       1
     942     4444    1988       1
     153     4445    3378       1
     943     1990    4445       1
     409     3378    1990       1
      68     4446    4447       1
     944     1992    4446       1
     945     4447    1992       1
     154     3377    4448       1
     408     1991    3377       1
     944     4448    1991       1
     152     4449    3374       1
     945     1993    4449       1
     408     3374    1993       1
      70     4450    4451       1
     946     1995    4450       1
     947     4451    1995       1
     153     3379    4452       1
     410     1994    3379       1
     946     4452    1994       1
     154     4453    3376       1
     947     1996    4453       1
     410     3376    1996       1
      67     4454    4455       1
     948     1998    4454       1
     949     4455    1998       1
     155     3381    4456       1
     412     1997    3381       1
     948     4456    1997       1
     156     4457    3384       1
     949     1999    4457       1
     412     3384    1999       1
      65     4458    4459       1
     950     2001    4458       1
     951     4459    2001       1
     157     3383    4460       1
     411     2000    3383       1
     950     4460    2000       1
     155     4461    3380       1
     951     2002    4461       1
     411     3380    2002       1
      71     4462    4463       1
     952     2004    4462       1
     953     4463    2004       1
     156     3385    4464       1
     413     2003    3385       1
     952     4464    2003       1
     157     4465    3382       1
     953     2005    4465       1
     413     3382    2005       1
      72     4466    4467       1
     954     2007    4466       1
     955     4467    2007       1
     158     3387    4468       1
     415     2006    3387       1
     954     4468    2006       1
     159     4469    3390       1
     955     2008    4469       1
     415     3390    2008       1
      38     4470    4471       1
     956     2010    4470       1
     957     4471    2010       1
     160     3389    4472       1
     414     2009    3389       1
     956     4472    2009       1
     158     4473    3386       1
     957     2011    4473       1
     414     3386    2011       1
      73     4474    4475       1
     958     2013    4474       1
     959     4475    2013       1
     159     3391    4476       1
     416     2012    3391       1
     958     4476    2012       1
     160     4477    3388       1
     959     2014    4477       1
     416     3388    2014       1
      74     4478    4479       1
     960     2016    4478       1
     961     4479    2016       1
     161     3393    4480       1
     418     2015    3393       1
     960     4480    2015       1
     162     4481    3396       1
     961     2017    4481       1
     418     3396    2017       1
      75     4482    4483       1
     962     2019    4482       1
     963     4483    2019       1
     163     3395    4484       1
     417     2018    3395       1
     962     4484    2018       1
     161     4485    3392       1
     963     2020    4485       1
     417     3392    2020       1
      72     4486    4487       1
     964     2022    4486       1
     965     4487    2022       1
     162     3397    4488       1
     419     2021    3397       1
     964     4488    2021       1
     163     4489    3394       1
     965     2023    4489       1
     419     3394    2023       1
      55     4490    4491       1
     966     2025    4490       1
     967     4491    2025       1
     164     3399    4492       1
     421     2024    3399       1
     966     4492    2024       1
     165     4493    3402       1
     967     2026    4493       1
     421     3402    2026       1
      74     4494    4495       1
     968     2028    4494       1
     969     4495    2028       1
     166     3401    4496       1
     420     2027    3401       1
     968     4496    2027       1
     164     4497    3398       1
     969     2029    4497       1
     420     3398    2029       1
      76     4498    4499       1
     970     2031    4498       1
     971     4499    2031       1
     165     3403    4500       1
     422     2030    3403       1
     970     4500    2030       1
     166     4501    3400       1
     971     2032    4501       1
     422     3400    2032       1
      73     4502    4503       1
     972     2034    4502       1
     973     4503    2034       1
     167     3405    4504       1
     424     2033    3405       1
     972     4504    2033       1
     168     4505    3408       1
     973     2035    4505       1
     424     3408    2035       1
      53     4506    4507       1
     974     2037    4506       1
     975     4507    2037       1
     169     3407    4508       1
     423     2036    3407       1
     974     4508    2036       1
     167     4509    3404       1
     975     2038    4509       1
     423     3404    2038       1
      77     4510    4511       1
     976     2040    4510       1
     977     4511    2040       1
     168     3409    4512       1
     425     2039    3409       1
     976     4512    2039       1
     169     4513    3406       1
     977     2041    4513       1
     425     3406    2041       1
      78     4514    4515       1
     978     2043    4514       1
     979     4515    2043       1
     170     3411    4516       1
     427     2042    3411       1
     978     4516    2042       1
     171     4517    3414       1
     979     2044    4517       1
     427     3414    2044       1
      43     4518    4519       1
     980     2046    4518       1
     981     4519    2046       1
     172     3413    4520       1
     426     2045    3413       1
     980     4520    2045       1
     170     4521    3410       1
     981     2047    4521       1
     426     3410    2047       1
      79     4522    4523       1
     982     2049    4522       1
     983     4523    2049       1
     171     3415    4524       1
     428     2048    3415       1
     982     4524    2048       1
     172     4525    3412       1
     983     2050    4525       1
     428     3412    2050       1
      80     4526    4527       1
     984     2052    4526       1
     985     4527    2052       1
     173     3417    4528       1
     430     2051    3417       1
     984     4528    2051       1
     174     4529    3420       1
     985     2053    4529       1
     430     3420    2053       1
      81     4530    4531       1
     986     2055    4530       1
     987     4531    2055       1
     175     3419    4532       1
     429     2054    3419       1
     986     4532    2054       1
     173     4533    3416       1
     987     2056    4533       1
     429     3416    2056       1
      78     4534    4535       1
     988     2058    4534       1
     989     4535    2058       1
     174     3421    4536       1
     431     2057    3421       1
     988     4536    2057       1
     175     4537    3418       1
     989     2059    4537       1
     431     3418    2059       1
      59     4538    4539       1
     990     2061    4538       1
     991     4539    2061       1
     176     3423    4540       1
     433     2060    3423       1
     990     4540    2060       1
     177     4541    3426       1
     991     2062    4541       1
     433     3426    2062       1
      80     4542    4543       1
     992     2064    4542       1
     993     4543    2064       1
     178     3425    4544       1
     432     2063    3425       1
     992     4544    2063       1
     176     4545    3422       1
     993     2065    4545       1
     432     3422    2065       1
      82     4546    4547       1
     994     2067    4546       1
     995     4547    2067       1
     177     3427    4548       1
     434     2066    3427       1
     994     4548    2066       1
     178     4549    3424       1
     995     2068    4549       1
     434     3424    2068       1
      79     4550    4551       1
     996     2070    4550       1
     997     4551    2070       1
     179     3429    4552       1
     436     2069    3429       1
     996     4552    2069       1
     180     4553    3432       1
     997     2071    4553       1
     436     3432    2071       1
      57     4554    4555       1
     998     2073    4554       1
     999     4555    2073       1
     181     3431    4556       1
     435     2072    3431       1
     998     4556    2072       1
     179     4557    3428       1
     999     2074    4557       1
     435     3428    2074       1
      83     4558    4559       1
    1000     2076    4558       1
    1001     4559    2076       1
     180     3433    4560       1
     437     2075    3433       1
    1000     4560    2075       1
     181     4561    3430       1
    1001     2077    4561       1
     437     3430    2077       1
      84     4562    4563       1
    1002     2079    4562       1
    1003     4563    2079       1
     182     3435    4564       1
     439     2078    3435       1
    1002     4564    2078       1
     183     4565    3438       1
    1003     2080    4565       1
     439     3438    2080       1
      48     4566    4567       1
    1004     2082    4566       1
    1005     4567    2082       1
     184     3437    4568       1
     438     2081    3437       1
    1004     4568    2081       1
     182     4569    3434       1
    1005     2083    4569       1
     438     3434    2083       1
      85     4570    4571       1
    1006     2085    4570       1
    1007     4571    2085       1
     183     3439    4572       1
     440     2084    3439       1
    1006     4572    2084       1
     184     4573    3436       1
    1007     2086    4573       1
     440     3436    2086       1
      86     4574    4575       1
    1008     2088    4574       1
    1009     4575    2088       1
     185     3441    4576       1
     442     2087    3441       1
    1008     4576    2087       1
     186     4577    3444       1
    1009     2089    4577       1
     442     3444    2089       1
      87     4578    4579       1
    1010     2091    4578       1
    1011     4579    2091       1
     187     3443    4580       1
     441     2090    3443       1
    1010     4580    2090       1
     185     4581    3440       1
    1011     2092    4581       1
     441     3440    2092       1
      84     4582    4583       1
    1012     2094    4582       1
    1013     4583    2094       1
     186     3445    4584       1
     443     2093    3445       1
    1012     4584    2093       1
     187     4585    3442       1
    1013     2095    4585       1
     443     3442    2095       1
      63     4586    4587       1
    1014     2097    4586       1
    1015     4587    2097       1
     188     3447    4588       1
     445     2096    3447       1
    1014     4588    2096       1
     189     4589    3450       1
    1015     2098    4589       1
     445     3450    2098       1
      86     4590    4591       1
    1016     2100    4590       1
    1017     4591    2100       1
     190     3449    4592       1
     444     2099    3449       1
    1016     4592    2099       1
     188     4593    3446       1
    1017     2101    4593       1
     444     3446    2101       1
      88     4594    4595       1
    1018     2103    4594       1
    1019     4595    2103       1
     189     3451    4596       1
     446     2102    3451       1
    1018     4596    2102       1
     190     4597    3448       1
    1019     2104    4597       1
     446     3448    2104       1
      85     4598    4599       1
    1020     2106    4598       1
    1021     4599    2106       1
     191     3453    4600       1
     448     2105    3453       1
    1020     4600    2105       1
     192     4601    3456       1
    1021     2107    4601       1
     448     3456    2107       1
      61     4602    4603       1
    1022     2109    4602       1
    1023     4603    2109       1
     193     3455    4604       1
     447     2108    3455       1
    1022     4604    2108       1
     191     4605    3452       1
    1023     2110    4605       1
     447     3452    2110       1
      89     4606    4607       1
    1024     2112    4606       1
    1025     4607    2112       1
     192     3457    4608       1
     449     2111    3457       1
    1024     4608    2111       1
     193     4609    3454       1
    1025     2113    4609       1
     449     3454    2113       1
      90     4610    4611       1
    1026     2115    4610       1
    1027     4611    2115       1
     194     3459    4612       1
     451     2114    3459       1
    1026     4612    2114       1
     195     4613    3462       1
    1027     2116    4613       1
     451     3462    2116       1
      71     4614    4615       1
    1028     2118    4614       1
    1029     4615    2118       1
     196     3461    4616       1
     450     2117    3461       1
    1028     4616    2117       1
     194     4617    3458       1
    1029     2119    4617       1
     450     3458    2119       1
      91     4618    4619       1
    1030     2121    4618       1
    1031     4619    2121       1
     195     3463    4620       1
     452     2120    3463       1
    1030     4620    2120       1
     196     4621    3460       1
    1031     2122    4621       1
     452     3460    2122       1
      92     4622    4623       1
    1032     2124    4622       1
    1033     4623    2124       1
     197     3465    4624       1
     454     2123    3465       1
    1032     4624    2123       1
     198     4625    3468       1
    1033     2125    4625       1
     454     3468    2125       1
      70     4626    4627       1
    1034     2127    4626       1
    1035     4627    2127       1
     199     3467    4628       1
     453     2126    3467       1
    1034     4628    2126       1
     197     4629    3464       1
    1035     2128    4629       1
     453     3464    2128       1
      90     4630    4631       1
    1036     2130    4630       1
    1037     4631    2130       1
     198     3469    4632       1
     455     2129    3469       1
    1036     4632    2129       1
     199     4633    3466       1
    1037     2131    4633       1
     455     3466    2131       1
      77     4634    4635       1
    1038     2133    4634       1
    1039     4635    2133       1
     200     3471    4636       1
     457     2132    3471       1
    1038     4636    2132       1
     201     4637    3474       1
    1039     2134    4637       1
     457     3474    2134       1
      92     4638    4639       1
    1040     2136    4638       1
    1041     4639    2136       1
     202     3473    4640       1
     456     2135    3473       1
    1040     4640    2135       1
     200     4641    3470       1
    1041     2137    4641       1
     456     3470    2137       1
      93     4642    4643       1
    1042     2139    4642       1
    1043     4643    2139       1
     201     3475    4644       1
     458     2138    3475       1
    1042     4644    2138       1
     202     4645    3472       1
    1043     2140    4645       1
     458     3472    2140       1
      91     4646    4647       1
    1044     2142    4646       1
    1045     4647    2142       1
     203     3477    4648       1
     460     2141    3477       1
    1044     4648    2141       1
     204     4649    3480       1
    1045     2143    4649       1
     460     3480    2143       1
      88     4650    4651       1
    1046     2145    4650       1
    1047     4651    2145       1
     205     3479    4652       1
     459     2144    3479       1
    1046     4652    2144       1
     203     4653    3476       1
    1047     2146    4653       1
     459     3476    2146       1
      94     4654    4655       1
    1048     2148    4654       1
    1049     4655    2148       1
     204     3481    4656       1
     461     2147    3481       1
    1048     4656    2147       1
     205     4657    3478       1
    1049     2149    4657       1
     461     3478    2149       1
      94     4658    4659       1
    1050     2151    4658       1
    1051     4659    2151       1
     206     3483    4660       1
     463     2150    3483       1
    1050     4660    2150       1
     207     4661    3486       1
    1051     2152    4661       1
     463     3486    2152       1
      89     4662    4663       1
    1052     2154    4662       1
    1053     4663    2154       1
     208     3485    4664       1
     462     2153    3485       1
    1052     4664    2153       1
     206     4665    3482       1
    1053     2155    4665       1
     462     3482    2155       1
      95     4666    4667       1
    1054     2157    4666       1
    1055     4667    2157       1
     207     3487    4668       1
     464     2156    3487       1
    1054     4668    2156       1
     208     4669    3484       1
    1055     2158    4669       1
     464     3484    2158       1
      95     4670    4671       1
    1056     2160    4670       1
    1057     4671    2160       1
     209     3489    4672       1
     466     2159    3489       1
    1056     4672    2159       1
     210     4673    3492       1
    1057     2161    4673       1
     466     3492    2161       1
      82     4674    4675       1
    1058     2163    4674       1
    1059     4675    2163       1
     211     3491    4676       1
     465     2162    3491       1
    1058     4676    2162       1
     209     4677    3488       1
    1059     2164    4677       1
     465     3488    2164       1
      96     4678    4679       1
    1060     2166    4678       1
    1061     4679    2166       1
     210     3493    4680       1
     467     2165    3493       1
    1060     4680    2165       1
     211     4681    3490       1
    1061     2167    4681       1
     467     3490    2167       1
      96     4682    4683       1
    1062     2169    4682       1
    1063     4683    2169       1
     212     3495    4684       1
     469     2168    3495       1
    1062     4684    2168       1
     213     4685    3498       1
    1063     2170    4685       1
     469     3498    2170       1
      83     4686    4687       1
    1064     2172    4686       1
    1065     4687    2172       1
     214     3497    4688       1
     468     2171    3497       1
    1064     4688    2171       1
     212     4689    3494       1
    1065     2173    4689       1
     468     3494    2173       1
      97     4690    4691       1
    1066     2175    4690       1
    1067     4691    2175       1
     213     3499    4692       1
     470     2174    3499       1
    1066     4692    2174       1
     214     4693    3496       1
    1067     2176    4693       1
     470     3496    2176       1
      93     4694    4695       1
    1068     2178    4694       1
    1069     4695    2178       1
     215     3501    4696       1
     472     2177    3501       1
    1068     4696    2177       1
     216     4697    3504       1
    1069     2179    4697       1
     472     3504    2179       1
      97     4698    4699       1
    1070     2181    4698       1
    1071     4699    2181       1
     217     3503    4700       1
     471     2180    3503       1
    1070     4700    2180       1
     215     4701    3500       1
    1071     2182    4701       1
     471     3500    2182       1
      76     4702    4703       1
    1072     2184    4702       1
    1073     4703    2184       1
     216     3505    4704       1
     473     2183    3505       1
    1072     4704    2183       1
     217     4705    3502       1
    1073     2185    4705       1
     473     3502    2185       1
       3     4706    4707       1
    1074     2187    4706       1
    1075     4707    2187       1
     218     3507    4708       1
     475     2186    3507       1
    1074     4708    2186       1
     219     4709    3510       1
    1075     2188    4709       1
     475     3510    2188       1
      30     4227    4710       1
     835     2190    4227       1
    1076     4710    2190       1
      99     3509    4229       1
     474     2189    3509       1
     835     4229    2189       1
     218     4711    3506       1
    1076     2191    4711       1
     474     3506    2191       1
      31     4712    4234       1
    1077     2193    4712       1
     838     4234    2193       1
     219     3511    4713       1
     476     2192    3511       1
    1077     4713    2192       1
      99     4236    3508       1
     838     2194    4236       1
     476     3508    2194       1
       1     4714    4715       1
    1078     2196    4714       1
    1079     4715    2196       1
     220     3513    4716       1
     478     2195    3513       1
    1078     4716    2195       1
     221     4717    3516       1
    1079     2197    4717       1
     478     3516    2197       1
      32     4231    4718       1
     837     2199    4231       1
    1080     4718    2199       1
      98     3515    4233       1
     477     2198    3515       1
     837     4233    2198       1
     220     4719    3512       1
    1080     2200    4719       1
     477     3512    2200       1
      30     4720    4226       1
    1081     2202    4720       1
     834     4226    2202       1
     221     3517    4721       1
     479     2201    3517       1
    1081     4721    2201       1
      98     4228    3514       1
     834     2203    4228       1
     479     3514    2203       1
       2     4722    4723       1
    1082     2205    4722       1
    1083     4723    2205       1
     222     3519    4724       1
     481     2204    3519       1
    1082     4724    2204       1
     223     4725    3522       1
    1083     2206    4725       1
     481     3522    2206       1
      31     4235    4726       1
     839     2208    4235       1
    1084     4726    2208       1
     100     3521    4237       1
     480     2207    3521       1
     839     4237    2207       1
     222     4727    3518       1
    1084     2209    4727       1
     480     3518    2209       1
      32     4728    4230       1
    1085     2211    4728       1
     836     4230    2211       1
     223     3523    4729       1
     482     2210    3523       1
    1085     4729    2210       1
     100     4232    3520       1
     836     2212    4232       1
     482     3520    2212       1
       3     4730    4706       1
    1086     2214    4730       1
    1074     4706    2214       1
     224     3525    4731       1
     484     2213    3525       1
    1086     4731    2213       1
     218     4708    3528       1
    1074     2215    4708       1
     484     3528    2215       1
      33     4239    4732       1
     841     2217    4239       1
    1087     4732    2217       1
     102     3527    4241       1
     483     2216    3527       1
     841     4241    2216       1
     224     4733    3524       1
    1087     2218    4733       1
     483     3524    2218       1
      30     4710    4246       1
    1076     2220    4710       1
     844     4246    2220       1
     218     3529    4711       1
     485     2219    3529       1
    1076     4711    2219       1
     102     4248    3526       1
     844     2221    4248       1
     485     3526    2221       1
       4     4734    4735       1
    1088     2223    4734       1
    1089     4735    2223       1
     225     3531    4736       1
     487     2222    3531       1
    1088     4736    2222       1
     226     4737    3534       1
    1089     2224    4737       1
     487     3534    2224       1
      34     4243    4738       1
     843     2226    4243       1
    1090     4738    2226       1
     101     3533    4245       1
     486     2225    3533       1
     843     4245    2225       1
     225     4739    3530       1
    1090     2227    4739       1
     486     3530    2227       1
      33     4740    4238       1
    1091     2229    4740       1
     840     4238    2229       1
     226     3535    4741       1
     488     2228    3535       1
    1091     4741    2228       1
     101     4240    3532       1
     840     2230    4240       1
     488     3532    2230       1
       1     4715    4742       1
    1079     2232    4715       1
    1092     4742    2232       1
     221     3537    4717       1
     490     2231    3537       1
    1079     4717    2231       1
     227     4743    3540       1
    1092     2233    4743       1
     490     3540    2233       1
      30     4247    4720       1
     845     2235    4247       1
    1081     4720    2235       1
     103     3539    4249       1
     489     2234    3539       1
     845     4249    2234       1
     221     4721    3536       1
    1081     2236    4721       1
     489     3536    2236       1
      34     4744    4242       1
    1093     2238    4744       1
     842     4242    2238       1
     227     3541    4745       1
     491     2237    3541       1
    1093     4745    2237       1
     103     4244    3538       1
     842     2239    4244       1
     491     3538    2239       1
      20     4746    4747       1
    1094     2241    4746       1
    1095     4747    2241       1
     228     3543    4748       1
     493     2240    3543       1
    1094     4748    2240       1
     229     4749    3546       1
    1095     2242    4749       1
     493     3546    2242       1
      35     4251    4750       1
     847     2244    4251       1
    1096     4750    2244       1
     105     3545    4253       1
     492     2243    3545       1
     847     4253    2243       1
     228     4751    3542       1
    1096     2245    4751       1
     492     3542    2245       1
      36     4752    4258       1
    1097     2247    4752       1
     850     4258    2247       1
     229     3547    4753       1
     494     2246    3547       1
    1097     4753    2246       1
     105     4260    3544       1
     850     2248    4260       1
     494     3544    2248       1
      21     4754    4755       1
    1098     2250    4754       1
    1099     4755    2250       1
     230     3549    4756       1
     496     2249    3549       1
    1098     4756    2249       1
     231     4757    3552       1
    1099     2251    4757       1
     496     3552    2251       1
      37     4255    4758       1
     849     2253    4255       1
    1100     4758    2253       1
     104     3551    4257       1
     495     2252    3551       1
     849     4257    2252       1
     230     4759    3548       1
    1100     2254    4759       1
     495     3548    2254       1
      35     4760    4250       1
    1101     2256    4760       1
     846     4250    2256       1
     231     3553    4761       1
     497     2255    3553       1
    1101     4761    2255       1
     104     4252    3550       1
     846     2257    4252       1
     497     3550    2257       1
      13     4762    4763       1
    1102     2259    4762       1
    1103     4763    2259       1
     232     3555    4764       1
     499     2258    3555       1
    1102     4764    2258       1
     233     4765    3558       1
    1103     2260    4765       1
     499     3558    2260       1
      36     4259    4766       1
     851     2262    4259       1
    1104     4766    2262       1
     106     3557    4261       1
     498     2261    3557       1
     851     4261    2261       1
     232     4767    3554       1
    1104     2263    4767       1
     498     3554    2263       1
      37     4768    4254       1
    1105     2265    4768       1
     848     4254    2265       1
     233     3559    4769       1
     500     2264    3559       1
    1105     4769    2264       1
     106     4256    3556       1
     848     2266    4256       1
     500     3556    2266       1
      20     4770    4746       1
    1106     2268    4770       1
    1094     4746    2268       1
     234     3561    4771       1
     502     2267    3561       1
    1106     4771    2267       1
     228     4748    3564       1
    1094     2269    4748       1
     502     3564    2269       1
      38     4263    4772       1
     853     2271    4263       1
    1107     4772    2271       1
     108     3563    4265       1
     501     2270    3563       1
     853     4265    2270       1
     234     4773    3560       1
    1107     2272    4773       1
     501     3560    2272       1
      35     4750    4270       1
    1096     2274    4750       1
     856     4270    2274       1
     228     3565    4751       1
     503     2273    3565       1
    1096     4751    2273       1
     108     4272    3562       1
     856     2275    4272       1
     503     3562    2275       1
      24     4774    4775       1
    1108     2277    4774       1
    1109     4775    2277       1
     235     3567    4776       1
     505     2276    3567       1
    1108     4776    2276       1
     236     4777    3570       1
    1109     2278    4777       1
     505     3570    2278       1
      39     4267    4778       1
     855     2280    4267       1
    1110     4778    2280       1
     107     3569    4269       1
     504     2279    3569       1
     855     4269    2279       1
     235     4779    3566       1
    1110     2281    4779       1
     504     3566    2281       1
      38     4780    4262       1
    1111     2283    4780       1
     852     4262    2283       1
     236     3571    4781       1
     506     2282    3571       1
    1111     4781    2282       1
     107     4264    3568       1
     852     2284    4264       1
     506     3568    2284       1
      21     4755    4782       1
    1099     2286    4755       1
    1112     4782    2286       1
     231     3573    4757       1
     508     2285    3573       1
    1099     4757    2285       1
     237     4783    3576       1
    1112     2287    4783       1
     508     3576    2287       1
      35     4271    4760       1
     857     2289    4271       1
    1101     4760    2289       1
     109     3575    4273       1
     507     2288    3575       1
     857     4273    2288       1
     231     4761    3572       1
    1101     2290    4761       1
     507     3572    2290       1
      39     4784    4266       1
    1113     2292    4784       1
     854     4266    2292       1
     237     3577    4785       1
     509     2291    3577       1
    1113     4785    2291       1
     109     4268    3574       1
     854     2293    4268       1
     509     3574    2293       1
      27     4786    4787       1
    1114     2295    4786       1
    1115     4787    2295       1
     238     3579    4788       1
     511     2294    3579       1
    1114     4788    2294       1
     239     4789    3582       1
    1115     2296    4789       1
     511     3582    2296       1
      40     4275    4790       1
     859     2298    4275       1
    1116     4790    2298       1
     111     3581    4277       1
     510     2297    3581       1
     859     4277    2297       1
     238     4791    3578       1
    1116     2299    4791       1
     510     3578    2299       1
      41     4792    4282       1
    1117     2301    4792       1
     862     4282    2301       1
     239     3583    4793       1
     512     2300    3583       1
    1117     4793    2300       1
     111     4284    3580       1
     862     2302    4284       1
     512     3580    2302       1
      29     4794    4795       1
    1118     2304    4794       1
    1119     4795    2304       1
     240     3585    4796       1
     514     2303    3585       1
    1118     4796    2303       1
     241     4797    3588       1
    1119     2305    4797       1
     514     3588    2305       1
      42     4279    4798       1
     861     2307    4279       1
    1120     4798    2307       1
     110     3587    4281       1
     513     2306    3587       1
     861     4281    2306       1
     240     4799    3584       1
    1120     2308    4799       1
     513     3584    2308       1
      40     4800    4274       1
    1121     2310    4800       1
     858     4274    2310       1
     241     3589    4801       1
     515     2309    3589       1
    1121     4801    2309       1
     110     4276    3586       1
     858     2311    4276       1
     515     3586    2311       1
      28     4802    4803       1
    1122     2313    4802       1
    1123     4803    2313       1
     242     3591    4804       1
     517     2312    3591       1
    1122     4804    2312       1
     243     4805    3594       1
    1123     2314    4805       1
     517     3594    2314       1
      41     4283    4806       1
     863     2316    4283       1
    1124     4806    2316       1
     112     3593    4285       1
     516     2315    3593       1
     863     4285    2315       1
     242     4807    3590       1
    1124     2317    4807       1
     516     3590    2317       1
      42     4808    4278       1
    1125     2319    4808       1
     860     4278    2319       1
     243     3595    4809       1
     518     2318    3595       1
    1125     4809    2318       1
     112     4280    3592       1
     860     2320    4280       1
     518     3592    2320       1
      27     4810    4786       1
    1126     2322    4810       1
    1114     4786    2322       1
     244     3597    4811       1
     520     2321    3597       1
    1126     4811    2321       1
     238     4788    3600       1
    1114     2323    4788       1
     520     3600    2323       1
      43     4287    4812       1
     865     2325    4287       1
    1127     4812    2325       1
     114     3599    4289       1
     519     2324    3599       1
     865     4289    2324       1
     244     4813    3596       1
    1127     2326    4813       1
     519     3596    2326       1
      40     4790    4294       1
    1116     2328    4790       1
     868     4294    2328       1
     238     3601    4791       1
     521     2327    3601       1
    1116     4791    2327       1
     114     4296    3598       1
     868     2329    4296       1
     521     3598    2329       1
      26     4814    4815       1
    1128     2331    4814       1
    1129     4815    2331       1
     245     3603    4816       1
     523     2330    3603       1
    1128     4816    2330       1
     246     4817    3606       1
    1129     2332    4817       1
     523     3606    2332       1
      44     4291    4818       1
     867     2334    4291       1
    1130     4818    2334       1
     113     3605    4293       1
     522     2333    3605       1
     867     4293    2333       1
     245     4819    3602       1
    1130     2335    4819       1
     522     3602    2335       1
      43     4820    4286       1
    1131     2337    4820       1
     864     4286    2337       1
     246     3607    4821       1
     524     2336    3607       1
    1131     4821    2336       1
     113     4288    3604       1
     864     2338    4288       1
     524     3604    2338       1
      29     4795    4822       1
    1119     2340    4795       1
    1132     4822    2340       1
     241     3609    4797       1
     526     2339    3609       1
    1119     4797    2339       1
     247     4823    3612       1
    1132     2341    4823       1
     526     3612    2341       1
      40     4295    4800       1
     869     2343    4295       1
    1121     4800    2343       1
     115     3611    4297       1
     525     2342    3611       1
     869     4297    2342       1
     241     4801    3608       1
    1121     2344    4801       1
     525     3608    2344       1
      44     4824    4290       1
    1133     2346    4824       1
     866     4290    2346       1
     247     3613    4825       1
     527     2345    3613       1
    1133     4825    2345       1
     115     4292    3610       1
     866     2347    4292       1
     527     3610    2347       1
      15     4826    4827       1
    1134     2349    4826       1
    1135     4827    2349       1
     248     3615    4828       1
     529     2348    3615       1
    1134     4828    2348       1
     249     4829    3618       1
    1135     2350    4829       1
     529     3618    2350       1
      45     4299    4830       1
     871     2352    4299       1
    1136     4830    2352       1
     117     3617    4301       1
     528     2351    3617       1
     871     4301    2351       1
     248     4831    3614       1
    1136     2353    4831       1
     528     3614    2353       1
      46     4832    4306       1
    1137     2355    4832       1
     874     4306    2355       1
     249     3619    4833       1
     530     2354    3619       1
    1137     4833    2354       1
     117     4308    3616       1
     874     2356    4308       1
     530     3616    2356       1
      14     4834    4835       1
    1138     2358    4834       1
    1139     4835    2358       1
     250     3621    4836       1
     532     2357    3621       1
    1138     4836    2357       1
     251     4837    3624       1
    1139     2359    4837       1
     532     3624    2359       1
      47     4303    4838       1
     873     2361    4303       1
    1140     4838    2361       1
     116     3623    4305       1
     531     2360    3623       1
     873     4305    2360       1
     250     4839    3620       1
    1140     2362    4839       1
     531     3620    2362       1
      45     4840    4298       1
    1141     2364    4840       1
     870     4298    2364       1
     251     3625    4841       1
     533     2363    3625       1
    1141     4841    2363       1
     116     4300    3622       1
     870     2365    4300       1
     533     3622    2365       1
      22     4842    4843       1
    1142     2367    4842       1
    1143     4843    2367       1
     252     3627    4844       1
     535     2366    3627       1
    1142     4844    2366       1
     253     4845    3630       1
    1143     2368    4845       1
     535     3630    2368       1
      46     4307    4846       1
     875     2370    4307       1
    1144     4846    2370       1
     118     3629    4309       1
     534     2369    3629       1
     875     4309    2369       1
     252     4847    3626       1
    1144     2371    4847       1
     534     3626    2371       1
      47     4848    4302       1
    1145     2373    4848       1
     872     4302    2373       1
     253     3631    4849       1
     536     2372    3631       1
    1145     4849    2372       1
     118     4304    3628       1
     872     2374    4304       1
     536     3628    2374       1
      15     4850    4826       1
    1146     2376    4850       1
    1134     4826    2376       1
     254     3633    4851       1
     538     2375    3633       1
    1146     4851    2375       1
     248     4828    3636       1
    1134     2377    4828       1
     538     3636    2377       1
      48     4311    4852       1
     877     2379    4311       1
    1147     4852    2379       1
     120     3635    4313       1
     537     2378    3635       1
     877     4313    2378       1
     254     4853    3632       1
    1147     2380    4853       1
     537     3632    2380       1
      45     4830    4318       1
    1136     2382    4830       1
     880     4318    2382       1
     248     3637    4831       1
     539     2381    3637       1
    1136     4831    2381       1
     120     4320    3634       1
     880     2383    4320       1
     539     3634    2383       1
       9     4854    4855       1
    1148     2385    4854       1
    1149     4855    2385       1
     255     3639    4856       1
     541     2384    3639       1
    1148     4856    2384       1
     256     4857    3642       1
    1149     2386    4857       1
     541     3642    2386       1
      49     4315    4858       1
     879     2388    4315       1
    1150     4858    2388       1
     119     3641    4317       1
     540     2387    3641       1
     879     4317    2387       1
     255     4859    3638       1
    1150     2389    4859       1
     540     3638    2389       1
      48     4860    4310       1
    1151     2391    4860       1
     876     4310    2391       1
     256     3643    4861       1
     542     2390    3643       1
    1151     4861    2390       1
     119     4312    3640       1
     876     2392    4312       1
     542     3640    2392       1
      14     4835    4862       1
    1139     2394    4835       1
    1152     4862    2394       1
     251     3645    4837       1
     544     2393    3645       1
    1139     4837    2393       1
     257     4863    3648       1
    1152     2395    4863       1
     544     3648    2395       1
      45     4319    4840       1
     881     2397    4319       1
    1141     4840    2397       1
     121     3647    4321       1
     543     2396    3647       1
     881     4321    2396       1
     251     4841    3644       1
    1141     2398    4841       1
     543     3644    2398       1
      49     4864    4314       1
    1153     2400    4864       1
     878     4314    2400       1
     257     3649    4865       1
     545     2399    3649       1
    1153     4865    2399       1
     121     4316    3646       1
     878     2401    4316       1
     545     3646    2401       1
      12     4866    4867       1
    1154     2403    4866       1
    1155     4867    2403       1
     258     3651    4868       1
     547     2402    3651       1
    1154     4868    2402       1
     259     4869    3654       1
    1155     2404    4869       1
     547     3654    2404       1
      50     4323    4870       1
     883     2406    4323       1
    1156     4870    2406       1
     123     3653    4325       1
     546     2405    3653       1
     883     4325    2405       1
     258     4871    3650       1
    1156     2407    4871       1
     546     3650    2407       1
      51     4872    4330       1
    1157     2409    4872       1
     886     4330    2409       1
     259     3655    4873       1
     548     2408    3655       1
    1157     4873    2408       1
     123     4332    3652       1
     886     2410    4332       1
     548     3652    2410       1
      13     4874    4875       1
    1158     2412    4874       1
    1159     4875    2412       1
     260     3657    4876       1
     550     2411    3657       1
    1158     4876    2411       1
     261     4877    3660       1
    1159     2413    4877       1
     550     3660    2413       1
      52     4327    4878       1
     885     2415    4327       1
    1160     4878    2415       1
     122     3659    4329       1
     549     2414    3659       1
     885     4329    2414       1
     260     4879    3656       1
    1160     2416    4879       1
     549     3656    2416       1
      50     4880    4322       1
    1161     2418    4880       1
     882     4322    2418       1
     261     3661    4881       1
     551     2417    3661       1
    1161     4881    2417       1
     122     4324    3658       1
     882     2419    4324       1
     551     3658    2419       1
       8     4882    4883       1
    1162     2421    4882       1
    1163     4883    2421       1
     262     3663    4884       1
     553     2420    3663       1
    1162     4884    2420       1
     263     4885    3666       1
    1163     2422    4885       1
     553     3666    2422       1
      51     4331    4886       1
     887     2424    4331       1
    1164     4886    2424       1
     124     3665    4333       1
     552     2423    3665       1
     887     4333    2423       1
     262     4887    3662       1
    1164     2425    4887       1
     552     3662    2425       1
      52     4888    4326       1
    1165     2427    4888       1
     884     4326    2427       1
     263     3667    4889       1
     554     2426    3667       1
    1165     4889    2426       1
     124     4328    3664       1
     884     2428    4328       1
     554     3664    2428       1
      12     4890    4866       1
    1166     2430    4890       1
    1154     4866    2430       1
     264     3669    4891       1
     556     2429    3669       1
    1166     4891    2429       1
     258     4868    3672       1
    1154     2431    4868       1
     556     3672    2431       1
      53     4335    4892       1
     889     2433    4335       1
    1167     4892    2433       1
     126     3671    4337       1
     555     2432    3671       1
     889     4337    2432       1
     264     4893    3668       1
    1167     2434    4893       1
     555     3668    2434       1
      50     4870    4342       1
    1156     2436    4870       1
     892     4342    2436       1
     258     3673    4871       1
     557     2435    3673       1
    1156     4871    2435       1
     126     4344    3670       1
     892     2437    4344       1
     557     3670    2437       1
      20     4747    4894       1
    1095     2439    4747       1
    1168     4894    2439       1
     229     3675    4749       1
     559     2438    3675       1
    1095     4749    2438       1
     265     4895    3678       1
    1168     2440    4895       1
     559     3678    2440       1
      36     4339    4752       1
     891     2442    4339       1
    1097     4752    2442       1
     125     3677    4341       1
     558     2441    3677       1
     891     4341    2441       1
     229     4753    3674       1
    1097     2443    4753       1
     558     3674    2443       1
      53     4896    4334       1
    1169     2445    4896       1
     888     4334    2445       1
     265     3679    4897       1
     560     2444    3679       1
    1169     4897    2444       1
     125     4336    3676       1
     888     2446    4336       1
     560     3676    2446       1
      13     4875    4762       1
    1159     2448    4875       1
    1102     4762    2448       1
     261     3681    4877       1
     562     2447    3681       1
    1159     4877    2447       1
     232     4764    3684       1
    1102     2449    4764       1
     562     3684    2449       1
      50     4343    4880       1
     893     2451    4343       1
    1161     4880    2451       1
     127     3683    4345       1
     561     2450    3683       1
     893     4345    2450       1
     261     4881    3680       1
    1161     2452    4881       1
     561     3680    2452       1
      36     4766    4338       1
    1104     2454    4766       1
     890     4338    2454       1
     232     3685    4767       1
     563     2453    3685       1
    1104     4767    2453       1
     127     4340    3682       1
     890     2455    4340       1
     563     3682    2455       1
      19     4898    4899       1
    1170     2457    4898       1
    1171     4899    2457       1
     266     3687    4900       1
     565     2456    3687       1
    1170     4900    2456       1
     267     4901    3690       1
    1171     2458    4901       1
     565     3690    2458       1
      54     4347    4902       1
     895     2460    4347       1
    1172     4902    2460       1
     129     3689    4349       1
     564     2459    3689       1
     895     4349    2459       1
     266     4903    3686       1
    1172     2461    4903       1
     564     3686    2461       1
      55     4904    4354       1
    1173     2463    4904       1
     898     4354    2463       1
     267     3691    4905       1
     566     2462    3691       1
    1173     4905    2462       1
     129     4356    3688       1
     898     2464    4356       1
     566     3688    2464       1
      28     4906    4907       1
    1174     2466    4906       1
    1175     4907    2466       1
     268     3693    4908       1
     568     2465    3693       1
    1174     4908    2465       1
     269     4909    3696       1
    1175     2467    4909       1
     568     3696    2467       1
      56     4351    4910       1
     897     2469    4351       1
    1176     4910    2469       1
     128     3695    4353       1
     567     2468    3695       1
     897     4353    2468       1
     268     4911    3692       1
    1176     2470    4911       1
     567     3692    2470       1
      54     4912    4346       1
    1177     2472    4912       1
     894     4346    2472       1
     269     3697    4913       1
     569     2471    3697       1
    1177     4913    2471       1
     128     4348    3694       1
     894     2473    4348       1
     569     3694    2473       1
      25     4914    4915       1
    1178     2475    4914       1
    1179     4915    2475       1
     270     3699    4916       1
     571     2474    3699       1
    1178     4916    2474       1
     271     4917    3702       1
    1179     2476    4917       1
     571     3702    2476       1
      55     4355    4918       1
     899     2478    4355       1
    1180     4918    2478       1
     130     3701    4357       1
     570     2477    3701       1
     899     4357    2477       1
     270     4919    3698       1
    1180     2479    4919       1
     570     3698    2479       1
      56     4920    4350       1
    1181     2481    4920       1
     896     4350    2481       1
     271     3703    4921       1
     572     2480    3703       1
    1181     4921    2480       1
     130     4352    3700       1
     896     2482    4352       1
     572     3700    2482       1
      19     4922    4898       1
    1182     2484    4922       1
    1170     4898    2484       1
     272     3705    4923       1
     574     2483    3705       1
    1182     4923    2483       1
     266     4900    3708       1
    1170     2485    4900       1
     574     3708    2485       1
      57     4359    4924       1
     901     2487    4359       1
    1183     4924    2487       1
     132     3707    4361       1
     573     2486    3707       1
     901     4361    2486       1
     272     4925    3704       1
    1183     2488    4925       1
     573     3704    2488       1
      54     4902    4366       1
    1172     2490    4902       1
     904     4366    2490       1
     266     3709    4903       1
     575     2489    3709       1
    1172     4903    2489       1
     132     4368    3706       1
     904     2491    4368       1
     575     3706    2491       1
      27     4787    4926       1
    1115     2493    4787       1
    1184     4926    2493       1
     239     3711    4789       1
     577     2492    3711       1
    1115     4789    2492       1
     273     4927    3714       1
    1184     2494    4927       1
     577     3714    2494       1
      41     4363    4792       1
     903     2496    4363       1
    1117     4792    2496       1
     131     3713    4365       1
     576     2495    3713       1
     903     4365    2495       1
     239     4793    3710       1
    1117     2497    4793       1
     576     3710    2497       1
      57     4928    4358       1
    1185     2499    4928       1
     900     4358    2499       1
     273     3715    4929       1
     578     2498    3715       1
    1185     4929    2498       1
     131     4360    3712       1
     900     2500    4360       1
     578     3712    2500       1
      28     4907    4802       1
    1175     2502    4907       1
    1122     4802    2502       1
     269     3717    4909       1
     580     2501    3717       1
    1175     4909    2501       1
     242     4804    3720       1
    1122     2503    4804       1
     580     3720    2503       1
      54     4367    4912       1
     905     2505    4367       1
    1177     4912    2505       1
     133     3719    4369       1
     579     2504    3719       1
     905     4369    2504       1
     269     4913    3716       1
    1177     2506    4913       1
     579     3716    2506       1
      41     4806    4362       1
    1124     2508    4806       1
     902     4362    2508       1
     242     3721    4807       1
     581     2507    3721       1
    1124     4807    2507       1
     133     4364    3718       1
     902     2509    4364       1
     581     3718    2509       1
      16     4930    4931       1
    1186     2511    4930       1
    1187     4931    2511       1
     274     3723    4932       1
     583     2510    3723       1
    1186     4932    2510       1
     275     4933    3726       1
    1187     2512    4933       1
     583     3726    2512       1
      58     4371    4934       1
     907     2514    4371       1
    1188     4934    2514       1
     135     3725    4373       1
     582     2513    3725       1
     907     4373    2513       1
     274     4935    3722       1
    1188     2515    4935       1
     582     3722    2515       1
      59     4936    4378       1
    1189     2517    4936       1
     910     4378    2517       1
     275     3727    4937       1
     584     2516    3727       1
    1189     4937    2516       1
     135     4380    3724       1
     910     2518    4380       1
     584     3724    2518       1
      22     4938    4939       1
    1190     2520    4938       1
    1191     4939    2520       1
     276     3729    4940       1
     586     2519    3729       1
    1190     4940    2519       1
     277     4941    3732       1
    1191     2521    4941       1
     586     3732    2521       1
      60     4375    4942       1
     909     2523    4375       1
    1192     4942    2523       1
     134     3731    4377       1
     585     2522    3731       1
     909     4377    2522       1
     276     4943    3728       1
    1192     2524    4943       1
     585     3728    2524       1
      58     4944    4370       1
    1193     2526    4944       1
     906     4370    2526       1
     277     3733    4945       1
     587     2525    3733       1
    1193     4945    2525       1
     134     4372    3730       1
     906     2527    4372       1
     587     3730    2527       1
      23     4946    4947       1
    1194     2529    4946       1
    1195     4947    2529       1
     278     3735    4948       1
     589     2528    3735       1
    1194     4948    2528       1
     279     4949    3738       1
    1195     2530    4949       1
     589     3738    2530       1
      59     4379    4950       1
     911     2532    4379       1
    1196     4950    2532       1
     136     3737    4381       1
     588     2531    3737       1
     911     4381    2531       1
     278     4951    3734       1
    1196     2533    4951       1
     588     3734    2533       1
      60     4952    4374       1
    1197     2535    4952       1
     908     4374    2535       1
     279     3739    4953       1
     590     2534    3739       1
    1197     4953    2534       1
     136     4376    3736       1
     908     2536    4376       1
     590     3736    2536       1
      16     4954    4930       1
    1198     2538    4954       1
    1186     4930    2538       1
     280     3741    4955       1
     592     2537    3741       1
    1198     4955    2537       1
     274     4932    3744       1
    1186     2539    4932       1
     592     3744    2539       1
      61     4383    4956       1
     913     2541    4383       1
    1199     4956    2541       1
     138     3743    4385       1
     591     2540    3743       1
     913     4385    2540       1
     280     4957    3740       1
    1199     2542    4957       1
     591     3740    2542       1
      58     4934    4390       1
    1188     2544    4934       1
     916     4390    2544       1
     274     3745    4935       1
     593     2543    3745       1
    1188     4935    2543       1
     138     4392    3742       1
     916     2545    4392       1
     593     3742    2545       1
      15     4827    4958       1
    1135     2547    4827       1
    1200     4958    2547       1
     249     3747    4829       1
     595     2546    3747       1
    1135     4829    2546       1
     281     4959    3750       1
    1200     2548    4959       1
     595     3750    2548       1
      46     4387    4832       1
     915     2550    4387       1
    1137     4832    2550       1
     137     3749    4389       1
     594     2549    3749       1
     915     4389    2549       1
     249     4833    3746       1
    1137     2551    4833       1
     594     3746    2551       1
      61     4960    4382       1
    1201     2553    4960       1
     912     4382    2553       1
     281     3751    4961       1
     596     2552    3751       1
    1201     4961    2552       1
     137     4384    3748       1
     912     2554    4384       1
     596     3748    2554       1
      22     4939    4842       1
    1191     2556    4939       1
    1142     4842    2556       1
     277     3753    4941       1
     598     2555    3753       1
    1191     4941    2555       1
     252     4844    3756       1
    1142     2557    4844       1
     598     3756    2557       1
      58     4391    4944       1
     917     2559    4391       1
    1193     4944    2559       1
     139     3755    4393       1
     597     2558    3755       1
     917     4393    2558       1
     277     4945    3752       1
    1193     2560    4945       1
     597     3752    2560       1
      46     4846    4386       1
    1144     2562    4846       1
     914     4386    2562       1
     252     3757    4847       1
     599     2561    3757       1
    1144     4847    2561       1
     139     4388    3754       1
     914     2563    4388       1
     599     3754    2563       1
       6     4962    4963       1
    1202     2565    4962       1
    1203     4963    2565       1
     282     3759    4964       1
     601     2564    3759       1
    1202     4964    2564       1
     283     4965    3762       1
    1203     2566    4965       1
     601     3762    2566       1
      62     4395    4966       1
     919     2568    4395       1
    1204     4966    2568       1
     141     3761    4397       1
     600     2567    3761       1
     919     4397    2567       1
     282     4967    3758       1
    1204     2569    4967       1
     600     3758    2569       1
      63     4968    4402       1
    1205     2571    4968       1
     922     4402    2571       1
     283     3763    4969       1
     602     2570    3763       1
    1205     4969    2570       1
     141     4404    3760       1
     922     2572    4404       1
     602     3760    2572       1
       2     4970    4971       1
    1206     2574    4970       1
    1207     4971    2574       1
     284     3765    4972       1
     604     2573    3765       1
    1206     4972    2573       1
     285     4973    3768       1
    1207     2575    4973       1
     604     3768    2575       1
      64     4399    4974       1
     921     2577    4399       1
    1208     4974    2577       1
     140     3767    4401       1
     603     2576    3767       1
     921     4401    2576       1
     284     4975    3764       1
    1208     2578    4975       1
     603     3764    2578       1
      62     4976    4394       1
    1209     2580    4976       1
     918     4394    2580       1
     285     3769    4977       1
     605     2579    3769       1
    1209     4977    2579       1
     140     4396    3766       1
     918     2581    4396       1
     605     3766    2581       1
       5     4978    4979       1
    1210     2583    4978       1
    1211     4979    2583       1
     286     3771    4980       1
     607     2582    3771       1
    1210     4980    2582       1
     287     4981    3774       1
    1211     2584    4981       1
     607     3774    2584       1
      63     4403    4982       1
     923     2586    4403       1
    1212     4982    2586       1
     142     3773    4405       1
     606     2585    3773       1
     923     4405    2585       1
     286     4983    3770       1
    1212     2587    4983       1
     606     3770    2587       1
      64     4984    4398       1
    1213     2589    4984       1
     920     4398    2589       1
     287     3775    4985       1
     608     2588    3775       1
    1213     4985    2588       1
     142     4400    3772       1
     920     2590    4400       1
     608     3772    2590       1
       6     4986    4962       1
    1214     2592    4986       1
    1202     4962    2592       1
     288     3777    4987       1
     610     2591    3777       1
    1214     4987    2591       1
     282     4964    3780       1
    1202     2593    4964       1
     610     3780    2593       1
      65     4407    4988       1
     925     2595    4407       1
    1215     4988    2595       1
     144     3779    4409       1
     609     2594    3779       1
     925     4409    2594       1
     288     4989    3776       1
    1215     2596    4989       1
     609     3776    2596       1
      62     4966    4414       1
    1204     2598    4966       1
     928     4414    2598       1
     282     3781    4967       1
     611     2597    3781       1
    1204     4967    2597       1
     144     4416    3778       1
     928     2599    4416       1
     611     3778    2599       1
       3     4707    4990       1
    1075     2601    4707       1
    1216     4990    2601       1
     219     3783    4709       1
     613     2600    3783       1
    1075     4709    2600       1
     289     4991    3786       1
    1216     2602    4991       1
     613     3786    2602       1
      31     4411    4712       1
     927     2604    4411       1
    1077     4712    2604       1
     143     3785    4413       1
     612     2603    3785       1
     927     4413    2603       1
     219     4713    3782       1
    1077     2605    4713       1
     612     3782    2605       1
      65     4992    4406       1
    1217     2607    4992       1
     924     4406    2607       1
     289     3787    4993       1
     614     2606    3787       1
    1217     4993    2606       1
     143     4408    3784       1
     924     2608    4408       1
     614     3784    2608       1
       2     4971    4722       1
    1207     2610    4971       1
    1082     4722    2610       1
     285     3789    4973       1
     616     2609    3789       1
    1207     4973    2609       1
     222     4724    3792       1
    1082     2611    4724       1
     616     3792    2611       1
      62     4415    4976       1
     929     2613    4415       1
    1209     4976    2613       1
     145     3791    4417       1
     615     2612    3791       1
     929     4417    2612       1
     285     4977    3788       1
    1209     2614    4977       1
     615     3788    2614       1
      31     4726    4410       1
    1084     2616    4726       1
     926     4410    2616       1
     222     3793    4727       1
     617     2615    3793       1
    1084     4727    2615       1
     145     4412    3790       1
     926     2617    4412       1
     617     3790    2617       1
       7     4994    4995       1
    1218     2619    4994       1
    1219     4995    2619       1
     290     3795    4996       1
     619     2618    3795       1
    1218     4996    2618       1
     291     4997    3798       1
    1219     2620    4997       1
     619     3798    2620       1
      66     4419    4998       1
     931     2622    4419       1
    1220     4998    2622       1
     147     3797    4421       1
     618     2621    3797       1
     931     4421    2621       1
     290     4999    3794       1
    1220     2623    4999       1
     618     3794    2623       1
      67     5000    4426       1
    1221     2625    5000       1
     934     4426    2625       1
     291     3799    5001       1
     620     2624    3799       1
    1221     5001    2624       1
     147     4428    3796       1
     934     2626    4428       1
     620     3796    2626       1
       4     4735    5002       1
    1089     2628    4735       1
    1222     5002    2628       1
     226     3801    4737       1
     622     2627    3801       1
    1089     4737    2627       1
     292     5003    3804       1
    1222     2629    5003       1
     622     3804    2629       1
      33     4423    4740       1
     933     2631    4423       1
    1091     4740    2631       1
     146     3803    4425       1
     621     2630    3803       1
     933     4425    2630       1
     226     4741    3800       1
    1091     2632    4741       1
     621     3800    2632       1
      66     5004    4418       1
    1223     2634    5004       1
     930     4418    2634       1
     292     3805    5005       1
     623     2633    3805       1
    1223     5005    2633       1
     146     4420    3802       1
     930     2635    4420       1
     623     3802    2635       1
       3     5006    4730       1
    1224     2637    5006       1
    1086     4730    2637       1
     293     3807    5007       1
     625     2636    3807       1
    1224     5007    2636       1
     224     4731    3810       1
    1086     2638    4731       1
     625     3810    2638       1
      67     4427    5008       1
     935     2640    4427       1
    1225     5008    2640       1
     148     3809    4429       1
     624     2639    3809       1
     935     4429    2639       1
     293     5009    3806       1
    1225     2641    5009       1
     624     3806    2641       1
      33     4732    4422       1
    1087     2643    4732       1
     932     4422    2643       1
     224     3811    4733       1
     626     2642    3811       1
    1087     4733    2642       1
     148     4424    3808       1
     932     2644    4424       1
     626     3808    2644       1
       7     5010    4994       1
    1226     2646    5010       1
    1218     4994    2646       1
     294     3813    5011       1
     628     2645    3813       1
    1226     5011    2645       1
     290     4996    3816       1
    1218     2647    4996       1
     628     3816    2647       1
      68     4431    5012       1
     937     2649    4431       1
    1227     5012    2649       1
     150     3815    4433       1
     627     2648    3815       1
     937     4433    2648       1
     294     5013    3812       1
    1227     2650    5013       1
     627     3812    2650       1
      66     4998    4438       1
    1220     2652    4998       1
     940     4438    2652       1
     290     3817    4999       1
     629     2651    3817       1
    1220     4999    2651       1
     150     4440    3814       1
     940     2653    4440       1
     629     3814    2653       1
       8     5014    5015       1
    1228     2655    5014       1
    1229     5015    2655       1
     295     3819    5016       1
     631     2654    3819       1
    1228     5016    2654       1
     296     5017    3822       1
    1229     2656    5017       1
     631     3822    2656       1
      69     4435    5018       1
     939     2658    4435       1
    1230     5018    2658       1
     149     3821    4437       1
     630     2657    3821       1
     939     4437    2657       1
     295     5019    3818       1
    1230     2659    5019       1
     630     3818    2659       1
      68     5020    4430       1
    1231     2661    5020       1
     936     4430    2661       1
     296     3823    5021       1
     632     2660    3823       1
    1231     5021    2660       1
     149     4432    3820       1
     936     2662    4432       1
     632     3820    2662       1
       4     5002    5022       1
    1222     2664    5002       1
    1232     5022    2664       1
     292     3825    5003       1
     634     2663    3825       1
    1222     5003    2663       1
     297     5023    3828       1
    1232     2665    5023       1
     634     3828    2665       1
      66     4439    5004       1
     941     2667    4439       1
    1223     5004    2667       1
     151     3827    4441       1
     633     2666    3827       1
     941     4441    2666       1
     292     5005    3824       1
    1223     2668    5005       1
     633     3824    2668       1
      69     5024    4434       1
    1233     2670    5024       1
     938     4434    2670       1
     297     3829    5025       1
     635     2669    3829       1
    1233     5025    2669       1
     151     4436    3826       1
     938     2671    4436       1
     635     3826    2671       1
      12     4867    5026       1
    1155     2673    4867       1
    1234     5026    2673       1
     259     3831    4869       1
     637     2672    3831       1
    1155     4869    2672       1
     298     5027    3834       1
    1234     2674    5027       1
     637     3834    2674       1
      51     4443    4872       1
     943     2676    4443       1
    1157     4872    2676       1
     153     3833    4445       1
     636     2675    3833       1
     943     4445    2675       1
     259     4873    3830       1
    1157     2677    4873       1
     636     3830    2677       1
      70     5028    4450       1
    1235     2679    5028       1
     946     4450    2679       1
     298     3835    5029       1
     638     2678    3835       1
    1235     5029    2678       1
     153     4452    3832       1
     946     2680    4452       1
     638     3832    2680       1
       8     5015    4882       1
    1229     2682    5015       1
    1162     4882    2682       1
     296     3837    5017       1
     640     2681    3837       1
    1229     5017    2681       1
     262     4884    3840       1
    1162     2683    4884       1
     640     3840    2683       1
      68     4447    5020       1
     945     2685    4447       1
    1231     5020    2685       1
     152     3839    4449       1
     639     2684    3839       1
     945     4449    2684       1
     296     5021    3836       1
    1231     2686    5021       1
     639     3836    2686       1
      51     4886    4442       1
    1164     2688    4886       1
     942     4442    2688       1
     262     3841    4887       1
     641     2687    3841       1
    1164     4887    2687       1
     152     4444    3838       1
     942     2689    4444       1
     641     3838    2689       1
       7     5030    5010       1
    1236     2691    5030       1
    1226     5010    2691       1
     299     3843    5031       1
     643     2690    3843       1
    1236     5031    2690       1
     294     5011    3846       1
    1226     2692    5011       1
     643     3846    2692       1
      70     4451    5032       1
     947     2694    4451       1
    1237     5032    2694       1
     154     3845    4453       1
     642     2693    3845       1
     947     4453    2693       1
     299     5033    3842       1
    1237     2695    5033       1
     642     3842    2695       1
      68     5012    4446       1
    1227     2697    5012       1
     944     4446    2697       1
     294     3847    5013       1
     644     2696    3847       1
    1227     5013    2696       1
     154     4448    3844       1
     944     2698    4448       1
     644     3844    2698       1
       7     4995    5034       1
    1219     2700    4995       1
    1238     5034    2700       1
     291     3849    4997       1
     646     2699    3849       1
    1219     4997    2699       1
     300     5035    3852       1
    1238     2701    5035       1
     646     3852    2701       1
      67     4455    5000       1
     949     2703    4455       1
    1221     5000    2703       1
     156     3851    4457       1
     645     2702    3851       1
     949     4457    2702       1
     291     5001    3848       1
    1221     2704    5001       1
     645     3848    2704       1
      71     5036    4462       1
    1239     2706    5036       1
     952     4462    2706       1
     300     3853    5037       1
     647     2705    3853       1
    1239     5037    2705       1
     156     4464    3850       1
     952     2707    4464       1
     647     3850    2707       1
       3     4990    5006       1
    1216     2709    4990       1
    1224     5006    2709       1
     289     3855    4991       1
     649     2708    3855       1
    1216     4991    2708       1
     293     5007    3858       1
    1224     2710    5007       1
     649     3858    2710       1
      65     4459    4992       1
     951     2712    4459       1
    1217     4992    2712       1
     155     3857    4461       1
     648     2711    3857       1
     951     4461    2711       1
     289     4993    3854       1
    1217     2713    4993       1
     648     3854    2713       1
      67     5008    4454       1
    1225     2715    5008       1
     948     4454    2715       1
     293     3859    5009       1
     650     2714    3859       1
    1225     5009    2714       1
     155     4456    3856       1
     948     2716    4456       1
     650     3856    2716       1
       6     5038    4986       1
    1240     2718    5038       1
    1214     4986    2718       1
     301     3861    5039       1
     652     2717    3861       1
    1240     5039    2717       1
     288     4987    3864       1
    1214     2719    4987       1
     652     3864    2719       1
      71     4463    5040       1
     953     2721    4463       1
    1241     5040    2721       1
     157     3863    4465       1
     651     2720    3863       1
     953     4465    2720       1
     301     5041    3860       1
    1241     2722    5041       1
     651     3860    2722       1
      65     4988    4458       1
    1215     2724    4988       1
     950     4458    2724       1
     288     3865    4989       1
     653     2723    3865       1
    1215     4989    2723       1
     157     4460    3862       1
     950     2725    4460       1
     653     3862    2725       1
      17     5042    5043       1
    1242     2727    5042       1
    1243     5043    2727       1
     302     3867    5044       1
     655     2726    3867       1
    1242     5044    2726       1
     303     5045    3870       1
    1243     2728    5045       1
     655     3870    2728       1
      72     4467    5046       1
     955     2730    4467       1
    1244     5046    2730       1
     159     3869    4469       1
     654     2729    3869       1
     955     4469    2729       1
     302     5047    3866       1
    1244     2731    5047       1
     654     3866    2731       1
      73     5048    4474       1
    1245     2733    5048       1
     958     4474    2733       1
     303     3871    5049       1
     656     2732    3871       1
    1245     5049    2732       1
     159     4476    3868       1
     958     2734    4476       1
     656     3868    2734       1
      24     4775    5050       1
    1109     2736    4775       1
    1246     5050    2736       1
     236     3873    4777       1
     658     2735    3873       1
    1109     4777    2735       1
     304     5051    3876       1
    1246     2737    5051       1
     658     3876    2737       1
      38     4471    4780       1
     957     2739    4471       1
    1111     4780    2739       1
     158     3875    4473       1
     657     2738    3875       1
     957     4473    2738       1
     236     4781    3872       1
    1111     2740    4781       1
     657     3872    2740       1
      72     5052    4466       1
    1247     2742    5052       1
     954     4466    2742       1
     304     3877    5053       1
     659     2741    3877       1
    1247     5053    2741       1
     158     4468    3874       1
     954     2743    4468       1
     659     3874    2743       1
      20     5054    4770       1
    1248     2745    5054       1
    1106     4770    2745       1
     305     3879    5055       1
     661     2744    3879       1
    1248     5055    2744       1
     234     4771    3882       1
    1106     2746    4771       1
     661     3882    2746       1
      73     4475    5056       1
     959     2748    4475       1
    1249     5056    2748       1
     160     3881    4477       1
     660     2747    3881       1
     959     4477    2747       1
     305     5057    3878       1
    1249     2749    5057       1
     660     3878    2749       1
      38     4772    4470       1
    1107     2751    4772       1
     956     4470    2751       1
     234     3883    4773       1
     662     2750    3883       1
    1107     4773    2750       1
     160     4472    3880       1
     956     2752    4472       1
     662     3880    2752       1
      17     5058    5042       1
    1250     2754    5058       1
    1242     5042    2754       1
     306     3885    5059       1
     664     2753    3885       1
    1250     5059    2753       1
     302     5044    3888       1
    1242     2755    5044       1
     664     3888    2755       1
      74     4479    5060       1
     961     2757    4479       1
    1251     5060    2757       1
     162     3887    4481       1
     663     2756    3887       1
     961     4481    2756       1
     306     5061    3884       1
    1251     2758    5061       1
     663     3884    2758       1
      72     5046    4486       1
    1244     2760    5046       1
     964     4486    2760       1
     302     3889    5047       1
     665     2759    3889       1
    1244     5047    2759       1
     162     4488    3886       1
     964     2761    4488       1
     665     3886    2761       1
      25     5062    5063       1
    1252     2763    5062       1
    1253     5063    2763       1
     307     3891    5064       1
     667     2762    3891       1
    1252     5064    2762       1
     308     5065    3894       1
    1253     2764    5065       1
     667     3894    2764       1
      75     4483    5066       1
     963     2766    4483       1
    1254     5066    2766       1
     161     3893    4485       1
     666     2765    3893       1
     963     4485    2765       1
     307     5067    3890       1
    1254     2767    5067       1
     666     3890    2767       1
      74     5068    4478       1
    1255     2769    5068       1
     960     4478    2769       1
     308     3895    5069       1
     668     2768    3895       1
    1255     5069    2768       1
     161     4480    3892       1
     960     2770    4480       1
     668     3892    2770       1
      24     5050    5070       1
    1246     2772    5050       1
    1256     5070    2772       1
     304     3897    5051       1
     670     2771    3897       1
    1246     5051    2771       1
     309     5071    3900       1
    1256     2773    5071       1
     670     3900    2773       1
      72     4487    5052       1
     965     2775    4487       1
    1247     5052    2775       1
     163     3899    4489       1
     669     2774    3899       1
     965     4489    2774       1
     304     5053    3896       1
    1247     2776    5053       1
     669     3896    2776       1
      75     5072    4482       1
    1257     2778    5072       1
     962     4482    2778       1
     309     3901    5073       1
     671     2777    3901       1
    1257     5073    2777       1
     163     4484    3898       1
     962     2779    4484       1
     671     3898    2779       1
      19     4899    5074       1
    1171     2781    4899       1
    1258     5074    2781       1
     267     3903    4901       1
     673     2780    3903       1
    1171     4901    2780       1
     310     5075    3906       1
    1258     2782    5075       1
     673     3906    2782       1
      55     4491    4904       1
     967     2784    4491       1
    1173     4904    2784       1
     165     3905    4493       1
     672     2783    3905       1
     967     4493    2783       1
     267     4905    3902       1
    1173     2785    4905       1
     672     3902    2785       1
      76     5076    4498       1
    1259     2787    5076       1
     970     4498    2787       1
     310     3907    5077       1
     674     2786    3907       1
    1259     5077    2786       1
     165     4500    3904       1
     970     2788    4500       1
     674     3904    2788       1
      25     5063    4914       1
    1253     2790    5063       1
    1178     4914    2790       1
     308     3909    5065       1
     676     2789    3909       1
    1253     5065    2789       1
     270     4916    3912       1
    1178     2791    4916       1
     676     3912    2791       1
      74     4495    5068       1
     969     2793    4495       1
    1255     5068    2793       1
     164     3911    4497       1
     675     2792    3911       1
     969     4497    2792       1
     308     5069    3908       1
    1255     2794    5069       1
     675     3908    2794       1
      55     4918    4490       1
    1180     2796    4918       1
     966     4490    2796       1
     270     3913    4919       1
     677     2795    3913       1
    1180     4919    2795       1
     164     4492    3910       1
     966     2797    4492       1
     677     3910    2797       1
      17     5078    5058       1
    1260     2799    5078       1
    1250     5058    2799       1
     311     3915    5079       1
     679     2798    3915       1
    1260     5079    2798       1
     306     5059    3918       1
    1250     2800    5059       1
     679     3918    2800       1
      76     4499    5080       1
     971     2802    4499       1
    1261     5080    2802       1
     166     3917    4501       1
     678     2801    3917       1
     971     4501    2801       1
     311     5081    3914       1
    1261     2803    5081       1
     678     3914    2803       1
      74     5060    4494       1
    1251     2805    5060       1
     968     4494    2805       1
     306     3919    5061       1
     680     2804    3919       1
    1251     5061    2804       1
     166     4496    3916       1
     968     2806    4496       1
     680     3916    2806       1
      17     5043    5082       1
    1243     2808    5043       1
    1262     5082    2808       1
     303     3921    5045       1
     682     2807    3921       1
    1243     5045    2807       1
     312     5083    3924       1
    1262     2809    5083       1
     682     3924    2809       1
      73     4503    5048       1
     973     2811    4503       1
    1245     5048    2811       1
     168     3923    4505       1
     681     2810    3923       1
     973     4505    2810       1
     303     5049    3920       1
    1245     2812    5049       1
     681     3920    2812       1
      77     5084    4510       1
    1263     2814    5084       1
     976     4510    2814       1
     312     3925    5085       1
     683     2813    3925       1
    1263     5085    2813       1
     168     4512    3922       1
     976     2815    4512       1
     683     3922    2815       1
      20     4894    5054       1
    1168     2817    4894       1
    1248     5054    2817       1
     265     3927    4895       1
     685     2816    3927       1
    1168     4895    2816       1
     305     5055    3930       1
    1248     2818    5055       1
     685     3930    2818       1
      53     4507    4896       1
     975     2820    4507       1
    1169     4896    2820       1
     167     3929    4509       1
     684     2819    3929       1
     975     4509    2819       1
     265     4897    3926       1
    1169     2821    4897       1
     684     3926    2821       1
      73     5056    4502       1
    1249     2823    5056       1
     972     4502    2823       1
     305     3931    5057       1
     686     2822    3931       1
    1249     5057    2822       1
     167     4504    3928       1
     972     2824    4504       1
     686     3928    2824       1
      12     5086    4890       1
    1264     2826    5086       1
    1166     4890    2826       1
     313     3933    5087       1
     688     2825    3933       1
    1264     5087    2825       1
     264     4891    3936       1
    1166     2827    4891       1
     688     3936    2827       1
      77     4511    5088       1
     977     2829    4511       1
    1265     5088    2829       1
     169     3935    4513       1
     687     2828    3935       1
     977     4513    2828       1
     313     5089    3932       1
    1265     2830    5089       1
     687     3932    2830       1
      53     4892    4506       1
    1167     2832    4892       1
     974     4506    2832       1
     264     3937    4893       1
     689     2831    3937       1
    1167     4893    2831       1
     169     4508    3934       1
     974     2833    4508       1
     689     3934    2833       1
      18     5090    5091       1
    1266     2835    5090       1
    1267     5091    2835       1
     314     3939    5092       1
     691     2834    3939       1
    1266     5092    2834       1
     315     5093    3942       1
    1267     2836    5093       1
     691     3942    2836       1
      78     4515    5094       1
     979     2838    4515       1
    1268     5094    2838       1
     171     3941    4517       1
     690     2837    3941       1
     979     4517    2837       1
     314     5095    3938       1
    1268     2839    5095       1
     690     3938    2839       1
      79     5096    4522       1
    1269     2841    5096       1
     982     4522    2841       1
     315     3943    5097       1
     692     2840    3943       1
    1269     5097    2840       1
     171     4524    3940       1
     982     2842    4524       1
     692     3940    2842       1
      26     4815    5098       1
    1129     2844    4815       1
    1270     5098    2844       1
     246     3945    4817       1
     694     2843    3945       1
    1129     4817    2843       1
     316     5099    3948       1
    1270     2845    5099       1
     694     3948    2845       1
      43     4519    4820       1
     981     2847    4519       1
    1131     4820    2847       1
     170     3947    4521       1
     693     2846    3947       1
     981     4521    2846       1
     246     4821    3944       1
    1131     2848    4821       1
     693     3944    2848       1
      78     5100    4514       1
    1271     2850    5100       1
     978     4514    2850       1
     316     3949    5101       1
     695     2849    3949       1
    1271     5101    2849       1
     170     4516    3946       1
     978     2851    4516       1
     695     3946    2851       1
      27     5102    4810       1
    1272     2853    5102       1
    1126     4810    2853       1
     317     3951    5103       1
     697     2852    3951       1
    1272     5103    2852       1
     244     4811    3954       1
    1126     2854    4811       1
     697     3954    2854       1
      79     4523    5104       1
     983     2856    4523       1
    1273     5104    2856       1
     172     3953    4525       1
     696     2855    3953       1
     983     4525    2855       1
     317     5105    3950       1
    1273     2857    5105       1
     696     3950    2857       1
      43     4812    4518       1
    1127     2859    4812       1
     980     4518    2859       1
     244     3955    4813       1
     698     2858    3955       1
    1127     4813    2858       1
     172     4520    3952       1
     980     2860    4520       1
     698     3952    2860       1
      18     5106    5090       1
    1274     2862    5106       1
    1266     5090    2862       1
     318     3957    5107       1
     700     2861    3957       1
    1274     5107    2861       1
     314     5092    3960       1
    1266     2863    5092       1
     700     3960    2863       1
      80     4527    5108       1
     985     2865    4527       1
    1275     5108    2865       1
     174     3959    4529       1
     699     2864    3959       1
     985     4529    2864       1
     318     5109    3956       1
    1275     2866    5109       1
     699     3956    2866       1
      78     5094    4534       1
    1268     2868    5094       1
     988     4534    2868       1
     314     3961    5095       1
     701     2867    3961       1
    1268     5095    2867       1
     174     4536    3958       1
     988     2869    4536       1
     701     3958    2869       1
      23     5110    5111       1
    1276     2871    5110       1
    1277     5111    2871       1
     319     3963    5112       1
     703     2870    3963       1
    1276     5112    2870       1
     320     5113    3966       1
    1277     2872    5113       1
     703     3966    2872       1
      81     4531    5114       1
     987     2874    4531       1
    1278     5114    2874       1
     173     3965    4533       1
     702     2873    3965       1
     987     4533    2873       1
     319     5115    3962       1
    1278     2875    5115       1
     702     3962    2875       1
      80     5116    4526       1
    1279     2877    5116       1
     984     4526    2877       1
     320     3967    5117       1
     704     2876    3967       1
    1279     5117    2876       1
     173     4528    3964       1
     984     2878    4528       1
     704     3964    2878       1
      26     5098    5118       1
    1270     2880    5098       1
    1280     5118    2880       1
     316     3969    5099       1
     706     2879    3969       1
    1270     5099    2879       1
     321     5119    3972       1
    1280     2881    5119       1
     706     3972    2881       1
      78     4535    5100       1
     989     2883    4535       1
    1271     5100    2883       1
     175     3971    4537       1
     705     2882    3971       1
     989     4537    2882       1
     316     5101    3968       1
    1271     2884    5101       1
     705     3968    2884       1
      81     5120    4530       1
    1281     2886    5120       1
     986     4530    2886       1
     321     3973    5121       1
     707     2885    3973       1
    1281     5121    2885       1
     175     4532    3970       1
     986     2887    4532       1
     707     3970    2887       1
      16     4931    5122       1
    1187     2889    4931       1
    1282     5122    2889       1
     275     3975    4933       1
     709     2888    3975       1
    1187     4933    2888       1
     322     5123    3978       1
    1282     2890    5123       1
     709     3978    2890       1
      59     4539    4936       1
     991     2892    4539       1
    1189     4936    2892       1
     177     3977    4541       1
     708     2891    3977       1
     991     4541    2891       1
     275     4937    3974       1
    1189     2893    4937       1
     708     3974    2893       1
      82     5124    4546       1
    1283     2895    5124       1
     994     4546    2895       1
     322     3979    5125       1
     710     2894    3979       1
    1283     5125    2894       1
     177     4548    3976       1
     994     2896    4548       1
     710     3976    2896       1
      23     5111    4946       1
    1277     2898    5111       1
    1194     4946    2898       1
     320     3981    5113       1
     712     2897    3981       1
    1277     5113    2897       1
     278     4948    3984       1
    1194     2899    4948       1
     712     3984    2899       1
      80     4543    5116       1
     993     2901    4543       1
    1279     5116    2901       1
     176     3983    4545       1
     711     2900    3983       1
     993     4545    2900       1
     320     5117    3980       1
    1279     2902    5117       1
     711     3980    2902       1
      59     4950    4538       1
    1196     2904    4950       1
     990     4538    2904       1
     278     3985    4951       1
     713     2903    3985       1
    1196     4951    2903       1
     176     4540    3982       1
     990     2905    4540       1
     713     3982    2905       1
      18     5126    5106       1
    1284     2907    5126       1
    1274     5106    2907       1
     323     3987    5127       1
     715     2906    3987       1
    1284     5127    2906       1
     318     5107    3990       1
    1274     2908    5107       1
     715     3990    2908       1
      82     4547    5128       1
     995     2910    4547       1
    1285     5128    2910       1
     178     3989    4549       1
     714     2909    3989       1
     995     4549    2909       1
     323     5129    3986       1
    1285     2911    5129       1
     714     3986    2911       1
      80     5108    4542       1
    1275     2913    5108       1
     992     4542    2913       1
     318     3991    5109       1
     716     2912    3991       1
    1275     5109    2912       1
     178     4544    3988       1
     992     2914    4544       1
     716     3988    2914       1
      18     5091    5130       1
    1267     2916    5091       1
    1286     5130    2916       1
     315     3993    5093       1
     718     2915    3993       1
    1267     5093    2915       1
     324     5131    3996       1
    1286     2917    5131       1
     718     3996    2917       1
      79     4551    5096       1
     997     2919    4551       1
    1269     5096    2919       1
     180     3995    4553       1
     717     2918    3995       1
     997     4553    2918       1
     315     5097    3992       1
    1269     2920    5097       1
     717     3992    2920       1
      83     5132    4558       1
    1287     2922    5132       1
    1000     4558    2922       1
     324     3997    5133       1
     719     2921    3997       1
    1287     5133    2921       1
     180     4560    3994       1
    1000     2923    4560       1
     719     3994    2923       1
      27     4926    5102       1
    1184     2925    4926       1
    1272     5102    2925       1
     273     3999    4927       1
     721     2924    3999       1
    1184     4927    2924       1
     317     5103    4002       1
    1272     2926    5103       1
     721     4002    2926       1
      57     4555    4928       1
     999     2928    4555       1
    1185     4928    2928       1
     179     4001    4557       1
     720     2927    4001       1
     999     4557    2927       1
     273     4929    3998       1
    1185     2929    4929       1
     720     3998    2929       1
      79     5104    4550       1
    1273     2931    5104       1
     996     4550    2931       1
     317     4003    5105       1
     722     2930    4003       1
    1273     5105    2930       1
     179     4552    4000       1
     996     2932    4552       1
     722     4000    2932       1
      19     5134    4922       1
    1288     2934    5134       1
    1182     4922    2934       1
     325     4005    5135       1
     724     2933    4005       1
    1288     5135    2933       1
     272     4923    4008       1
    1182     2935    4923       1
     724     4008    2935       1
      83     4559    5136       1
    1001     2937    4559       1
    1289     5136    2937       1
     181     4007    4561       1
     723     2936    4007       1
    1001     4561    2936       1
     325     5137    4004       1
    1289     2938    5137       1
     723     4004    2938       1
      57     4924    4554       1
    1183     2940    4924       1
     998     4554    2940       1
     272     4009    4925       1
     725     2939    4009       1
    1183     4925    2939       1
     181     4556    4006       1
     998     2941    4556       1
     725     4006    2941       1
      10     5138    5139       1
    1290     2943    5138       1
    1291     5139    2943       1
     326     4011    5140       1
     727     2942    4011       1
    1290     5140    2942       1
     327     5141    4014       1
    1291     2944    5141       1
     727     4014    2944       1
      84     4563    5142       1
    1003     2946    4563       1
    1292     5142    2946       1
     183     4013    4565       1
     726     2945    4013       1
    1003     4565    2945       1
     326     5143    4010       1
    1292     2947    5143       1
     726     4010    2947       1
      85     5144    4570       1
    1293     2949    5144       1
    1006     4570    2949       1
     327     4015    5145       1
     728     2948    4015       1
    1293     5145    2948       1
     183     4572    4012       1
    1006     2950    4572       1
     728     4012    2950       1
       9     4855    5146       1
    1149     2952    4855       1
    1294     5146    2952       1
     256     4017    4857       1
     730     2951    4017       1
    1149     4857    2951       1
     328     5147    4020       1
    1294     2953    5147       1
     730     4020    2953       1
      48     4567    4860       1
    1005     2955    4567       1
    1151     4860    2955       1
     182     4019    4569       1
     729     2954    4019       1
    1005     4569    2954       1
     256     4861    4016       1
    1151     2956    4861       1
     729     4016    2956       1
      84     5148    4562       1
    1295     2958    5148       1
    1002     4562    2958       1
     328     4021    5149       1
     731     2957    4021       1
    1295     5149    2957       1
     182     4564    4018       1
    1002     2959    4564       1
     731     4018    2959       1
      15     5150    4850       1
    1296     2961    5150       1
    1146     4850    2961       1
     329     4023    5151       1
     733     2960    4023       1
    1296     5151    2960       1
     254     4851    4026       1
    1146     2962    4851       1
     733     4026    2962       1
      85     4571    5152       1
    1007     2964    4571       1
    1297     5152    2964       1
     184     4025    4573       1
     732     2963    4025       1
    1007     4573    2963       1
     329     5153    4022       1
    1297     2965    5153       1
     732     4022    2965       1
      48     4852    4566       1
    1147     2967    4852       1
    1004     4566    2967       1
     254     4027    4853       1
     734     2966    4027       1
    1147     4853    2966       1
     184     4568    4024       1
    1004     2968    4568       1
     734     4024    2968       1
      10     5154    5138       1
    1298     2970    5154       1
    1290     5138    2970       1
     330     4029    5155       1
     736     2969    4029       1
    1298     5155    2969       1
     326     5140    4032       1
    1290     2971    5140       1
     736     4032    2971       1
      86     4575    5156       1
    1009     2973    4575       1
    1299     5156    2973       1
     186     4031    4577       1
     735     2972    4031       1
    1009     4577    2972       1
     330     5157    4028       1
    1299     2974    5157       1
     735     4028    2974       1
      84     5142    4582       1
    1292     2976    5142       1
    1012     4582    2976       1
     326     4033    5143       1
     737     2975    4033       1
    1292     5143    2975       1
     186     4584    4030       1
    1012     2977    4584       1
     737     4030    2977       1
       5     5158    5159       1
    1300     2979    5158       1
    1301     5159    2979       1
     331     4035    5160       1
     739     2978    4035       1
    1300     5160    2978       1
     332     5161    4038       1
    1301     2980    5161       1
     739     4038    2980       1
      87     4579    5162       1
    1011     2982    4579       1
    1302     5162    2982       1
     185     4037    4581       1
     738     2981    4037       1
    1011     4581    2981       1
     331     5163    4034       1
    1302     2983    5163       1
     738     4034    2983       1
      86     5164    4574       1
    1303     2985    5164       1
    1008     4574    2985       1
     332     4039    5165       1
     740     2984    4039       1
    1303     5165    2984       1
     185     4576    4036       1
    1008     2986    4576       1
     740     4036    2986       1
       9     5146    5166       1
    1294     2988    5146       1
    1304     5166    2988       1
     328     4041    5147       1
     742     2987    4041       1
    1294     5147    2987       1
     333     5167    4044       1
    1304     2989    5167       1
     742     4044    2989       1
      84     4583    5148       1
    1013     2991    4583       1
    1295     5148    2991       1
     187     4043    4585       1
     741     2990    4043       1
    1013     4585    2990       1
     328     5149    4040       1
    1295     2992    5149       1
     741     4040    2992       1
      87     5168    4578       1
    1305     2994    5168       1
    1010     4578    2994       1
     333     4045    5169       1
     743     2993    4045       1
    1305     5169    2993       1
     187     4580    4042       1
    1010     2995    4580       1
     743     4042    2995       1
       6     4963    5170       1
    1203     2997    4963       1
    1306     5170    2997       1
     283     4047    4965       1
     745     2996    4047       1
    1203     4965    2996       1
     334     5171    4050       1
    1306     2998    5171       1
     745     4050    2998       1
      63     4587    4968       1
    1015     3000    4587       1
    1205     4968    3000       1
     189     4049    4589       1
     744     2999    4049       1
    1015     4589    2999       1
     283     4969    4046       1
    1205     3001    4969       1
     744     4046    3001       1
      88     5172    4594       1
    1307     3003    5172       1
    1018     4594    3003       1
     334     4051    5173       1
     746     3002    4051       1
    1307     5173    3002       1
     189     4596    4048       1
    1018     3004    4596       1
     746     4048    3004       1
       5     5159    4978       1
    1301     3006    5159       1
    1210     4978    3006       1
     332     4053    5161       1
     748     3005    4053       1
    1301     5161    3005       1
     286     4980    4056       1
    1210     3007    4980       1
     748     4056    3007       1
      86     4591    5164       1
    1017     3009    4591       1
    1303     5164    3009       1
     188     4055    4593       1
     747     3008    4055       1
    1017     4593    3008       1
     332     5165    4052       1
    1303     3010    5165       1
     747     4052    3010       1
      63     4982    4586       1
    1212     3012    4982       1
    1014     4586    3012       1
     286     4057    4983       1
     749     3011    4057       1
    1212     4983    3011       1
     188     4588    4054       1
    1014     3013    4588       1
     749     4054    3013       1
      10     5174    5154       1
    1308     3015    5174       1
    1298     5154    3015       1
     335     4059    5175       1
     751     3014    4059       1
    1308     5175    3014       1
     330     5155    4062       1
    1298     3016    5155       1
     751     4062    3016       1
      88     4595    5176       1
    1019     3018    4595       1
    1309     5176    3018       1
     190     4061    4597       1
     750     3017    4061       1
    1019     4597    3017       1
     335     5177    4058       1
    1309     3019    5177       1
     750     4058    3019       1
      86     5156    4590       1
    1299     3021    5156       1
    1016     4590    3021       1
     330     4063    5157       1
     752     3020    4063       1
    1299     5157    3020       1
     190     4592    4060       1
    1016     3022    4592       1
     752     4060    3022       1
      10     5139    5178       1
    1291     3024    5139       1
    1310     5178    3024       1
     327     4065    5141       1
     754     3023    4065       1
    1291     5141    3023       1
     336     5179    4068       1
    1310     3025    5179       1
     754     4068    3025       1
      85     4599    5144       1
    1021     3027    4599       1
    1293     5144    3027       1
     192     4067    4601       1
     753     3026    4067       1
    1021     4601    3026       1
     327     5145    4064       1
    1293     3028    5145       1
     753     4064    3028       1
      89     5180    4606       1
    1311     3030    5180       1
    1024     4606    3030       1
     336     4069    5181       1
     755     3029    4069       1
    1311     5181    3029       1
     192     4608    4066       1
    1024     3031    4608       1
     755     4066    3031       1
      15     4958    5150       1
    1200     3033    4958       1
    1296     5150    3033       1
     281     4071    4959       1
     757     3032    4071       1
    1200     4959    3032       1
     329     5151    4074       1
    1296     3034    5151       1
     757     4074    3034       1
      61     4603    4960       1
    1023     3036    4603       1
    1201     4960    3036       1
     191     4073    4605       1
     756     3035    4073       1
    1023     4605    3035       1
     281     4961    4070       1
    1201     3037    4961       1
     756     4070    3037       1
      85     5152    4598       1
    1297     3039    5152       1
    1020     4598    3039       1
     329     4075    5153       1
     758     3038    4075       1
    1297     5153    3038       1
     191     4600    4072       1
    1020     3040    4600       1
     758     4072    3040       1
      16     5182    4954       1
    1312     3042    5182       1
    1198     4954    3042       1
     337     4077    5183       1
     760     3041    4077       1
    1312     5183    3041       1
     280     4955    4080       1
    1198     3043    4955       1
     760     4080    3043       1
      89     4607    5184       1
    1025     3045    4607       1
    1313     5184    3045       1
     193     4079    4609       1
     759     3044    4079       1
    1025     4609    3044       1
     337     5185    4076       1
    1313     3046    5185       1
     759     4076    3046       1
      61     4956    4602       1
    1199     3048    4956       1
    1022     4602    3048       1
     280     4081    4957       1
     761     3047    4081       1
    1199     4957    3047       1
     193     4604    4078       1
    1022     3049    4604       1
     761     4078    3049       1
      11     5186    5187       1
    1314     3051    5186       1
    1315     5187    3051       1
     338     4083    5188       1
     763     3050    4083       1
    1314     5188    3050       1
     339     5189    4086       1
    1315     3052    5189       1
     763     4086    3052       1
      90     4611    5190       1
    1027     3054    4611       1
    1316     5190    3054       1
     195     4085    4613       1
     762     3053    4085       1
    1027     4613    3053       1
     338     5191    4082       1
    1316     3055    5191       1
     762     4082    3055       1
      91     5192    4618       1
    1317     3057    5192       1
    1030     4618    3057       1
     339     4087    5193       1
     764     3056    4087       1
    1317     5193    3056       1
     195     4620    4084       1
    1030     3058    4620       1
     764     4084    3058       1
       7     5034    5194       1
    1238     3060    5034       1
    1318     5194    3060       1
     300     4089    5035       1
     766     3059    4089       1
    1238     5035    3059       1
     340     5195    4092       1
    1318     3061    5195       1
     766     4092    3061       1
      71     4615    5036       1
    1029     3063    4615       1
    1239     5036    3063       1
     194     4091    4617       1
     765     3062    4091       1
    1029     4617    3062       1
     300     5037    4088       1
    1239     3064    5037       1
     765     4088    3064       1
      90     5196    4610       1
    1319     3066    5196       1
    1026     4610    3066       1
     340     4093    5197       1
     767     3065    4093       1
    1319     5197    3065       1
     194     4612    4090       1
    1026     3067    4612       1
     767     4090    3067       1
       6     5198    5038       1
    1320     3069    5198       1
    1240     5038    3069       1
     341     4095    5199       1
     769     3068    4095       1
    1320     5199    3068       1
     301     5039    4098       1
    1240     3070    5039       1
     769     4098    3070       1
      91     4619    5200       1
    1031     3072    4619       1
    1321     5200    3072       1
     196     4097    4621       1
     768     3071    4097       1
    1031     4621    3071       1
     341     5201    4094       1
    1321     3073    5201       1
     768     4094    3073       1
      71     5040    4614       1
    1241     3075    5040       1
    1028     4614    3075       1
     301     4099    5041       1
     770     3074    4099       1
    1241     5041    3074       1
     196     4616    4096       1
    1028     3076    4616       1
     770     4096    3076       1
      11     5202    5186       1
    1322     3078    5202       1
    1314     5186    3078       1
     342     4101    5203       1
     772     3077    4101       1
    1322     5203    3077       1
     338     5188    4104       1
    1314     3079    5188       1
     772     4104    3079       1
      92     4623    5204       1
    1033     3081    4623       1
    1323     5204    3081       1
     198     4103    4625       1
     771     3080    4103       1
    1033     4625    3080       1
     342     5205    4100       1
    1323     3082    5205       1
     771     4100    3082       1
      90     5190    4630       1
    1316     3084    5190       1
    1036     4630    3084       1
     338     4105    5191       1
     773     3083    4105       1
    1316     5191    3083       1
     198     4632    4102       1
    1036     3085    4632       1
     773     4102    3085       1
      12     5026    5206       1
    1234     3087    5026       1
    1324     5206    3087       1
     298     4107    5027       1
     775     3086    4107       1
    1234     5027    3086       1
     343     5207    4110       1
    1324     3088    5207       1
     775     4110    3088       1
      70     4627    5028       1
    1035     3090    4627       1
    1235     5028    3090       1
     197     4109    4629       1
     774     3089    4109       1
    1035     4629    3089       1
     298     5029    4106       1
    1235     3091    5029       1
     774     4106    3091       1
      92     5208    4622       1
    1325     3093    5208       1
    1032     4622    3093       1
     343     4111    5209       1
     776     3092    4111       1
    1325     5209    3092       1
     197     4624    4108       1
    1032     3094    4624       1
     776     4108    3094       1
       7     5194    5030       1
    1318     3096    5194       1
    1236     5030    3096       1
     340     4113    5195       1
     778     3095    4113       1
    1318     5195    3095       1
     299     5031    4116       1
    1236     3097    5031       1
     778     4116    3097       1
      90     4631    5196       1
    1037     3099    4631       1
    1319     5196    3099       1
     199     4115    4633       1
     777     3098    4115       1
    1037     4633    3098       1
     340     5197    4112       1
    1319     3100    5197       1
     777     4112    3100       1
      70     5032    4626       1
    1237     3102    5032       1
    1034     4626    3102       1
     299     4117    5033       1
     779     3101    4117       1
    1237     5033    3101       1
     199     4628    4114       1
    1034     3103    4628       1
     779     4114    3103       1
      17     5082    5210       1
    1262     3105    5082       1
    1326     5210    3105       1
     312     4119    5083       1
     781     3104    4119       1
    1262     5083    3104       1
     344     5211    4122       1
    1326     3106    5211       1
     781     4122    3106       1
      77     4635    5084       1
    1039     3108    4635       1
    1263     5084    3108       1
     201     4121    4637       1
     780     3107    4121       1
    1039     4637    3107       1
     312     5085    4118       1
    1263     3109    5085       1
     780     4118    3109       1
      93     5212    4642       1
    1327     3111    5212       1
    1042     4642    3111       1
     344     4123    5213       1
     782     3110    4123       1
    1327     5213    3110       1
     201     4644    4120       1
    1042     3112    4644       1
     782     4120    3112       1
      12     5206    5086       1
    1324     3114    5206       1
    1264     5086    3114       1
     343     4125    5207       1
     784     3113    4125       1
    1324     5207    3113       1
     313     5087    4128       1
    1264     3115    5087       1
     784     4128    3115       1
      92     4639    5208       1
    1041     3117    4639       1
    1325     5208    3117       1
     200     4127    4641       1
     783     3116    4127       1
    1041     4641    3116       1
     343     5209    4124       1
    1325     3118    5209       1
     783     4124    3118       1
      77     5088    4634       1
    1265     3120    5088       1
    1038     4634    3120       1
     313     4129    5089       1
     785     3119    4129       1
    1265     5089    3119       1
     200     4636    4126       1
    1038     3121    4636       1
     785     4126    3121       1
      11     5214    5202       1
    1328     3123    5214       1
    1322     5202    3123       1
     345     4131    5215       1
     787     3122    4131       1
    1328     5215    3122       1
     342     5203    4134       1
    1322     3124    5203       1
     787     4134    3124       1
      93     4643    5216       1
    1043     3126    4643       1
    1329     5216    3126       1
     202     4133    4645       1
     786     3125    4133       1
    1043     4645    3125       1
     345     5217    4130       1
    1329     3127    5217       1
     786     4130    3127       1
      92     5204    4638       1
    1323     3129    5204       1
    1040     4638    3129       1
     342     4135    5205       1
     788     3128    4135       1
    1323     5205    3128       1
     202     4640    4132       1
    1040     3130    4640       1
     788     4132    3130       1
      11     5187    5218       1
    1315     3132    5187       1
    1330     5218    3132       1
     339     4137    5189       1
     790     3131    4137       1
    1315     5189    3131       1
     346     5219    4140       1
    1330     3133    5219       1
     790     4140    3133       1
      91     4647    5192       1
    1045     3135    4647       1
    1317     5192    3135       1
     204     4139    4649       1
     789     3134    4139       1
    1045     4649    3134       1
     339     5193    4136       1
    1317     3136    5193       1
     789     4136    3136       1
      94     5220    4654       1
    1331     3138    5220       1
    1048     4654    3138       1
     346     4141    5221       1
     791     3137    4141       1
    1331     5221    3137       1
     204     4656    4138       1
    1048     3139    4656       1
     791     4138    3139       1
       6     5170    5198       1
    1306     3141    5170       1
    1320     5198    3141       1
     334     4143    5171       1
     793     3140    4143       1
    1306     5171    3140       1
     341     5199    4146       1
    1320     3142    5199       1
     793     4146    3142       1
      88     4651    5172       1
    1047     3144    4651       1
    1307     5172    3144       1
     203     4145    4653       1
     792     3143    4145       1
    1047     4653    3143       1
     334     5173    4142       1
    1307     3145    5173       1
     792     4142    3145       1
      91     5200    4646       1
    1321     3147    5200       1
    1044     4646    3147       1
     341     4147    5201       1
     794     3146    4147       1
    1321     5201    3146       1
     203     4648    4144       1
    1044     3148    4648       1
     794     4144    3148       1
      10     5222    5174       1
    1332     3150    5222       1
    1308     5174    3150       1
     347     4149    5223       1
     796     3149    4149       1
    1332     5223    3149       1
     335     5175    4152       1
    1308     3151    5175       1
     796     4152    3151       1
      94     4655    5224       1
    1049     3153    4655       1
    1333     5224    3153       1
     205     4151    4657       1
     795     3152    4151       1
    1049     4657    3152       1
     347     5225    4148       1
    1333     3154    5225       1
     795     4148    3154       1
      88     5176    4650       1
    1309     3156    5176       1
    1046     4650    3156       1
     335     4153    5177       1
     797     3155    4153       1
    1309     5177    3155       1
     205     4652    4150       1
    1046     3157    4652       1
     797     4150    3157       1
      11     5218    5226       1
    1330     3159    5218       1
    1334     5226    3159       1
     346     4155    5219       1
     799     3158    4155       1
    1330     5219    3158       1
     348     5227    4158       1
    1334     3160    5227       1
     799     4158    3160       1
      94     4659    5220       1
    1051     3162    4659       1
    1331     5220    3162       1
     207     4157    4661       1
     798     3161    4157       1
    1051     4661    3161       1
     346     5221    4154       1
    1331     3163    5221       1
     798     4154    3163       1
      95     5228    4666       1
    1335     3165    5228       1
    1054     4666    3165       1
     348     4159    5229       1
     800     3164    4159       1
    1335     5229    3164       1
     207     4668    4156       1
    1054     3166    4668       1
     800     4156    3166       1
      10     5178    5222       1
    1310     3168    5178       1
    1332     5222    3168       1
     336     4161    5179       1
     802     3167    4161       1
    1310     5179    3167       1
     347     5223    4164       1
    1332     3169    5223       1
     802     4164    3169       1
      89     4663    5180       1
    1053     3171    4663       1
    1311     5180    3171       1
     206     4163    4665       1
     801     3170    4163       1
    1053     4665    3170       1
     336     5181    4160       1
    1311     3172    5181       1
     801     4160    3172       1
      94     5224    4658       1
    1333     3174    5224       1
    1050     4658    3174       1
     347     4165    5225       1
     803     3173    4165       1
    1333     5225    3173       1
     206     4660    4162       1
    1050     3175    4660       1
     803     4162    3175       1
      16     5230    5182       1
    1336     3177    5230       1
    1312     5182    3177       1
     349     4167    5231       1
     805     3176    4167       1
    1336     5231    3176       1
     337     5183    4170       1
    1312     3178    5183       1
     805     4170    3178       1
      95     4667    5232       1
    1055     3180    4667       1
    1337     5232    3180       1
     208     4169    4669       1
     804     3179    4169       1
    1055     4669    3179       1
     349     5233    4166       1
    1337     3181    5233       1
     804     4166    3181       1
      89     5184    4662       1
    1313     3183    5184       1
    1052     4662    3183       1
     337     4171    5185       1
     806     3182    4171       1
    1313     5185    3182       1
     208     4664    4168       1
    1052     3184    4664       1
     806     4168    3184       1
      11     5226    5234       1
    1334     3186    5226       1
    1338     5234    3186       1
     348     4173    5227       1
     808     3185    4173       1
    1334     5227    3185       1
     350     5235    4176       1
    1338     3187    5235       1
     808     4176    3187       1
      95     4671    5228       1
    1057     3189    4671       1
    1335     5228    3189       1
     210     4175    4673       1
     807     3188    4175       1
    1057     4673    3188       1
     348     5229    4172       1
    1335     3190    5229       1
     807     4172    3190       1
      96     5236    4678       1
    1339     3192    5236       1
    1060     4678    3192       1
     350     4177    5237       1
     809     3191    4177       1
    1339     5237    3191       1
     210     4680    4174       1
    1060     3193    4680       1
     809     4174    3193       1
      16     5122    5230       1
    1282     3195    5122       1
    1336     5230    3195       1
     322     4179    5123       1
     811     3194    4179       1
    1282     5123    3194       1
     349     5231    4182       1
    1336     3196    5231       1
     811     4182    3196       1
      82     4675    5124       1
    1059     3198    4675       1
    1283     5124    3198       1
     209     4181    4677       1
     810     3197    4181       1
    1059     4677    3197       1
     322     5125    4178       1
    1283     3199    5125       1
     810     4178    3199       1
      95     5232    4670       1
    1337     3201    5232       1
    1056     4670    3201       1
     349     4183    5233       1
     812     3200    4183       1
    1337     5233    3200       1
     209     4672    4180       1
    1056     3202    4672       1
     812     4180    3202       1
      18     5238    5126       1
    1340     3204    5238       1
    1284     5126    3204       1
     351     4185    5239       1
     814     3203    4185       1
    1340     5239    3203       1
     323     5127    4188       1
    1284     3205    5127       1
     814     4188    3205       1
      96     4679    5240       1
    1061     3207    4679       1
    1341     5240    3207       1
     211     4187    4681       1
     813     3206    4187       1
    1061     4681    3206       1
     351     5241    4184       1
    1341     3208    5241       1
     813     4184    3208       1
      82     5128    4674       1
    1285     3210    5128       1
    1058     4674    3210       1
     323     4189    5129       1
     815     3209    4189       1
    1285     5129    3209       1
     211     4676    4186       1
    1058     3211    4676       1
     815     4186    3211       1
      11     5234    5242       1
    1338     3213    5234       1
    1342     5242    3213       1
     350     4191    5235       1
     817     3212    4191       1
    1338     5235    3212       1
     352     5243    4194       1
    1342     3214    5243       1
     817     4194    3214       1
      96     4683    5236       1
    1063     3216    4683       1
    1339     5236    3216       1
     213     4193    4685       1
     816     3215    4193       1
    1063     4685    3215       1
     350     5237    4190       1
    1339     3217    5237       1
     816     4190    3217       1
      97     5244    4690       1
    1343     3219    5244       1
    1066     4690    3219       1
     352     4195    5245       1
     818     3218    4195       1
    1343     5245    3218       1
     213     4692    4192       1
    1066     3220    4692       1
     818     4192    3220       1
      18     5130    5238       1
    1286     3222    5130       1
    1340     5238    3222       1
     324     4197    5131       1
     820     3221    4197       1
    1286     5131    3221       1
     351     5239    4200       1
    1340     3223    5239       1
     820     4200    3223       1
      83     4687    5132       1
    1065     3225    4687       1
    1287     5132    3225       1
     212     4199    4689       1
     819     3224    4199       1
    1065     4689    3224       1
     324     5133    4196       1
    1287     3226    5133       1
     819     4196    3226       1
      96     5240    4682       1
    1341     3228    5240       1
    1062     4682    3228       1
     351     4201    5241       1
     821     3227    4201       1
    1341     5241    3227       1
     212     4684    4198       1
    1062     3229    4684       1
     821     4198    3229       1
      19     5246    5134       1
    1344     3231    5246       1
    1288     5134    3231       1
     353     4203    5247       1
     823     3230    4203       1
    1344     5247    3230       1
     325     5135    4206       1
    1288     3232    5135       1
     823     4206    3232       1
      97     4691    5248       1
    1067     3234    4691       1
    1345     5248    3234       1
     214     4205    4693       1
     822     3233    4205       1
    1067     4693    3233       1
     353     5249    4202       1
    1345     3235    5249       1
     822     4202    3235       1
      83     5136    4686       1
    1289     3237    5136       1
    1064     4686    3237       1
     325     4207    5137       1
     824     3236    4207       1
    1289     5137    3236       1
     214     4688    4204       1
    1064     3238    4688       1
     824     4204    3238       1
      17     5210    5078       1
    1326     3240    5210       1
    1260     5078    3240       1
     344     4209    5211       1
     826     3239    4209       1
    1326     5211    3239       1
     311     5079    4212       1
    1260     3241    5079       1
     826     4212    3241       1
      93     4695    5212       1
    1069     3243    4695       1
    1327     5212    3243       1
     216     4211    4697       1
     825     3242    4211       1
    1069     4697    3242       1
     344     5213    4208       1
    1327     3244    5213       1
     825     4208    3244       1
      76     5080    4702       1
    1261     3246    5080       1
    1072     4702    3246       1
     311     4213    5081       1
     827     3245    4213       1
    1261     5081    3245       1
     216     4704    4210       1
    1072     3247    4704       1
     827     4210    3247       1
      11     5242    5214       1
    1342     3249    5242       1
    1328     5214    3249       1
     352     4215    5243       1
     829     3248    4215       1
    1342     5243    3248       1
     345     5215    4218       1
    1328     3250    5215       1
     829     4218    3250       1
      97     4699    5244       1
    1071     3252    4699       1
    1343     5244    3252       1
     215     4217    4701       1
     828     3251    4217       1
    1071     4701    3251       1
     352     5245    4214       1
    1343     3253    5245       1
     828     4214    3253       1
      93     5216    4694       1
    1329     3255    5216       1
    1068     4694    3255       1
     345     4219    5217       1
     830     3254    4219       1
    1329     5217    3254       1
     215     4696    4216       1
    1068     3256    4696       1
     830     4216    3256       1
      19     5074    5246       1
    1258     3258    5074       1
    1344     5246    3258       1
     310     4221    5075       1
     832     3257    4221       1
    1258     5075    3257       1
     353     5247    4224       1
    1344     3259    5247       1
     832     4224    3259       1
      76     4703    5076       1
    1073     3261    4703       1
    1259     5076    3261       1
     217     4223    4705       1
     831     3260    4223       1
    1073     4705    3260       1
     310     5077    4220       1
    1259     3262    5077       1
     831     4220    3262       1
      97     5248    4698       1
    1345     3264    5248       1
    1070     4698    3264       1
     353     4225    5249       1
     833     3263    4225       1
    1345     5249    3263       1
     217     4700    4222       1
    1070     3265    4700       1
     833     4222    3265       1
