  -1.00000000   0.15625000
  -0.97214818   0.13858934
  -0.97214818   0.16983934
  -1.00000000   0.12500000
  -1.00000000   0.18750000
  -0.97214818   0.10733934
  -0.94429636   0.12092867
  -0.94429636   0.15217867
  -0.94429636   0.18342867
  -0.97214818   0.20108934
  -1.00000000   0.09375000
  -1.00000000   0.21875000
  -0.97214818   0.07608934
  -0.94429636   0.08967867
  -0.91644454   0.10326801
  -0.91644454   0.13451801
  -0.91644454   0.16576801
  -0.91644454   0.19701801
  -0.94429636   0.21467867
  -0.97214818   0.23233934
  -1.00000000   0.06250000
  -1.00000000   0.25000000
  -0.97214818   0.04483934
  -0.94429636   0.05842867
  -0.91644454   0.07201801
  -0.88859271   0.08560734
  -0.88859271   0.11685734
  -0.88859271   0.14810734
  -0.88859271   0.17935734
  -0.88859271   0.21060734
  -0.91644454   0.22826801
  -0.94429636   0.24592867
  -0.97214818   0.26358934
  -1.00000000   0.03125000
  -1.00000000   0.28125000
  -0.97214818   0.01358934
  -0.94429636   0.02717867
  -0.91644454   0.04076801
  -0.88859271   0.05435734
  -0.86074089   0.06794668
  -0.86074089   0.09919668
  -0.86074089   0.13044668
  -0.86074089   0.16169668
  -0.86074089   0.19294668
  -0.86074089   0.22419668
  -0.88859271   0.24185734
  -0.91644454   0.25951801
  -0.94429636   0.27717867
  -0.97214818   0.29483934
  -1.00000000   0.00000000
  -1.00000000   0.31250000
  -0.97210978  -0.01398499
  -0.94425796  -0.00039565
  -0.91640614   0.01319368
  -0.88855432   0.02678302
  -0.86070250   0.04037236
  -0.83285068   0.05396169
  -0.83288907   0.08153601
  -0.83288907   0.11278601
  -0.83288907   0.14403601
  -0.83288907   0.17528601
  -0.83288907   0.20653601
  -0.83288907   0.23778601
  -0.86074089   0.25544668
  -0.88859271   0.27310734
  -0.91644454   0.29076801
  -0.94429636   0.30842867
  -0.97214818   0.32608934
  -1.00000000  -0.03125000
  -1.00000000   0.34375000
  -0.97210978  -0.04523499
  -0.94421957  -0.02796998
  -0.91636775  -0.01438064
  -0.88851592  -0.00079130
  -0.86066410   0.01279803
  -0.83281228   0.02638737
  -0.80496046   0.03997670
  -0.80499886   0.06755103
  -0.80503725   0.09512535
  -0.80503725   0.12637535
  -0.80503725   0.15762535
  -0.80503725   0.18887535
  -0.80503725   0.22012535
  -0.80503725   0.25137535
  -0.83288907   0.26903601
  -0.86074089   0.28669668
  -0.88859271   0.30435734
  -0.91644454   0.32201801
  -0.94429636   0.33967867
  -0.97214818   0.35733934
  -1.00000000  -0.06250000
  -1.00000000   0.37500000
  -0.97210978  -0.07648499
  -0.94421957  -0.05921998
  -0.91632935  -0.04195496
  -0.88847753  -0.02836563
  -0.86062571  -0.01477629
  -0.83277389  -0.00118696
  -0.80492206   0.01240238
  -0.77707024   0.02599172
  -0.77710864   0.05356604
  -0.77714703   0.08114036
  -0.77718543   0.10871469
  -0.77718543   0.13996469
  -0.77718543   0.17121469
  -0.77718543   0.20246469
  -0.77718543   0.23371469
  -0.77718543   0.26496469
  -0.80503725   0.28262535
  -0.83288907   0.30028601
  -0.86074089   0.31794668
  -0.88859271   0.33560734
  -0.91644454   0.35326801
  -0.94429636   0.37092867
  -0.97214818   0.38858934
  -1.00000000  -0.09375000
  -1.00000000   0.40625000
  -0.97210978  -0.10773499
  -0.94421957  -0.09046998
  -0.91632935  -0.07320496
  -0.88843913  -0.05593995
  -0.86058731  -0.04235062
  -0.83273549  -0.02876128
  -0.80488367  -0.01517194
  -0.77703185  -0.00158261
  -0.74918003   0.01200673
  -0.74921842   0.03958105
  -0.74925682   0.06715537
  -0.74929521   0.09472970
  -0.74933361   0.12230402
  -0.74933361   0.15355402
  -0.74933361   0.18480402
  -0.74933361   0.21605402
  -0.74933361   0.24730402
  -0.74933361   0.27855402
  -0.77718543   0.29621469
  -0.80503725   0.31387535
  -0.83288907   0.33153601
  -0.86074089   0.34919668
  -0.88859271   0.36685734
  -0.91644454   0.38451801
  -0.94429636   0.40217867
  -0.97214818   0.41983934
  -1.00000000  -0.12500000
  -1.00000000   0.43750000
  -0.97210978  -0.13898499
  -0.94421957  -0.12171998
  -0.91632935  -0.10445496
  -0.88843913  -0.08718995
  -0.86054892  -0.06992494
  -0.83269710  -0.05633560
  -0.80484527  -0.04274627
  -0.77699345  -0.02915693
  -0.74914163  -0.01556760
  -0.72128981  -0.00197826
  -0.72132821   0.02559606
  -0.72136660   0.05317039
  -0.72140500   0.08074471
  -0.72144339   0.10831903
  -0.72148179   0.13589336
  -0.72148179   0.16714336
  -0.72148179   0.19839336
  -0.72148179   0.22964336
  -0.72148179   0.26089336
  -0.72148179   0.29214336
  -0.74933361   0.30980402
  -0.77718543   0.32746469
  -0.80503725   0.34512535
  -0.83288907   0.36278601
  -0.86074089   0.38044668
  -0.88859271   0.39810734
  -0.91644454   0.41576801
  -0.94429636   0.43342867
  -0.97214818   0.45108934
  -1.00000000  -0.15625000
  -1.00000000   0.46875000
  -0.97210978  -0.17023499
  -0.94421957  -0.15296998
  -0.91632935  -0.13570496
  -0.88843913  -0.11843995
  -0.86054892  -0.10117494
  -0.83265870  -0.08390993
  -0.80480688  -0.07032059
  -0.77695506  -0.05673126
  -0.74910324  -0.04314192
  -0.72125141  -0.02955258
  -0.69339959  -0.01596325
  -0.69343799   0.01161107
  -0.69347638   0.03918540
  -0.69351478   0.06675972
  -0.69355317   0.09433405
  -0.69359157   0.12190837
  -0.69362997   0.14948269
  -0.69362997   0.18073269
  -0.69362997   0.21198269
  -0.69362997   0.24323269
  -0.69362997   0.27448269
  -0.69362997   0.30573269
  -0.72148179   0.32339336
  -0.74933361   0.34105402
  -0.77718543   0.35871469
  -0.80503725   0.37637535
  -0.83288907   0.39403601
  -0.86074089   0.41169668
  -0.88859271   0.42935734
  -0.91644454   0.44701801
  -0.94429636   0.46467867
  -0.97214818   0.48233934
  -1.00000000  -0.18750000
  -1.00000000   0.50000000
  -0.97210978  -0.20148499
  -0.94421957  -0.18421998
  -0.91632935  -0.16695496
  -0.88843913  -0.14968995
  -0.86054892  -0.13242494
  -0.83265870  -0.11515993
  -0.80476848  -0.09789492
  -0.77691666  -0.08430558
  -0.74906484  -0.07071624
  -0.72121302  -0.05712691
  -0.69336120  -0.04353757
  -0.66550938  -0.02994824
  -0.66554777  -0.00237391
  -0.66558617   0.02520041
  -0.66562456   0.05277473
  -0.66566296   0.08034906
  -0.66570135   0.10792338
  -0.66573975   0.13549771
  -0.66577814   0.16307203
  -0.66577814   0.19432203
  -0.66577814   0.22557203
  -0.66577814   0.25682203
  -0.66577814   0.28807203
  -0.67232118   0.31529899
  -0.70017300   0.33295965
  -0.72802482   0.35062032
  -0.75587664   0.36828098
  -0.78372846   0.38594164
  -0.81158029   0.40360231
  -0.83943211   0.42126297
  -0.86728393   0.43892364
  -0.89513575   0.45658430
  -0.92298757   0.47424497
  -0.95083939   0.49190563
  -0.97869121   0.50956629
  -1.00000000  -0.21875000
  -1.00000000   0.53125000
  -0.97210978  -0.23273499
  -0.94421957  -0.21546998
  -0.91632935  -0.19820496
  -0.88843913  -0.18093995
  -0.86054892  -0.16367494
  -0.83265870  -0.14640993
  -0.80476848  -0.12914492
  -0.77687827  -0.11187990
  -0.74902645  -0.09829057
  -0.72117462  -0.08470123
  -0.69332280  -0.07111190
  -0.66547098  -0.05752256
  -0.63761916  -0.04393322
  -0.63765756  -0.01635890
  -0.63769595   0.01121542
  -0.63773435   0.03878975
  -0.63777274   0.06636407
  -0.63781114   0.09393839
  -0.63784953   0.12151272
  -0.63788793   0.14908704
  -0.63792632   0.17666137
  -0.63792632   0.20791137
  -0.63792632   0.23916137
  -0.63792632   0.27041137
  -0.64446936   0.29763832
  -0.65101239   0.32486528
  -0.67886421   0.34252595
  -0.70671604   0.36018661
  -0.73456786   0.37784727
  -0.76241968   0.39550794
  -0.79027150   0.41316860
  -0.81812332   0.43082927
  -0.84597514   0.44848993
  -0.87382696   0.46615060
  -0.90167878   0.48381126
  -0.92953061   0.50147192
  -0.95738243   0.51913259
  -0.97869121   0.54081629
  -1.00000000  -0.25000000
  -1.00000000   0.56250000
  -0.97210978  -0.26398499
  -0.94421957  -0.24671998
  -0.91632935  -0.22945496
  -0.88843913  -0.21218995
  -0.86054892  -0.19492494
  -0.83265870  -0.17765993
  -0.80476848  -0.16039492
  -0.77687827  -0.14312990
  -0.74898805  -0.12586489
  -0.72113623  -0.11227556
  -0.69328441  -0.09868622
  -0.66543259  -0.08509688
  -0.63758076  -0.07150755
  -0.60972894  -0.05791821
  -0.60976734  -0.03034389
  -0.60980573  -0.00276957
  -0.60984413   0.02480476
  -0.60988252   0.05237908
  -0.60992092   0.07995341
  -0.60995932   0.10752773
  -0.60999771   0.13510205
  -0.61003611   0.16267638
  -0.61007450   0.19025070
  -0.61007450   0.22150070
  -0.61007450   0.25275070
  -0.61661754   0.27997766
  -0.62316057   0.30720462
  -0.62970361   0.33443158
  -0.65755543   0.35209224
  -0.68540725   0.36975290
  -0.71325907   0.38741357
  -0.74111089   0.40507423
  -0.76896271   0.42273490
  -0.79681453   0.44039556
  -0.82466636   0.45805622
  -0.85251818   0.47571689
  -0.88037000   0.49337755
  -0.90822182   0.51103822
  -0.93607364   0.52869888
  -0.95738243   0.55038259
  -0.97869121   0.57206629
  -1.00000000  -0.28125000
  -1.00000000   0.59375000
  -0.97210978  -0.29523499
  -0.94421957  -0.27796998
  -0.91632935  -0.26070496
  -0.88843913  -0.24343995
  -0.86054892  -0.22617494
  -0.83265870  -0.20890993
  -0.80476848  -0.19164492
  -0.77687827  -0.17437990
  -0.74898805  -0.15711489
  -0.72109783  -0.13984988
  -0.69324601  -0.12626054
  -0.66539419  -0.11267121
  -0.63754237  -0.09908187
  -0.60969055  -0.08549254
  -0.58183873  -0.07190320
  -0.58187712  -0.04432888
  -0.58191552  -0.01675455
  -0.58195391   0.01081977
  -0.58199231   0.03839409
  -0.58203070   0.06596842
  -0.58206910   0.09354274
  -0.58210749   0.12111707
  -0.58214589   0.14869139
  -0.58218428   0.17626571
  -0.58222268   0.20384004
  -0.58222268   0.23509004
  -0.58876571   0.26231699
  -0.59530875   0.28954395
  -0.60185179   0.31677091
  -0.60839482   0.34399787
  -0.63624664   0.36165853
  -0.66409846   0.37931920
  -0.69195028   0.39697986
  -0.71980211   0.41464053
  -0.74765393   0.43230119
  -0.77550575   0.44996185
  -0.80335757   0.46762252
  -0.83120939   0.48528318
  -0.85906121   0.50294385
  -0.88691303   0.52060451
  -0.91476486   0.53826518
  -0.93607364   0.55994888
  -0.95738243   0.58163259
  -0.97869121   0.60331629
  -1.00000000  -0.31250000
  -1.00000000   0.62500000
  -0.97210978  -0.32648499
  -0.94421957  -0.30921998
  -0.91632935  -0.29195496
  -0.88843913  -0.27468995
  -0.86054892  -0.25742494
  -0.83265870  -0.24015993
  -0.80476848  -0.22289492
  -0.77687827  -0.20562990
  -0.74898805  -0.18836489
  -0.72109783  -0.17109988
  -0.69320762  -0.15383487
  -0.66535580  -0.14024553
  -0.63750397  -0.12665620
  -0.60965215  -0.11306686
  -0.58180033  -0.09947752
  -0.55394851  -0.08588819
  -0.55398691  -0.05831387
  -0.55402530  -0.03073954
  -0.55406370  -0.00316522
  -0.55410209   0.02440911
  -0.55414049   0.05198343
  -0.55417888   0.07955775
  -0.55421728   0.10713208
  -0.55425567   0.13470640
  -0.55429407   0.16228073
  -0.55433246   0.18985505
  -0.55437086   0.21742937
  -0.56091389   0.24465633
  -0.56745693   0.27188329
  -0.57399996   0.29911025
  -0.58054300   0.32633720
  -0.58708603   0.35356416
  -0.61493786   0.37122483
  -0.64278968   0.38888549
  -0.67064150   0.40654616
  -0.69849332   0.42420682
  -0.72634514   0.44186748
  -0.75419696   0.45952815
  -0.78204878   0.47718881
  -0.80990061   0.49484948
  -0.83775243   0.51251014
  -0.86560425   0.53017080
  -0.89345607   0.54783147
  -0.91476486   0.56951518
  -0.93607364   0.59119888
  -0.95738243   0.61288259
  -0.97869121   0.63456629
  -1.00000000  -0.34375000
  -1.00000000   0.65625000
  -0.97210978  -0.35773499
  -0.94421957  -0.34046998
  -0.91632935  -0.32320496
  -0.88843913  -0.30593995
  -0.86054892  -0.28867494
  -0.83265870  -0.27140993
  -0.80476848  -0.25414492
  -0.77687827  -0.23687990
  -0.74898805  -0.21961489
  -0.72109783  -0.20234988
  -0.69320762  -0.18508487
  -0.66531740  -0.16781986
  -0.63746558  -0.15423052
  -0.60961376  -0.14064118
  -0.58176194  -0.12705185
  -0.55391011  -0.11346251
  -0.51930033  -0.09947752
  -0.51933873  -0.07190320
  -0.51937712  -0.04432888
  -0.51941552  -0.01675455
  -0.51945391   0.01081977
  -0.51949231   0.03839409
  -0.51953070   0.06596842
  -0.51956910   0.09354274
  -0.51960749   0.12111707
  -0.51964589   0.14869139
  -0.51968428   0.17626571
  -0.51972268   0.20384004
  -0.53394700   0.23792592
  -0.54049004   0.26515288
  -0.54703307   0.29237983
  -0.55357611   0.31960679
  -0.56011914   0.34683375
  -0.56666218   0.37406071
  -0.59362907   0.38079112
  -0.62148089   0.39845179
  -0.64933271   0.41611245
  -0.67718453   0.43377311
  -0.70503635   0.45143378
  -0.73288818   0.46909444
  -0.76074000   0.48675511
  -0.78859182   0.50441577
  -0.81644364   0.52207643
  -0.84429546   0.53973710
  -0.87214728   0.55739776
  -0.89345607   0.57908147
  -0.91476486   0.60076518
  -0.93607364   0.62244888
  -0.95738243   0.64413259
  -0.97869121   0.66581629
  -1.00000000  -0.37500000
  -1.00000000   0.68750000
  -0.97210978  -0.38898499
  -0.94421957  -0.37171998
  -0.91632935  -0.35445496
  -0.88843913  -0.33718995
  -0.86054892  -0.31992494
  -0.83265870  -0.30265993
  -0.80476848  -0.28539492
  -0.77687827  -0.26812990
  -0.74898805  -0.25086489
  -0.72109783  -0.23359988
  -0.69320762  -0.21633487
  -0.66531740  -0.19906986
  -0.63742718  -0.18180484
  -0.60957536  -0.16821551
  -0.58172354  -0.15462617
  -0.55387172  -0.14103684
  -0.51926194  -0.12705185
  -0.48465215  -0.11306686
  -0.48469055  -0.08549254
  -0.48472894  -0.05791821
  -0.48476734  -0.03034389
  -0.48480573  -0.00276957
  -0.48484413   0.02480476
  -0.48488252   0.05237908
  -0.48492092   0.07995341
  -0.48495932   0.10752773
  -0.48499771   0.13510205
  -0.48503611   0.16267638
  -0.48507450   0.19025070
  -0.49929882   0.22433658
  -0.51352314   0.25842246
  -0.52006618   0.28564942
  -0.52660921   0.31287638
  -0.53315225   0.34010334
  -0.53969529   0.36733030
  -0.54623832   0.39455725
  -0.57320521   0.40128767
  -0.60017210   0.40801808
  -0.62802393   0.42567874
  -0.65587575   0.44333941
  -0.68372757   0.46100007
  -0.71157939   0.47866074
  -0.73943121   0.49632140
  -0.76728303   0.51398206
  -0.79513485   0.53164273
  -0.82298668   0.54930339
  -0.85083850   0.56696406
  -0.87214728   0.58864776
  -0.89345607   0.61033147
  -0.91476486   0.63201518
  -0.93607364   0.65369888
  -0.95738243   0.67538259
  -0.97869121   0.69706629
  -1.00000000  -0.40625000
  -1.00000000   0.71875000
  -0.97210978  -0.42023499
  -0.94421957  -0.40296998
  -0.91632935  -0.38570496
  -0.88843913  -0.36843995
  -0.86054892  -0.35117494
  -0.83265870  -0.33390993
  -0.80476848  -0.31664492
  -0.77687827  -0.29937990
  -0.74898805  -0.28211489
  -0.72109783  -0.26484988
  -0.69320762  -0.24758487
  -0.66531740  -0.23031986
  -0.63742718  -0.21305484
  -0.60953697  -0.19578983
  -0.58168515  -0.18220050
  -0.55383332  -0.16861116
  -0.51922354  -0.15462617
  -0.48461376  -0.14064118
  -0.45000397  -0.12665620
  -0.45004237  -0.09908187
  -0.45008076  -0.07150755
  -0.45011916  -0.04393322
  -0.45015756  -0.01635890
  -0.45019595   0.01121542
  -0.45023435   0.03878975
  -0.45027274   0.06636407
  -0.45031114   0.09393839
  -0.45034953   0.12151272
  -0.45038793   0.14908704
  -0.45042632   0.17666137
  -0.46465064   0.21074725
  -0.47887497   0.24483313
  -0.49309929   0.27891901
  -0.49964232   0.30614597
  -0.50618536   0.33337293
  -0.51272839   0.36059988
  -0.51927143   0.38782684
  -0.52581446   0.41505380
  -0.55278136   0.42178421
  -0.57974825   0.42851462
  -0.60671514   0.43524504
  -0.63456696   0.45290570
  -0.66241878   0.47056637
  -0.69027060   0.48822703
  -0.71812243   0.50588769
  -0.74597425   0.52354836
  -0.77382607   0.54120902
  -0.80167789   0.55886969
  -0.82952971   0.57653035
  -0.85083850   0.59821406
  -0.87214728   0.61989776
  -0.89345607   0.64158147
  -0.91476486   0.66326518
  -0.93607364   0.68494888
  -0.95738243   0.70663259
  -0.97869121   0.72831629
  -1.00000000  -0.43750000
  -1.00000000   0.75000000
  -0.97210978  -0.45148499
  -0.94421957  -0.43421998
  -0.91632935  -0.41695496
  -0.88843913  -0.39968995
  -0.86054892  -0.38242494
  -0.83265870  -0.36515993
  -0.80476848  -0.34789492
  -0.77687827  -0.33062990
  -0.74898805  -0.31336489
  -0.72109783  -0.29609988
  -0.69320762  -0.27883487
  -0.66531740  -0.26156986
  -0.63742718  -0.24430484
  -0.60953697  -0.22703983
  -0.58164675  -0.20977482
  -0.55379493  -0.19618548
  -0.51918515  -0.18220050
  -0.48457536  -0.16821551
  -0.44996558  -0.15423052
  -0.41535580  -0.14024553
  -0.41539419  -0.11267121
  -0.41543259  -0.08509688
  -0.41547098  -0.05752256
  -0.41550938  -0.02994824
  -0.41554777  -0.00237391
  -0.41558617   0.02520041
  -0.41562456   0.05277473
  -0.41566296   0.08034906
  -0.41570135   0.10792338
  -0.41573975   0.13549771
  -0.41577814   0.16307203
  -0.43000247   0.19715791
  -0.44422679   0.23124379
  -0.45845111   0.26532967
  -0.47267543   0.29941556
  -0.47921847   0.32664251
  -0.48576150   0.35386947
  -0.49230454   0.38109643
  -0.49884757   0.40832339
  -0.50539061   0.43555035
  -0.53235750   0.44228076
  -0.55932439   0.44901117
  -0.58629128   0.45574158
  -0.61325818   0.46247199
  -0.64111000   0.48013266
  -0.66896182   0.49779332
  -0.69681364   0.51545399
  -0.72466546   0.53311465
  -0.75251728   0.55077532
  -0.78036910   0.56843598
  -0.80822092   0.58609664
  -0.82952971   0.60778035
  -0.85083850   0.62946406
  -0.87214728   0.65114776
  -0.89345607   0.67283147
  -0.91476486   0.69451518
  -0.93607364   0.71619888
  -0.95738243   0.73788259
  -0.97869121   0.75956629
  -1.00000000  -0.46875000
  -1.00000000   0.78125000
  -0.97210978  -0.48273499
  -0.94421957  -0.46546998
  -0.91632935  -0.44820496
  -0.88843913  -0.43093995
  -0.86054892  -0.41367494
  -0.83265870  -0.39640993
  -0.80476848  -0.37914492
  -0.77687827  -0.36187990
  -0.74898805  -0.34461489
  -0.72109783  -0.32734988
  -0.69320762  -0.31008487
  -0.66531740  -0.29281986
  -0.63742718  -0.27555484
  -0.60953697  -0.25828983
  -0.58164675  -0.24102482
  -0.55375653  -0.22375981
  -0.51914675  -0.20977482
  -0.48453697  -0.19578983
  -0.44992718  -0.18180484
  -0.41531740  -0.16781986
  -0.38070762  -0.15383487
  -0.38074601  -0.12626054
  -0.38078441  -0.09868622
  -0.38082280  -0.07111190
  -0.38086120  -0.04353757
  -0.38089959  -0.01596325
  -0.38093799   0.01161107
  -0.38097638   0.03918540
  -0.38101478   0.06675972
  -0.38105317   0.09433405
  -0.38109157   0.12190837
  -0.38112997   0.14948269
  -0.39535429   0.18356858
  -0.40957861   0.21765446
  -0.42380293   0.25174034
  -0.43802725   0.28582622
  -0.45225157   0.31991210
  -0.45879461   0.34713906
  -0.46533764   0.37436602
  -0.47188068   0.40159298
  -0.47842371   0.42881993
  -0.48496675   0.45604689
  -0.51193364   0.46277730
  -0.53890053   0.46950772
  -0.56586743   0.47623813
  -0.59283432   0.48296854
  -0.61980121   0.48969895
  -0.64765303   0.50735962
  -0.67550485   0.52502028
  -0.70335667   0.54268095
  -0.73120850   0.56034161
  -0.75906032   0.57800227
  -0.78691214   0.59566294
  -0.80822092   0.61734664
  -0.82952971   0.63903035
  -0.85083850   0.66071406
  -0.87214728   0.68239776
  -0.89345607   0.70408147
  -0.91476486   0.72576518
  -0.93607364   0.74744888
  -0.95738243   0.76913259
  -0.97869121   0.79081629
  -1.00000000  -0.50000000
  -1.00000000   0.81250000
  -0.97882631  -0.50984710
  -0.95093609  -0.49258209
  -0.92304587  -0.47531708
  -0.89515566  -0.45805207
  -0.86726544  -0.44078706
  -0.83937522  -0.42352204
  -0.81148501  -0.40625703
  -0.78359479  -0.38899202
  -0.75570457  -0.37172701
  -0.72781436  -0.35446200
  -0.69992414  -0.33719698
  -0.67203392  -0.31993197
  -0.64414371  -0.30266696
  -0.61625349  -0.28540195
  -0.58836327  -0.26813694
  -0.56047306  -0.25087192
  -0.53353846  -0.24412606
  -0.49892867  -0.23014107
  -0.46431889  -0.21615609
  -0.42970911  -0.20217110
  -0.39509932  -0.18818611
  -0.36048954  -0.17420112
  -0.34609783  -0.13984988
  -0.34613623  -0.11227556
  -0.34617462  -0.08470123
  -0.34621302  -0.05712691
  -0.34625141  -0.02955258
  -0.34628981  -0.00197826
  -0.34632821   0.02559606
  -0.34636660   0.05317039
  -0.34640500   0.08074471
  -0.34644339   0.10831903
  -0.34648179   0.13589336
  -0.36070611   0.16997924
  -0.37493043   0.20406512
  -0.38915475   0.23815100
  -0.40337907   0.27223688
  -0.41760339   0.30632277
  -0.43182772   0.34040865
  -0.43837075   0.36763561
  -0.44491379   0.39486256
  -0.45145682   0.42208952
  -0.45799986   0.44931648
  -0.46454289   0.47654344
  -0.49150978   0.48327385
  -0.51847668   0.49000426
  -0.54544357   0.49673467
  -0.57241046   0.50346509
  -0.59937735   0.51019550
  -0.62634425   0.51692591
  -0.65419607   0.53458658
  -0.68204789   0.55224724
  -0.70989971   0.56990790
  -0.73775153   0.58756857
  -0.76560335   0.60522923
  -0.78691214   0.62691294
  -0.80822092   0.64859664
  -0.82952971   0.67028035
  -0.85083850   0.69196406
  -0.87214728   0.71364776
  -0.89345607   0.73533147
  -0.91476486   0.75701518
  -0.93607364   0.77869888
  -0.95738243   0.80038259
  -0.97869121   0.82206629
  -1.00000000  -0.53125000
  -1.00000000   0.84375000
  -0.97882631  -0.54109710
  -0.95765261  -0.51969421
  -0.92976239  -0.50242920
  -0.90187218  -0.48516419
  -0.87398196  -0.46789917
  -0.84609174  -0.45063416
  -0.81820153  -0.43336915
  -0.79031131  -0.41610414
  -0.76242109  -0.39883913
  -0.73453088  -0.38157411
  -0.70664066  -0.36430910
  -0.67875044  -0.34704409
  -0.65086023  -0.32977908
  -0.62297001  -0.31251407
  -0.59507979  -0.29524905
  -0.56718958  -0.27798404
  -0.54025498  -0.27123818
  -0.51332038  -0.26449232
  -0.47871060  -0.25050733
  -0.44410082  -0.23652234
  -0.40949103  -0.22253735
  -0.37488125  -0.20855236
  -0.34027147  -0.19456738
  -0.32587976  -0.16021613
  -0.31148805  -0.12586489
  -0.31152645  -0.09829057
  -0.31156484  -0.07071624
  -0.31160324  -0.04314192
  -0.31164163  -0.01556760
  -0.31168003   0.01200673
  -0.31171842   0.03958105
  -0.31175682   0.06715537
  -0.31179521   0.09472970
  -0.31183361   0.12230402
  -0.32605793   0.15638990
  -0.34028225   0.19047579
  -0.35450657   0.22456167
  -0.36873089   0.25864755
  -0.38295522   0.29273343
  -0.39717954   0.32681931
  -0.41140386   0.36090519
  -0.41794689   0.38813215
  -0.42448993   0.41535911
  -0.43103296   0.44258607
  -0.43757600   0.46981303
  -0.44411904   0.49703998
  -0.47108593   0.50377040
  -0.49805282   0.51050081
  -0.52501971   0.51723122
  -0.55198660   0.52396163
  -0.57895350   0.53069204
  -0.60592039   0.53742246
  -0.63288728   0.54415287
  -0.66073910   0.56181353
  -0.68859092   0.57947420
  -0.71644274   0.59713486
  -0.74429457   0.61479553
  -0.76560335   0.63647923
  -0.78691214   0.65816294
  -0.80822092   0.67984664
  -0.82952971   0.70153035
  -0.85083850   0.72321406
  -0.87214728   0.74489776
  -0.89345607   0.76658147
  -0.91476486   0.78826518
  -0.93607364   0.80994888
  -0.95738243   0.83163259
  -0.97869121   0.85331629
  -1.00000000  -0.56250000
  -1.00000000   0.87500000
  -0.97882631  -0.57234710
  -0.95765261  -0.55094421
  -0.93647892  -0.52954131
  -0.90858870  -0.51227630
  -0.88069848  -0.49501129
  -0.85280827  -0.47774628
  -0.82491805  -0.46048127
  -0.79702783  -0.44321625
  -0.76913762  -0.42595124
  -0.74124740  -0.40868623
  -0.71335718  -0.39142122
  -0.68546697  -0.37415621
  -0.65757675  -0.35689119
  -0.62968653  -0.33962618
  -0.60179632  -0.32236117
  -0.57390610  -0.30509616
  -0.54697150  -0.29835030
  -0.52003690  -0.29160443
  -0.49310231  -0.28485857
  -0.45849252  -0.27087358
  -0.42388274  -0.25688859
  -0.38927296  -0.24290361
  -0.35466317  -0.22891862
  -0.32005339  -0.21493363
  -0.30566168  -0.18058239
  -0.29126997  -0.14623115
  -0.27687827  -0.11187990
  -0.27691666  -0.08430558
  -0.27695506  -0.05673126
  -0.27699345  -0.02915693
  -0.27703185  -0.00158261
  -0.27707024   0.02599172
  -0.27710864   0.05356604
  -0.27714703   0.08114036
  -0.27718543   0.10871469
  -0.29140975   0.14280057
  -0.30563407   0.17688645
  -0.31985839   0.21097233
  -0.33408272   0.24505821
  -0.34830704   0.27914410
  -0.36253136   0.31322998
  -0.37675568   0.34731586
  -0.39098000   0.38140174
  -0.39752304   0.40862870
  -0.40406607   0.43585566
  -0.41060911   0.46308261
  -0.41715214   0.49030957
  -0.42369518   0.51753653
  -0.45066207   0.52426694
  -0.47762896   0.53099735
  -0.50459585   0.53772777
  -0.53156275   0.54445818
  -0.55852964   0.55118859
  -0.58549653   0.55791900
  -0.61246342   0.56464941
  -0.63943032   0.57137983
  -0.66728214   0.58904049
  -0.69513396   0.60670116
  -0.72298578   0.62436182
  -0.74429457   0.64604553
  -0.76560335   0.66772923
  -0.78691214   0.68941294
  -0.80822092   0.71109664
  -0.82952971   0.73278035
  -0.85083850   0.75446406
  -0.87214728   0.77614776
  -0.89345607   0.79783147
  -0.91476486   0.81951518
  -0.93607364   0.84119888
  -0.95738243   0.86288259
  -0.97869121   0.88456629
  -1.00000000  -0.59375000
  -1.00000000   0.90625000
  -0.97882631  -0.60359710
  -0.95765261  -0.58219421
  -0.93647892  -0.56079131
  -0.91530522  -0.53938842
  -0.88741500  -0.52212341
  -0.85952479  -0.50485839
  -0.83163457  -0.48759338
  -0.80374435  -0.47032837
  -0.77585414  -0.45306336
  -0.74796392  -0.43579835
  -0.72007370  -0.41853333
  -0.69218349  -0.40126832
  -0.66429327  -0.38400331
  -0.63640305  -0.36673830
  -0.60851284  -0.34947329
  -0.58062262  -0.33220827
  -0.55368802  -0.32546241
  -0.52675343  -0.31871655
  -0.49981883  -0.31197069
  -0.47288423  -0.30522483
  -0.43827445  -0.29123984
  -0.40366466  -0.27725485
  -0.36905488  -0.26326986
  -0.33444510  -0.24928487
  -0.29983531  -0.23529989
  -0.28544361  -0.20094864
  -0.27105190  -0.16659740
  -0.25666019  -0.13224616
  -0.24226848  -0.09789492
  -0.24230688  -0.07032059
  -0.24234527  -0.04274627
  -0.24238367  -0.01517194
  -0.24242206   0.01240238
  -0.24246046   0.03997670
  -0.24249886   0.06755103
  -0.24253725   0.09512535
  -0.25676157   0.12921123
  -0.27098589   0.16329711
  -0.28521022   0.19738300
  -0.29943454   0.23146888
  -0.31365886   0.26555476
  -0.32788318   0.29964064
  -0.34210750   0.33372652
  -0.35633182   0.36781240
  -0.37055615   0.40189829
  -0.37709918   0.42912524
  -0.38364222   0.45635220
  -0.39018525   0.48357916
  -0.39672829   0.51080612
  -0.40327132   0.53803308
  -0.43023821   0.54476349
  -0.45720511   0.55149390
  -0.48417200   0.55822431
  -0.51113889   0.56495472
  -0.53810578   0.57168514
  -0.56507267   0.57841555
  -0.59203957   0.58514596
  -0.61900646   0.59187637
  -0.64597335   0.59860679
  -0.67382517   0.61626745
  -0.70167699   0.63392811
  -0.72298578   0.65561182
  -0.74429457   0.67729553
  -0.76560335   0.69897923
  -0.78691214   0.72066294
  -0.80822092   0.74234664
  -0.82952971   0.76403035
  -0.85083850   0.78571406
  -0.87214728   0.80739776
  -0.89345607   0.82908147
  -0.91476486   0.85076518
  -0.93607364   0.87244888
  -0.95738243   0.89413259
  -0.97869121   0.91581629
  -1.00000000  -0.62500000
  -1.00000000   0.93750000
  -0.97882631  -0.63484710
  -0.95765261  -0.61344421
  -0.93647892  -0.59204131
  -0.91530522  -0.57063842
  -0.89413153  -0.54923552
  -0.86624131  -0.53197051
  -0.83835109  -0.51470550
  -0.81046088  -0.49744049
  -0.78257066  -0.48017548
  -0.75468044  -0.46291046
  -0.72679023  -0.44564545
  -0.69890001  -0.42838044
  -0.67100979  -0.41111543
  -0.64311958  -0.39385042
  -0.61522936  -0.37658540
  -0.58733914  -0.35932039
  -0.56040455  -0.35257453
  -0.53346995  -0.34582867
  -0.50653535  -0.33908280
  -0.47960075  -0.33233694
  -0.45266616  -0.32559108
  -0.41805637  -0.31160609
  -0.38344659  -0.29762110
  -0.34883681  -0.28363612
  -0.31422702  -0.26965113
  -0.27961724  -0.25566614
  -0.26522553  -0.22131490
  -0.25083382  -0.18696365
  -0.23644212  -0.15261241
  -0.22205041  -0.11826117
  -0.20765870  -0.08390993
  -0.20769710  -0.05633560
  -0.20773549  -0.02876128
  -0.20777389  -0.00118696
  -0.20781228   0.02638737
  -0.20785068   0.05396169
  -0.20788907   0.08153601
  -0.22211339   0.11562190
  -0.23633772   0.14970778
  -0.25056204   0.18379366
  -0.26478636   0.21787954
  -0.27901068   0.25196542
  -0.29323500   0.28605131
  -0.30745932   0.32013719
  -0.32168365   0.35422307
  -0.33590797   0.38830895
  -0.35013229   0.42239483
  -0.35667532   0.44962179
  -0.36321836   0.47684875
  -0.36976139   0.50407571
  -0.37630443   0.53130266
  -0.38284746   0.55852962
  -0.40981436   0.56526003
  -0.43678125   0.57199045
  -0.46374814   0.57872086
  -0.49071503   0.58545127
  -0.51768193   0.59218168
  -0.54464882   0.59891209
  -0.57161571   0.60564251
  -0.59858260   0.61237292
  -0.62554949   0.61910333
  -0.65251639   0.62583374
  -0.68036821   0.64349441
  -0.70167699   0.66517811
  -0.72298578   0.68686182
  -0.74429457   0.70854553
  -0.76560335   0.73022923
  -0.78691214   0.75191294
  -0.80822092   0.77359664
  -0.82952971   0.79528035
  -0.85083850   0.81696406
  -0.87214728   0.83864776
  -0.89345607   0.86033147
  -0.91476486   0.88201518
  -0.93607364   0.90369888
  -0.95738243   0.92538259
  -0.97869121   0.94706629
  -1.00000000  -0.65625000
  -1.00000000   0.96875000
  -0.97882631  -0.66609710
  -0.95765261  -0.64469421
  -0.93647892  -0.62329131
  -0.91530522  -0.60188842
  -0.89413153  -0.58048552
  -0.87295783  -0.55908263
  -0.84506762  -0.54181762
  -0.81717740  -0.52455260
  -0.78928718  -0.50728759
  -0.76139697  -0.49002258
  -0.73350675  -0.47275757
  -0.70561653  -0.45549256
  -0.67772632  -0.43822754
  -0.64983610  -0.42096253
  -0.62194588  -0.40369752
  -0.59405567  -0.38643251
  -0.56712107  -0.37968665
  -0.54018647  -0.37294078
  -0.51325187  -0.36619492
  -0.48631728  -0.35944906
  -0.45938268  -0.35270320
  -0.43244808  -0.34595733
  -0.39783830  -0.33197235
  -0.36322851  -0.31798736
  -0.32861873  -0.30400237
  -0.29400895  -0.29001738
  -0.25939916  -0.27603239
  -0.24500746  -0.24168115
  -0.23061575  -0.20732991
  -0.21622404  -0.17297867
  -0.20183233  -0.13862742
  -0.18744062  -0.10427618
  -0.17304892  -0.06992494
  -0.17308731  -0.04235062
  -0.17312571  -0.01477629
  -0.17316410   0.01279803
  -0.17320250   0.04037236
  -0.17324089   0.06794668
  -0.18746521   0.10203256
  -0.20168954   0.13611844
  -0.21591386   0.17020432
  -0.23013818   0.20429021
  -0.24436250   0.23837609
  -0.25858682   0.27246197
  -0.27281114   0.30654785
  -0.28703547   0.34063373
  -0.30125979   0.37471961
  -0.31548411   0.40880550
  -0.32970843   0.44289138
  -0.33625147   0.47011834
  -0.34279450   0.49734529
  -0.34933754   0.52457225
  -0.35588057   0.55179921
  -0.36242361   0.57902617
  -0.38939050   0.58575658
  -0.41635739   0.59248699
  -0.44332428   0.59921740
  -0.47029118   0.60594782
  -0.49725807   0.61267823
  -0.52422496   0.61940864
  -0.55119185   0.62613905
  -0.57815874   0.63286946
  -0.60512564   0.63959988
  -0.63209253   0.64633029
  -0.65905942   0.65306070
  -0.68036821   0.67474441
  -0.70167699   0.69642811
  -0.72298578   0.71811182
  -0.74429457   0.73979553
  -0.76560335   0.76147923
  -0.78691214   0.78316294
  -0.80822092   0.80484664
  -0.82952971   0.82653035
  -0.85083850   0.84821406
  -0.87214728   0.86989776
  -0.89345607   0.89158147
  -0.91476486   0.91326518
  -0.93607364   0.93494888
  -0.95738243   0.95663259
  -0.97869121   0.97831629
  -1.00000000  -0.68750000
  -1.00000000   1.00000000
  -0.97882631  -0.69734710
  -0.95765261  -0.67594421
  -0.93647892  -0.65454131
  -0.91530522  -0.63313842
  -0.89413153  -0.61173552
  -0.87295783  -0.59033263
  -0.85178414  -0.56892973
  -0.82389392  -0.55166472
  -0.79600370  -0.53439971
  -0.76811349  -0.51713470
  -0.74022327  -0.49986968
  -0.71233305  -0.48260467
  -0.68444284  -0.46533966
  -0.65655262  -0.44807465
  -0.62866240  -0.43080964
  -0.60077219  -0.41354462
  -0.57383759  -0.40679876
  -0.54690299  -0.40005290
  -0.51996840  -0.39330704
  -0.49303380  -0.38656118
  -0.46609920  -0.37981531
  -0.43916460  -0.37306945
  -0.41223001  -0.36632359
  -0.37762022  -0.35233860
  -0.34301044  -0.33835361
  -0.30840065  -0.32436862
  -0.27379087  -0.31038364
  -0.23918109  -0.29639865
  -0.22478938  -0.26204741
  -0.21039767  -0.22769616
  -0.19600596  -0.19334492
  -0.18161426  -0.15899368
  -0.16722255  -0.12464244
  -0.15283084  -0.09029119
  -0.13843913  -0.05593995
  -0.13847753  -0.02836563
  -0.13851592  -0.00079130
  -0.13855432   0.02678302
  -0.13859271   0.05435734
  -0.15281704   0.08844322
  -0.16704136   0.12252911
  -0.18126568   0.15661499
  -0.19549000   0.19070087
  -0.20971432   0.22478675
  -0.22393864   0.25887263
  -0.23816297   0.29295852
  -0.25238729   0.32704440
  -0.26661161   0.36113028
  -0.28083593   0.39521616
  -0.29506025   0.42930204
  -0.30928457   0.46338792
  -0.31582761   0.49061488
  -0.32237064   0.51784184
  -0.32891368   0.54506880
  -0.33545672   0.57229576
  -0.35248239   0.60070987
  -0.37944929   0.60744029
  -0.40641618   0.61417070
  -0.43338307   0.62090111
  -0.46034996   0.62763152
  -0.48731685   0.63436193
  -0.51428375   0.64109235
  -0.54125064   0.64782276
  -0.56821753   0.65455317
  -0.59518442   0.66128358
  -0.62215132   0.66801400
  -0.64911821   0.67474441
  -0.67042699   0.69642811
  -0.69173578   0.71811182
  -0.71304457   0.73979553
  -0.73435335   0.76147923
  -0.75566214   0.78316294
  -0.77697092   0.80484664
  -0.79827971   0.82653035
  -0.81958850   0.84821406
  -0.84089728   0.86989776
  -0.86220607   0.89158147
  -0.88351486   0.91326518
  -0.90482364   0.93494888
  -0.92613243   0.95663259
  -0.94744121   0.97831629
  -0.96875000   1.00000000
  -1.00000000  -0.71875000
  -0.97882631  -0.72859710
  -0.95765261  -0.70719421
  -0.93647892  -0.68579131
  -0.91530522  -0.66438842
  -0.89413153  -0.64298552
  -0.87295783  -0.62158263
  -0.85178414  -0.60017973
  -0.83061044  -0.57877684
  -0.80272023  -0.56151183
  -0.77483001  -0.54424681
  -0.74693979  -0.52698180
  -0.71904958  -0.50971679
  -0.69115936  -0.49245178
  -0.66326914  -0.47518677
  -0.63537893  -0.45792175
  -0.60748871  -0.44065674
  -0.58055411  -0.43391088
  -0.55361951  -0.42716502
  -0.52668492  -0.42041915
  -0.49975032  -0.41367329
  -0.47281572  -0.40692743
  -0.44588112  -0.40018157
  -0.41894653  -0.39343571
  -0.39201193  -0.38668984
  -0.35740215  -0.37270485
  -0.32279236  -0.35871987
  -0.28818258  -0.34473488
  -0.25357280  -0.33074989
  -0.21896301  -0.31676490
  -0.20457130  -0.28241366
  -0.19017960  -0.24806242
  -0.17578789  -0.21371118
  -0.16139618  -0.17935993
  -0.14700447  -0.14500869
  -0.13261277  -0.11065745
  -0.11822106  -0.07630621
  -0.10382935  -0.04195496
  -0.10386775  -0.01438064
  -0.10390614   0.01319368
  -0.10394454   0.04076801
  -0.11816886   0.07485389
  -0.13239318   0.10893977
  -0.14661750   0.14302565
  -0.16084182   0.17711153
  -0.17506614   0.21119742
  -0.18929047   0.24528330
  -0.20351479   0.27936918
  -0.21773911   0.31345506
  -0.23196343   0.34754094
  -0.24618775   0.38162682
  -0.26041207   0.41571271
  -0.27463640   0.44979859
  -0.28886072   0.48388447
  -0.29540375   0.51111143
  -0.30194679   0.53833839
  -0.30848982   0.56556534
  -0.32551550   0.59397946
  -0.34254118   0.62239358
  -0.36950807   0.62912399
  -0.39647496   0.63585440
  -0.42344186   0.64258482
  -0.45040875   0.64931523
  -0.47737564   0.65604564
  -0.50434253   0.66277605
  -0.53130943   0.66950647
  -0.55827632   0.67623688
  -0.58524321   0.68296729
  -0.61221010   0.68969770
  -0.63917699   0.69642811
  -0.66048578   0.71811182
  -0.68179457   0.73979553
  -0.70310335   0.76147923
  -0.72441214   0.78316294
  -0.74572092   0.80484664
  -0.76702971   0.82653035
  -0.78833850   0.84821406
  -0.80964728   0.86989776
  -0.83095607   0.89158147
  -0.85226486   0.91326518
  -0.87357364   0.93494888
  -0.89488243   0.95663259
  -0.91619121   0.97831629
  -0.93750000   1.00000000
  -1.00000000  -0.75000000
  -0.97882631  -0.75984710
  -0.95765261  -0.73844421
  -0.93647892  -0.71704131
  -0.91530522  -0.69563842
  -0.89413153  -0.67423552
  -0.87295783  -0.65283263
  -0.85178414  -0.63142973
  -0.83061044  -0.61002684
  -0.80943675  -0.58862394
  -0.78154653  -0.57135893
  -0.75365632  -0.55409392
  -0.72576610  -0.53682891
  -0.69787588  -0.51956389
  -0.66998567  -0.50229888
  -0.64209545  -0.48503387
  -0.61420523  -0.46776886
  -0.58727063  -0.46102300
  -0.56033604  -0.45427713
  -0.53340144  -0.44753127
  -0.50646684  -0.44078541
  -0.47953224  -0.43403955
  -0.45259765  -0.42729368
  -0.42566305  -0.42054782
  -0.39872845  -0.41380196
  -0.37179385  -0.40705610
  -0.33718407  -0.39307111
  -0.30257429  -0.37908612
  -0.26796450  -0.36510113
  -0.23335472  -0.35111615
  -0.19874494  -0.33713116
  -0.18435323  -0.30277991
  -0.16996152  -0.26842867
  -0.15556981  -0.23407743
  -0.14117811  -0.19972619
  -0.12678640  -0.16537495
  -0.11239469  -0.13102370
  -0.09800298  -0.09667246
  -0.08361127  -0.06232122
  -0.06921957  -0.02796998
  -0.06925796  -0.00039565
  -0.06929636   0.02717867
  -0.08352068   0.06126455
  -0.09774500   0.09535044
  -0.11196932   0.12943632
  -0.12619364   0.16352220
  -0.14041797   0.19760808
  -0.15464229   0.23169396
  -0.16886661   0.26577984
  -0.18309093   0.29986573
  -0.19731525   0.33395161
  -0.21153957   0.36803749
  -0.22576390   0.40212337
  -0.23998822   0.43620925
  -0.25421254   0.47029513
  -0.26843686   0.50438102
  -0.27497990   0.53160797
  -0.28152293   0.55883493
  -0.29854861   0.58724905
  -0.31557429   0.61566317
  -0.33259997   0.64407729
  -0.35956686   0.65080770
  -0.38653375   0.65753811
  -0.41350064   0.66426852
  -0.44046753   0.67099894
  -0.46743443   0.67772935
  -0.49440132   0.68445976
  -0.52136821   0.69119017
  -0.54833510   0.69792058
  -0.57530200   0.70465100
  -0.60226889   0.71138141
  -0.62923578   0.71811182
  -0.65054457   0.73979553
  -0.67185335   0.76147923
  -0.69316214   0.78316294
  -0.71447092   0.80484664
  -0.73577971   0.82653035
  -0.75708850   0.84821406
  -0.77839728   0.86989776
  -0.79970607   0.89158147
  -0.82101486   0.91326518
  -0.84232364   0.93494888
  -0.86363243   0.95663259
  -0.88494121   0.97831629
  -0.90625000   1.00000000
  -1.00000000  -0.78125000
  -0.97882631  -0.79109710
  -0.95765261  -0.76969421
  -0.93647892  -0.74829131
  -0.91530522  -0.72688842
  -0.89413153  -0.70548552
  -0.87295783  -0.68408263
  -0.85178414  -0.66267973
  -0.83061044  -0.64127684
  -0.80943675  -0.61987394
  -0.78826305  -0.59847105
  -0.76037284  -0.58120603
  -0.73248262  -0.56394102
  -0.70459240  -0.54667601
  -0.67670219  -0.52941100
  -0.64881197  -0.51214599
  -0.62092175  -0.49488097
  -0.59398716  -0.48813511
  -0.56705256  -0.48138925
  -0.54011796  -0.47464339
  -0.51318336  -0.46789753
  -0.48624877  -0.46115166
  -0.45931417  -0.45440580
  -0.43237957  -0.44765994
  -0.40544497  -0.44091408
  -0.37851038  -0.43416821
  -0.35157578  -0.42742235
  -0.31696600  -0.41343736
  -0.28235621  -0.39945238
  -0.24774643  -0.38546739
  -0.21313665  -0.37148240
  -0.17852686  -0.35749741
  -0.16413515  -0.32314617
  -0.14974345  -0.28879493
  -0.13535174  -0.25444368
  -0.12096003  -0.22009244
  -0.10656832  -0.18574120
  -0.09217661  -0.15138996
  -0.07778491  -0.11703872
  -0.06339320  -0.08268747
  -0.04900149  -0.04833623
  -0.03460978  -0.01398499
  -0.03464818   0.01358934
  -0.04887250   0.04767522
  -0.06309682   0.08176110
  -0.07732114   0.11584698
  -0.09154547   0.14993286
  -0.10576979   0.18401874
  -0.11999411   0.21810463
  -0.13421843   0.25219051
  -0.14844275   0.28627639
  -0.16266707   0.32036227
  -0.17689140   0.35444815
  -0.19111572   0.38853404
  -0.20534004   0.42261992
  -0.21956436   0.45670580
  -0.23378868   0.49079168
  -0.24801300   0.52487756
  -0.25455604   0.55210452
  -0.27158172   0.58051864
  -0.28860740   0.60893276
  -0.30563307   0.63734687
  -0.32265875   0.66576099
  -0.34962564   0.67249141
  -0.37659254   0.67922182
  -0.40355943   0.68595223
  -0.43052632   0.69268264
  -0.45749321   0.69941305
  -0.48446011   0.70614347
  -0.51142700   0.71287388
  -0.53839389   0.71960429
  -0.56536078   0.72633470
  -0.59232767   0.73306511
  -0.61929457   0.73979553
  -0.64060335   0.76147923
  -0.66191214   0.78316294
  -0.68322092   0.80484664
  -0.70452971   0.82653035
  -0.72583850   0.84821406
  -0.74714728   0.86989776
  -0.76845607   0.89158147
  -0.78976486   0.91326518
  -0.81107364   0.93494888
  -0.83238243   0.95663259
  -0.85369121   0.97831629
  -0.87500000   1.00000000
  -1.00000000  -0.81250000
  -0.97882631  -0.82234710
  -0.95765261  -0.80094421
  -0.93647892  -0.77954131
  -0.91530522  -0.75813842
  -0.89413153  -0.73673552
  -0.87295783  -0.71533263
  -0.85178414  -0.69392973
  -0.83061044  -0.67252684
  -0.80943675  -0.65112394
  -0.78826305  -0.62972105
  -0.76708936  -0.60831815
  -0.73919914  -0.59105314
  -0.71130893  -0.57378813
  -0.68341871  -0.55652312
  -0.65552849  -0.53925810
  -0.62763828  -0.52199309
  -0.60070368  -0.51524723
  -0.57376908  -0.50850137
  -0.54683448  -0.50175550
  -0.51989989  -0.49500964
  -0.49296529  -0.48826378
  -0.46603069  -0.48151792
  -0.43909609  -0.47477206
  -0.41216150  -0.46802619
  -0.38522690  -0.46128033
  -0.35829230  -0.45453447
  -0.33135770  -0.44778861
  -0.29674792  -0.43380362
  -0.26213814  -0.41981863
  -0.22752835  -0.40583364
  -0.19291857  -0.39184865
  -0.15830879  -0.37786367
  -0.14391708  -0.34351242
  -0.12952537  -0.30916118
  -0.11513366  -0.27480994
  -0.10074195  -0.24045870
  -0.08635025  -0.20610745
  -0.07195854  -0.17175621
  -0.05756683  -0.13740497
  -0.04317512  -0.10305373
  -0.02878342  -0.06870248
  -0.01439171  -0.03435124
   0.00000000   0.00000000
  -0.01422432   0.03408588
  -0.02844864   0.06817176
  -0.04267296   0.10225765
  -0.05689729   0.13634353
  -0.07112161   0.17042941
  -0.08534593   0.20451529
  -0.09957025   0.23860117
  -0.11379457   0.27268705
  -0.12801889   0.30677294
  -0.14224322   0.34085882
  -0.15646754   0.37494470
  -0.17069186   0.40903058
  -0.18491618   0.44311646
  -0.19914050   0.47720234
  -0.21336482   0.51128823
  -0.22758915   0.54537411
  -0.24461482   0.57378823
  -0.26164050   0.60220234
  -0.27866618   0.63061646
  -0.29569186   0.65903058
  -0.31271754   0.68744470
  -0.33968443   0.69417511
  -0.36665132   0.70090552
  -0.39361821   0.70763594
  -0.42058511   0.71436635
  -0.44755200   0.72109676
  -0.47451889   0.72782717
  -0.50148578   0.73455758
  -0.52845268   0.74128800
  -0.55541957   0.74801841
  -0.58238646   0.75474882
  -0.60935335   0.76147923
  -0.63066214   0.78316294
  -0.65197092   0.80484664
  -0.67327971   0.82653035
  -0.69458850   0.84821406
  -0.71589728   0.86989776
  -0.73720607   0.89158147
  -0.75851486   0.91326518
  -0.77982364   0.93494888
  -0.80113243   0.95663259
  -0.82244121   0.97831629
  -0.84375000   1.00000000
  -1.00000000  -0.84375000
  -0.97882631  -0.85359710
  -0.95765261  -0.83219421
  -0.93647892  -0.81079131
  -0.91530522  -0.78938842
  -0.89413153  -0.76798552
  -0.87295783  -0.74658263
  -0.85178414  -0.72517973
  -0.83061044  -0.70377684
  -0.80943675  -0.68237394
  -0.78826305  -0.66097105
  -0.76708936  -0.63956815
  -0.74591566  -0.61816526
  -0.71802545  -0.60090024
  -0.69013523  -0.58363523
  -0.66224501  -0.56637022
  -0.63435480  -0.54910521
  -0.60742020  -0.54235935
  -0.58048560  -0.53561348
  -0.55355101  -0.52886762
  -0.52661641  -0.52212176
  -0.49968181  -0.51537590
  -0.47274721  -0.50863003
  -0.44581262  -0.50188417
  -0.41887802  -0.49513831
  -0.39194342  -0.48839245
  -0.36500882  -0.48164658
  -0.33807423  -0.47490072
  -0.31113963  -0.46815486
  -0.27652984  -0.45416987
  -0.24192006  -0.44018488
  -0.20731028  -0.42619990
  -0.17270049  -0.41221491
  -0.14495792  -0.41213745
  -0.13056621  -0.37778621
  -0.11617450  -0.34343497
  -0.10178280  -0.30908373
  -0.08739109  -0.27473248
  -0.07299938  -0.24038124
  -0.05860767  -0.20603000
  -0.04421597  -0.17167876
  -0.02982426  -0.13732751
  -0.01543255  -0.10297627
  -0.00104084  -0.06862503
   0.01335087  -0.03427379
   0.03370558  -0.01400168
   0.03374928   0.01359397
   0.01320229   0.03400442
  -0.00102203   0.06809030
  -0.01524635   0.10217618
  -0.02947067   0.13626206
  -0.04369499   0.17034794
  -0.05791932   0.20443382
  -0.07214364   0.23851971
  -0.08636796   0.27260559
  -0.10059228   0.30669147
  -0.11481660   0.34077735
  -0.12904092   0.37486323
  -0.14326525   0.40894912
  -0.15748957   0.44303500
  -0.17171389   0.47712088
  -0.18593821   0.51120676
  -0.20016253   0.54529264
  -0.21336482   0.57378823
  -0.23039050   0.60220234
  -0.24741618   0.63061646
  -0.26444186   0.65903058
  -0.28146754   0.68744470
  -0.29849322   0.71585882
  -0.32974322   0.71585882
  -0.35671011   0.72258923
  -0.38367700   0.72931964
  -0.41064389   0.73605005
  -0.43761079   0.74278047
  -0.46457768   0.74951088
  -0.49154457   0.75624129
  -0.51851146   0.76297170
  -0.54547835   0.76970211
  -0.57244525   0.77643253
  -0.59941214   0.78316294
  -0.62072092   0.80484664
  -0.64202971   0.82653035
  -0.66333850   0.84821406
  -0.68464728   0.86989776
  -0.70595607   0.89158147
  -0.72726486   0.91326518
  -0.74857364   0.93494888
  -0.76988243   0.95663259
  -0.79119121   0.97831629
  -0.81250000   1.00000000
  -1.00000000  -0.87500000
  -0.97882631  -0.88484710
  -0.95765261  -0.86344421
  -0.93647892  -0.84204131
  -0.91530522  -0.82063842
  -0.89413153  -0.79923552
  -0.87295783  -0.77783263
  -0.85178414  -0.75642973
  -0.83061044  -0.73502684
  -0.80943675  -0.71362394
  -0.78826305  -0.69222105
  -0.76708936  -0.67081815
  -0.74591566  -0.64941526
  -0.72474197  -0.62801236
  -0.69685175  -0.61074735
  -0.66896154  -0.59348234
  -0.64107132  -0.57621732
  -0.61413672  -0.56947146
  -0.58720212  -0.56272560
  -0.56026753  -0.55597974
  -0.53333293  -0.54923388
  -0.50639833  -0.54248801
  -0.47946373  -0.53574215
  -0.45252914  -0.52899629
  -0.42559454  -0.52225043
  -0.39865994  -0.51550456
  -0.37172534  -0.50875870
  -0.34479075  -0.50201284
  -0.31785615  -0.49526698
  -0.29092155  -0.48852111
  -0.25631177  -0.47453613
  -0.22170199  -0.46055114
  -0.18709220  -0.44656615
  -0.15934963  -0.44648870
  -0.13160705  -0.44641124
  -0.11721535  -0.41206000
  -0.10282364  -0.37770876
  -0.08843193  -0.34335751
  -0.07404022  -0.30900627
  -0.05964851  -0.27465503
  -0.04525681  -0.24030379
  -0.03086510  -0.20595254
  -0.01647339  -0.17160130
  -0.00208168  -0.13725006
   0.01231002  -0.10289882
   0.02670173  -0.06854757
   0.04705644  -0.04827546
   0.06745486  -0.00040771
   0.06741116  -0.02800335
   0.04695157   0.04759839
   0.06749856   0.02718794
   0.02640459   0.06800883
   0.01218026   0.10209471
  -0.00204406   0.13618060
  -0.01626838   0.17026648
  -0.03049270   0.20435236
  -0.04471702   0.23843824
  -0.05894134   0.27252412
  -0.07316567   0.30661000
  -0.08738999   0.34069589
  -0.10161431   0.37478177
  -0.11583863   0.40886765
  -0.13006295   0.44295353
  -0.14428727   0.47703941
  -0.15851160   0.51112530
  -0.17273592   0.54521118
  -0.18593821   0.57370676
  -0.19914050   0.60220234
  -0.21616618   0.63061646
  -0.23319186   0.65903058
  -0.25021754   0.68744470
  -0.26724322   0.71585882
  -0.28426889   0.74427294
  -0.31551889   0.74427294
  -0.34676889   0.74427294
  -0.37373579   0.75100335
  -0.40070268   0.75773376
  -0.42766957   0.76446417
  -0.45463646   0.77119458
  -0.48160336   0.77792500
  -0.50857025   0.78465541
  -0.53553714   0.79138582
  -0.56250403   0.79811623
  -0.58947092   0.80484664
  -0.61077971   0.82653035
  -0.63208850   0.84821406
  -0.65339728   0.86989776
  -0.67470607   0.89158147
  -0.69601486   0.91326518
  -0.71732364   0.93494888
  -0.73863243   0.95663259
  -0.75994121   0.97831629
  -0.78125000   1.00000000
  -1.00000000  -0.90625000
  -0.97882631  -0.91609710
  -0.95765261  -0.89469421
  -0.93647892  -0.87329131
  -0.91530522  -0.85188842
  -0.89413153  -0.83048552
  -0.87295783  -0.80908263
  -0.85178414  -0.78767973
  -0.83061044  -0.76627684
  -0.80943675  -0.74487394
  -0.78826305  -0.72347105
  -0.76708936  -0.70206815
  -0.74591566  -0.68066526
  -0.72474197  -0.65926236
  -0.70356828  -0.63785947
  -0.67567806  -0.62059445
  -0.64778784  -0.60332944
  -0.62085324  -0.59658358
  -0.59391865  -0.58983772
  -0.56698405  -0.58309185
  -0.54004945  -0.57634599
  -0.51311485  -0.56960013
  -0.48618026  -0.56285427
  -0.45924566  -0.55610841
  -0.43231106  -0.54936254
  -0.40537646  -0.54261668
  -0.37844187  -0.53587082
  -0.35150727  -0.52912496
  -0.32457267  -0.52237909
  -0.29763807  -0.51563323
  -0.27070348  -0.50888737
  -0.23609369  -0.49490238
  -0.20148391  -0.48091739
  -0.17374134  -0.48083994
  -0.14599876  -0.48076248
  -0.11825619  -0.48068503
  -0.10386448  -0.44633379
  -0.08947277  -0.41198254
  -0.07508106  -0.37763130
  -0.06068936  -0.34328006
  -0.04629765  -0.30892882
  -0.03190594  -0.27457757
  -0.01751423  -0.24022633
  -0.00312252  -0.20587509
   0.01126918  -0.17152385
   0.02566089  -0.13717260
   0.04005260  -0.10282136
   0.06040731  -0.08254925
   0.08076202  -0.06227714
   0.10116044  -0.01440938
   0.10120414   0.01318626
   0.10111673  -0.04200503
   0.08070085   0.06119235
   0.06015387   0.08160280
   0.10124784   0.04078191
   0.03960688   0.10201325
   0.02538256   0.13609913
   0.01115824   0.17018501
  -0.00306609   0.20427089
  -0.01729041   0.23835678
  -0.03151473   0.27244266
  -0.04573905   0.30652854
  -0.05996337   0.34061442
  -0.07418769   0.37470030
  -0.08841202   0.40878618
  -0.10263634   0.44287207
  -0.11686066   0.47695795
  -0.13108498   0.51104383
  -0.14530930   0.54512971
  -0.15851160   0.57362530
  -0.17171389   0.60212088
  -0.18491618   0.63061646
  -0.20194186   0.65903058
  -0.21896754   0.68744470
  -0.23599322   0.71585882
  -0.25301889   0.74427294
  -0.27004457   0.77268705
  -0.30129457   0.77268705
  -0.33254457   0.77268705
  -0.36379457   0.77268705
  -0.39076147   0.77941747
  -0.41772836   0.78614788
  -0.44469525   0.79287829
  -0.47166214   0.79960870
  -0.49862903   0.80633911
  -0.52559593   0.81306953
  -0.55256282   0.81979994
  -0.57952971   0.82653035
  -0.60083850   0.84821406
  -0.62214728   0.86989776
  -0.64345607   0.89158147
  -0.66476486   0.91326518
  -0.68607364   0.93494888
  -0.70738243   0.95663259
  -0.72869121   0.97831629
  -0.75000000   1.00000000
  -1.00000000  -0.93750000
  -0.97882631  -0.94734710
  -0.95765261  -0.92594421
  -0.93647892  -0.90454131
  -0.91530522  -0.88313842
  -0.89413153  -0.86173552
  -0.87295783  -0.84033263
  -0.85178414  -0.81892973
  -0.83061044  -0.79752684
  -0.80943675  -0.77612394
  -0.78826305  -0.75472105
  -0.76708936  -0.73331815
  -0.74591566  -0.71191526
  -0.72474197  -0.69051236
  -0.70356828  -0.66910947
  -0.68239458  -0.64770657
  -0.65450436  -0.63044156
  -0.62756977  -0.62369570
  -0.60063517  -0.61694983
  -0.57370057  -0.61020397
  -0.54676597  -0.60345811
  -0.51983138  -0.59671225
  -0.49289678  -0.58996638
  -0.46596218  -0.58322052
  -0.43902758  -0.57647466
  -0.41209299  -0.56972880
  -0.38515839  -0.56298293
  -0.35822379  -0.55623707
  -0.33128919  -0.54949121
  -0.30435460  -0.54274535
  -0.27742000  -0.53599949
  -0.25048540  -0.52925362
  -0.21587562  -0.51526864
  -0.18813304  -0.51519118
  -0.16039047  -0.51511373
  -0.13264790  -0.51503627
  -0.10490532  -0.51495882
  -0.09051361  -0.48060757
  -0.07612191  -0.44625633
  -0.06173020  -0.41190509
  -0.04733849  -0.37755385
  -0.03294678  -0.34320260
  -0.01855507  -0.30885136
  -0.00416337  -0.27450012
   0.01022834  -0.24014888
   0.02462005  -0.20579763
   0.03901176  -0.17144639
   0.05340346  -0.13709515
   0.07375818  -0.11682304
   0.09411289  -0.09655093
   0.11446760  -0.07627882
   0.13486601  -0.02841106
   0.13490972  -0.00081541
   0.13495342   0.02678023
   0.13482231  -0.05600670
   0.11445013   0.07478632
   0.09390315   0.09519677
   0.07335616   0.11560722
   0.13499712   0.05437588
   0.05280917   0.13601766
   0.03858485   0.17010355
   0.02436053   0.20418943
   0.01013621   0.23827531
  -0.00408812   0.27236119
  -0.01831244   0.30644707
  -0.03253676   0.34053296
  -0.04676108   0.37461884
  -0.06098540   0.40870472
  -0.07520972   0.44279060
  -0.08943405   0.47687648
  -0.10365837   0.51096236
  -0.11788269   0.54504825
  -0.13108498   0.57354383
  -0.14428727   0.60203941
  -0.15748957   0.63053500
  -0.17069186   0.65903058
  -0.18771754   0.68744470
  -0.20474322   0.71585882
  -0.22176889   0.74427294
  -0.23879457   0.77268705
  -0.25582025   0.80110117
  -0.28707025   0.80110117
  -0.31832025   0.80110117
  -0.34957025   0.80110117
  -0.38082025   0.80110117
  -0.40778714   0.80783158
  -0.43475404   0.81456200
  -0.46172093   0.82129241
  -0.48868782   0.82802282
  -0.51565471   0.83475323
  -0.54262160   0.84148364
  -0.56958850   0.84821406
  -0.59089728   0.86989776
  -0.61220607   0.89158147
  -0.63351486   0.91326518
  -0.65482364   0.93494888
  -0.67613243   0.95663259
  -0.69744121   0.97831629
  -0.71875000   1.00000000
  -1.00000000  -0.96875000
  -0.97882631  -0.97859710
  -0.95765261  -0.95719421
  -0.93647892  -0.93579131
  -0.91530522  -0.91438842
  -0.89413153  -0.89298552
  -0.87295783  -0.87158263
  -0.85178414  -0.85017973
  -0.83061044  -0.82877684
  -0.80943675  -0.80737394
  -0.78826305  -0.78597105
  -0.76708936  -0.76456815
  -0.74591566  -0.74316526
  -0.72474197  -0.72176236
  -0.70356828  -0.70035947
  -0.68239458  -0.67895657
  -0.66122089  -0.65755367
  -0.63428629  -0.65080781
  -0.60735169  -0.64406195
  -0.58041709  -0.63731609
  -0.55348250  -0.63057023
  -0.52654790  -0.62382436
  -0.49961330  -0.61707850
  -0.47267870  -0.61033264
  -0.44574411  -0.60358678
  -0.41880951  -0.59684091
  -0.39187491  -0.59009505
  -0.36494031  -0.58334919
  -0.33800572  -0.57660333
  -0.31107112  -0.56985746
  -0.28413652  -0.56311160
  -0.25720192  -0.55636574
  -0.23026733  -0.54961988
  -0.20252475  -0.54954242
  -0.17478218  -0.54946497
  -0.14703960  -0.54938751
  -0.11929703  -0.54931006
  -0.09155446  -0.54923260
  -0.07716275  -0.51488136
  -0.06277104  -0.48053012
  -0.04837933  -0.44617888
  -0.03398762  -0.41182763
  -0.01959592  -0.37747639
  -0.00520421  -0.34312515
   0.00918750  -0.30877391
   0.02357921  -0.27442266
   0.03797092  -0.24007142
   0.05236262  -0.20572018
   0.06675433  -0.17136894
   0.08710904  -0.15109683
   0.10746375  -0.13082471
   0.12781847  -0.11055260
   0.14817318  -0.09028049
   0.16857159  -0.04241273
   0.16861529  -0.01481709
   0.16865900   0.01277855
   0.16870270   0.04037420
   0.16852789  -0.07000838
   0.14819942   0.08838029
   0.12765243   0.10879074
   0.10710544   0.12920119
   0.08655845   0.14961163
   0.16874640   0.06796984
   0.06601146   0.17002208
   0.05178714   0.20410796
   0.03756282   0.23819384
   0.02333850   0.27227973
   0.00911418   0.30636561
  -0.00511014   0.34045149
  -0.01933447   0.37453737
  -0.03355879   0.40862325
  -0.04778311   0.44270913
  -0.06200743   0.47679502
  -0.07623175   0.51088090
  -0.09045607   0.54496678
  -0.10365837   0.57346236
  -0.11686066   0.60195795
  -0.13006295   0.63045353
  -0.14326525   0.65894912
  -0.15646754   0.68744470
  -0.17349322   0.71585882
  -0.19051889   0.74427294
  -0.20754457   0.77268705
  -0.22457025   0.80110117
  -0.24159593   0.82951529
  -0.27284593   0.82951529
  -0.30409593   0.82951529
  -0.33534593   0.82951529
  -0.36659593   0.82951529
  -0.39784593   0.82951529
  -0.42481282   0.83624570
  -0.45177971   0.84297611
  -0.47874661   0.84970653
  -0.50571350   0.85643694
  -0.53268039   0.86316735
  -0.55964728   0.86989776
  -0.58095607   0.89158147
  -0.60226486   0.91326518
  -0.62357364   0.93494888
  -0.64488243   0.95663259
  -0.66619121   0.97831629
  -0.68750000   1.00000000
  -1.00000000  -1.00000000
  -0.96875000  -1.00000000
  -0.94757631  -0.97859710
  -0.92640261  -0.95719421
  -0.90522892  -0.93579131
  -0.88405522  -0.91438842
  -0.86288153  -0.89298552
  -0.84170783  -0.87158263
  -0.82053414  -0.85017973
  -0.79936044  -0.82877684
  -0.77818675  -0.80737394
  -0.75701305  -0.78597105
  -0.73583936  -0.76456815
  -0.71466566  -0.74316526
  -0.69349197  -0.72176236
  -0.67231828  -0.70035947
  -0.65114458  -0.67895657
  -0.62420998  -0.67221071
  -0.59727539  -0.66546485
  -0.57034079  -0.65871898
  -0.54340619  -0.65197312
  -0.51647159  -0.64522726
  -0.48953700  -0.63848140
  -0.46260240  -0.63173553
  -0.43566780  -0.62498967
  -0.40873320  -0.61824381
  -0.38179861  -0.61149795
  -0.35486401  -0.60475208
  -0.32792941  -0.59800622
  -0.30099481  -0.59126036
  -0.27406022  -0.58451450
  -0.24712562  -0.57776864
  -0.21587562  -0.57776864
  -0.18813304  -0.57769118
  -0.16039047  -0.57761373
  -0.13264790  -0.57753627
  -0.10490532  -0.57745882
  -0.07716275  -0.57738136
  -0.06381188  -0.54915515
  -0.04942017  -0.51480391
  -0.03502847  -0.48045266
  -0.02063676  -0.44610142
  -0.00624505  -0.41175018
   0.00814666  -0.37739894
   0.02253837  -0.34304769
   0.03693007  -0.30869645
   0.05132178  -0.27434521
   0.06571349  -0.23999397
   0.08010520  -0.20564272
   0.10045991  -0.18537061
   0.12081462  -0.16509850
   0.14116933  -0.14482639
   0.16152404  -0.12455428
   0.18187875  -0.10428217
   0.20227717  -0.05641441
   0.20232087  -0.02881877
   0.20236457  -0.00122312
   0.20240828   0.02637252
   0.20245198   0.05396817
   0.20223347  -0.08401006
   0.18194870   0.10197426
   0.16140171   0.12238471
   0.14085472   0.14279516
   0.12030773   0.16320560
   0.09976074   0.18361605
   0.20249568   0.08156381
   0.07921376   0.20402650
   0.06498944   0.23811238
   0.05076511   0.27219826
   0.03654079   0.30628414
   0.02231647   0.34037002
   0.00809215   0.37445591
  -0.00613217   0.40854179
  -0.02035649   0.44262767
  -0.03458082   0.47671355
  -0.04880514   0.51079943
  -0.06302946   0.54488531
  -0.07623175   0.57338090
  -0.08943405   0.60187648
  -0.10263634   0.63037207
  -0.11583863   0.65886765
  -0.12904092   0.68736323
  -0.14224322   0.71585882
  -0.15926889   0.74427294
  -0.17629457   0.77268705
  -0.19332025   0.80110117
  -0.21034593   0.82951529
  -0.22737161   0.85792941
  -0.25862161   0.85792941
  -0.28987161   0.85792941
  -0.32112161   0.85792941
  -0.35237161   0.85792941
  -0.38362161   0.85792941
  -0.41487161   0.85792941
  -0.44183850   0.86465982
  -0.46880539   0.87139023
  -0.49577228   0.87812064
  -0.52273918   0.88485106
  -0.54970607   0.89158147
  -0.57101486   0.91326518
  -0.59232364   0.93494888
  -0.61363243   0.95663259
  -0.63494121   0.97831629
  -0.65625000   1.00000000
  -0.93750000  -1.00000000
  -0.91632631  -0.97859710
  -0.89515261  -0.95719421
  -0.87397892  -0.93579131
  -0.85280522  -0.91438842
  -0.83163153  -0.89298552
  -0.81045783  -0.87158263
  -0.78928414  -0.85017973
  -0.76811044  -0.82877684
  -0.74693675  -0.80737394
  -0.72576305  -0.78597105
  -0.70458936  -0.76456815
  -0.68341566  -0.74316526
  -0.66224197  -0.72176236
  -0.64106828  -0.70035947
  -0.61413368  -0.69361360
  -0.58719908  -0.68686774
  -0.56026448  -0.68012188
  -0.53332989  -0.67337602
  -0.50639529  -0.66663015
  -0.47946069  -0.65988429
  -0.45252609  -0.65313843
  -0.42559150  -0.64639257
  -0.39865690  -0.63964670
  -0.37172230  -0.63290084
  -0.34478770  -0.62615498
  -0.31785310  -0.61940912
  -0.29091851  -0.61266326
  -0.26398391  -0.60591739
  -0.23273391  -0.60591739
  -0.20148391  -0.60591739
  -0.17374134  -0.60583994
  -0.14599876  -0.60576248
  -0.11825619  -0.60568503
  -0.09051361  -0.60560757
  -0.06277104  -0.60553012
  -0.04942017  -0.57730391
  -0.03606931  -0.54907769
  -0.02167760  -0.51472645
  -0.00728589  -0.48037521
   0.00710582  -0.44602397
   0.02149752  -0.41167272
   0.03588923  -0.37732148
   0.05028094  -0.34297024
   0.06467265  -0.30861900
   0.07906436  -0.27426775
   0.09345606  -0.23991651
   0.11381077  -0.21964440
   0.13416549  -0.19937229
   0.15452020  -0.17910018
   0.17487491  -0.15882807
   0.19522962  -0.13855595
   0.21558433  -0.11828384
   0.23598275  -0.07041609
   0.23602645  -0.04282044
   0.23607015  -0.01522480
   0.23611385   0.01237085
   0.23615756   0.03996649
   0.23620126   0.06756214
   0.23593904  -0.09801173
   0.21569798   0.11556823
   0.19515099   0.13597868
   0.17460400   0.15638912
   0.15405701   0.17679957
   0.13351003   0.19721002
   0.11296304   0.21762047
   0.23624496   0.09515778
   0.09241605   0.23803091
   0.07819173   0.27211679
   0.06396741   0.30620268
   0.04974308   0.34028856
   0.03551876   0.37437444
   0.02129444   0.40846032
   0.00707012   0.44254620
  -0.00715420   0.47663209
  -0.02137852   0.51071797
  -0.03560285   0.54480385
  -0.04880514   0.57329943
  -0.06200743   0.60179502
  -0.07520972   0.63029060
  -0.08841202   0.65878618
  -0.10161431   0.68728177
  -0.11481660   0.71577735
  -0.12801889   0.74427294
  -0.14504457   0.77268705
  -0.16207025   0.80110117
  -0.17909593   0.82951529
  -0.19612161   0.85792941
  -0.21314729   0.88634353
  -0.24439729   0.88634353
  -0.27564729   0.88634353
  -0.30689729   0.88634353
  -0.33814729   0.88634353
  -0.36939729   0.88634353
  -0.40064729   0.88634353
  -0.43189729   0.88634353
  -0.45886418   0.89307394
  -0.48583107   0.89980435
  -0.51279796   0.90653476
  -0.53976486   0.91326518
  -0.56107364   0.93494888
  -0.58238243   0.95663259
  -0.60369121   0.97831629
  -0.62500000   1.00000000
  -0.90625000  -1.00000000
  -0.88507631  -0.97859710
  -0.86390261  -0.95719421
  -0.84272892  -0.93579131
  -0.82155522  -0.91438842
  -0.80038153  -0.89298552
  -0.77920783  -0.87158263
  -0.75803414  -0.85017973
  -0.73686044  -0.82877684
  -0.71568675  -0.80737394
  -0.69451305  -0.78597105
  -0.67333936  -0.76456815
  -0.65216566  -0.74316526
  -0.63099197  -0.72176236
  -0.60405737  -0.71501650
  -0.57712277  -0.70827064
  -0.55018818  -0.70152477
  -0.52325358  -0.69477891
  -0.49631898  -0.68803305
  -0.46938438  -0.68128719
  -0.44244979  -0.67454132
  -0.41551519  -0.66779546
  -0.38858059  -0.66104960
  -0.36164599  -0.65430374
  -0.33471140  -0.64755788
  -0.30777680  -0.64081201
  -0.28084220  -0.63406615
  -0.24959220  -0.63406615
  -0.21834220  -0.63406615
  -0.18709220  -0.63406615
  -0.15934963  -0.63398870
  -0.13160705  -0.63391124
  -0.10386448  -0.63383379
  -0.07612191  -0.63375633
  -0.04837933  -0.63367888
  -0.03502847  -0.60545266
  -0.02167760  -0.57722645
  -0.00832673  -0.54900024
   0.00606497  -0.51464900
   0.02045668  -0.48029775
   0.03484839  -0.44594651
   0.04924010  -0.41159527
   0.06363181  -0.37724403
   0.07802351  -0.34289278
   0.09241522  -0.30854154
   0.10680693  -0.27419030
   0.12716164  -0.25391819
   0.14751635  -0.23364608
   0.16787106  -0.21337396
   0.18822578  -0.19310185
   0.20858049  -0.17282974
   0.22893520  -0.15255763
   0.24928991  -0.13228552
   0.26968832  -0.08441776
   0.26973203  -0.05682212
   0.26977573  -0.02922647
   0.26981943  -0.00163083
   0.26986314   0.02596482
   0.26990684   0.05356046
   0.26995054   0.08115611
   0.26964462  -0.11201341
   0.24944726   0.12916220
   0.22890027   0.14957265
   0.20835328   0.16998309
   0.18780629   0.19039354
   0.16725931   0.21080399
   0.14671232   0.23121443
   0.12616533   0.25162488
   0.26999424   0.10875175
   0.10561834   0.27203533
   0.09139402   0.30612121
   0.07716970   0.34020709
   0.06294538   0.37429297
   0.04872106   0.40837886
   0.03449673   0.44246474
   0.02027241   0.47655062
   0.00604809   0.51063650
  -0.00817623   0.54472238
  -0.02137852   0.57321797
  -0.03458082   0.60171355
  -0.04778311   0.63020913
  -0.06098540   0.65870472
  -0.07418769   0.68720030
  -0.08738999   0.71569589
  -0.10059228   0.74419147
  -0.11379457   0.77268705
  -0.13082025   0.80110117
  -0.14784593   0.82951529
  -0.16487161   0.85792941
  -0.18189729   0.88634353
  -0.19892296   0.91475765
  -0.23017296   0.91475765
  -0.26142296   0.91475765
  -0.29267296   0.91475765
  -0.32392296   0.91475765
  -0.35517296   0.91475765
  -0.38642296   0.91475765
  -0.41767296   0.91475765
  -0.44892296   0.91475765
  -0.47588986   0.92148806
  -0.50285675   0.92821847
  -0.52982364   0.93494888
  -0.55113243   0.95663259
  -0.57244121   0.97831629
  -0.59375000   1.00000000
  -0.87500000  -1.00000000
  -0.85382631  -0.97859710
  -0.83265261  -0.95719421
  -0.81147892  -0.93579131
  -0.79030522  -0.91438842
  -0.76913153  -0.89298552
  -0.74795783  -0.87158263
  -0.72678414  -0.85017973
  -0.70561044  -0.82877684
  -0.68443675  -0.80737394
  -0.66326305  -0.78597105
  -0.64208936  -0.76456815
  -0.62091566  -0.74316526
  -0.59398107  -0.73641939
  -0.56704647  -0.72967353
  -0.54011187  -0.72292767
  -0.51317727  -0.71618181
  -0.48624268  -0.70943594
  -0.45930808  -0.70269008
  -0.43237348  -0.69594422
  -0.40543888  -0.68919836
  -0.37850429  -0.68245250
  -0.35156969  -0.67570663
  -0.32463509  -0.66896077
  -0.29770049  -0.66221491
  -0.26645049  -0.66221491
  -0.23520049  -0.66221491
  -0.20395049  -0.66221491
  -0.17270049  -0.66221491
  -0.14495792  -0.66213745
  -0.11721535  -0.66206000
  -0.08947277  -0.66198254
  -0.06173020  -0.66190509
  -0.03398762  -0.66182763
  -0.02063676  -0.63360142
  -0.00728589  -0.60537521
   0.00606497  -0.57714900
   0.01941584  -0.54892278
   0.03380755  -0.51457154
   0.04819926  -0.48022030
   0.06259096  -0.44586906
   0.07698267  -0.41151781
   0.09137438  -0.37716657
   0.10576609  -0.34281533
   0.12015780  -0.30846409
   0.14051251  -0.28819198
   0.16086722  -0.26791986
   0.18122193  -0.24764775
   0.20157664  -0.22737564
   0.22193135  -0.20710353
   0.24228606  -0.18683142
   0.26264078  -0.16655931
   0.28299549  -0.14628719
   0.30339390  -0.09841944
   0.30343760  -0.07082379
   0.30348131  -0.04322815
   0.30352501  -0.01563250
   0.30356871   0.01196314
   0.30361242   0.03955879
   0.30365612   0.06715443
   0.30369982   0.09475008
   0.30335020  -0.12601508
   0.28319654   0.14275617
   0.26264955   0.16316661
   0.24210256   0.18357706
   0.22155557   0.20398751
   0.20100859   0.22439796
   0.18046160   0.24480840
   0.15991461   0.26521885
   0.13936762   0.28562930
   0.30374353   0.12234572
   0.11882064   0.30603975
   0.10459631   0.34012563
   0.09037199   0.37421151
   0.07614767   0.40829739
   0.06192335   0.44238327
   0.04769903   0.47646915
   0.03347471   0.51055504
   0.01925038   0.54464092
   0.00604809   0.57313650
  -0.00715420   0.60163209
  -0.02035649   0.63012767
  -0.03355879   0.65862325
  -0.04676108   0.68711884
  -0.05996337   0.71561442
  -0.07316567   0.74411000
  -0.08636796   0.77260559
  -0.09957025   0.80110117
  -0.11659593   0.82951529
  -0.13362161   0.85792941
  -0.15064729   0.88634353
  -0.16767296   0.91475765
  -0.18469864   0.94317176
  -0.21594864   0.94317176
  -0.24719864   0.94317176
  -0.27844864   0.94317176
  -0.30969864   0.94317176
  -0.34094864   0.94317176
  -0.37219864   0.94317176
  -0.40344864   0.94317176
  -0.43469864   0.94317176
  -0.46594864   0.94317176
  -0.49291554   0.94990218
  -0.51988243   0.95663259
  -0.54119121   0.97831629
  -0.56250000   1.00000000
  -0.84375000  -1.00000000
  -0.82257631  -0.97859710
  -0.80140261  -0.95719421
  -0.78022892  -0.93579131
  -0.75905522  -0.91438842
  -0.73788153  -0.89298552
  -0.71670783  -0.87158263
  -0.69553414  -0.85017973
  -0.67436044  -0.82877684
  -0.65318675  -0.80737394
  -0.63201305  -0.78597105
  -0.61083936  -0.76456815
  -0.58390476  -0.75782229
  -0.55697016  -0.75107643
  -0.53003557  -0.74433056
  -0.50310097  -0.73758470
  -0.47616637  -0.73083884
  -0.44923177  -0.72409298
  -0.42229718  -0.71734712
  -0.39536258  -0.71060125
  -0.36842798  -0.70385539
  -0.34149338  -0.69710953
  -0.31455879  -0.69036367
  -0.28330879  -0.69036367
  -0.25205879  -0.69036367
  -0.22080879  -0.69036367
  -0.18955879  -0.69036367
  -0.15830879  -0.69036367
  -0.13056621  -0.69028621
  -0.10282364  -0.69020876
  -0.07508106  -0.69013130
  -0.04733849  -0.69005385
  -0.01959592  -0.68997639
  -0.00624505  -0.66175018
   0.00710582  -0.63352397
   0.02045668  -0.60529775
   0.03380755  -0.57707154
   0.04715842  -0.54884533
   0.06155012  -0.51449409
   0.07594183  -0.48014284
   0.09033354  -0.44579160
   0.10472525  -0.41144036
   0.11911695  -0.37708912
   0.13350866  -0.34273787
   0.15386337  -0.32246576
   0.17421809  -0.30219365
   0.19457280  -0.28192154
   0.21492751  -0.26164943
   0.23528222  -0.24137732
   0.25563693  -0.22110521
   0.27599164  -0.20083309
   0.29634635  -0.18056098
   0.31670106  -0.16028887
   0.33709948  -0.11242111
   0.33714318  -0.08482547
   0.33718688  -0.05722982
   0.33723059  -0.02963418
   0.33727429  -0.00203853
   0.33731799   0.02555711
   0.33736170   0.05315275
   0.33740540   0.08074840
   0.33744910   0.10834404
   0.33705578  -0.14001676
   0.31694582   0.15635014
   0.29639883   0.17676058
   0.27585184   0.19717103
   0.25530485   0.21758148
   0.23475787   0.23799193
   0.21421088   0.25840237
   0.19366389   0.27881282
   0.17311690   0.29922327
   0.15256992   0.31963371
   0.33749281   0.13593969
   0.13202293   0.34004416
   0.11779861   0.37413004
   0.10357428   0.40821593
   0.08934996   0.44230181
   0.07512564   0.47638769
   0.06090132   0.51047357
   0.04667700   0.54455945
   0.03347471   0.57305504
   0.02027241   0.60155062
   0.00707012   0.63004620
  -0.00613217   0.65854179
  -0.01933447   0.68703737
  -0.03253676   0.71553296
  -0.04573905   0.74402854
  -0.05894134   0.77252412
  -0.07214364   0.80101971
  -0.08534593   0.82951529
  -0.10237161   0.85792941
  -0.11939729   0.88634353
  -0.13642296   0.91475765
  -0.15344864   0.94317176
  -0.17047432   0.97158588
  -0.20172432   0.97158588
  -0.23297432   0.97158588
  -0.26422432   0.97158588
  -0.29547432   0.97158588
  -0.32672432   0.97158588
  -0.35797432   0.97158588
  -0.38922432   0.97158588
  -0.42047432   0.97158588
  -0.45172432   0.97158588
  -0.48297432   0.97158588
  -0.50994121   0.97831629
  -0.53125000   1.00000000
  -0.81250000  -1.00000000
  -0.79132631  -0.97859710
  -0.77015261  -0.95719421
  -0.74897892  -0.93579131
  -0.72780522  -0.91438842
  -0.70663153  -0.89298552
  -0.68545783  -0.87158263
  -0.66428414  -0.85017973
  -0.64311044  -0.82877684
  -0.62193675  -0.80737394
  -0.60076305  -0.78597105
  -0.57382846  -0.77922518
  -0.54689386  -0.77247932
  -0.51995926  -0.76573346
  -0.49302466  -0.75898760
  -0.46609007  -0.75224174
  -0.43915547  -0.74549587
  -0.41222087  -0.73875001
  -0.38528627  -0.73200415
  -0.35835168  -0.72525829
  -0.33141708  -0.71851242
  -0.30016708  -0.71851242
  -0.26891708  -0.71851242
  -0.23766708  -0.71851242
  -0.20641708  -0.71851242
  -0.17516708  -0.71851242
  -0.14391708  -0.71851242
  -0.11617450  -0.71843497
  -0.08843193  -0.71835751
  -0.06068936  -0.71828006
  -0.03294678  -0.71820260
  -0.00520421  -0.71812515
   0.00814666  -0.68989894
   0.02149752  -0.66167272
   0.03484839  -0.63344651
   0.04819926  -0.60522030
   0.06155012  -0.57699409
   0.07490099  -0.54876787
   0.08929270  -0.51441663
   0.10368441  -0.48006539
   0.11807611  -0.44571415
   0.13246782  -0.41136290
   0.14685953  -0.37701166
   0.16721424  -0.35673955
   0.18756895  -0.33646744
   0.20792366  -0.31619533
   0.22827837  -0.29592322
   0.24863309  -0.27565110
   0.26898780  -0.25537899
   0.28934251  -0.23510688
   0.30969722  -0.21483477
   0.33005193  -0.19456266
   0.35040664  -0.17429055
   0.37080506  -0.12642279
   0.37084876  -0.09882715
   0.37089246  -0.07123150
   0.37093617  -0.04363586
   0.37097987  -0.01604021
   0.37102357   0.01155543
   0.37106727   0.03915108
   0.37111098   0.06674672
   0.37115468   0.09434237
   0.37119838   0.12193801
   0.37076135  -0.15401844
   0.35069510   0.16994411
   0.33014811   0.19035455
   0.30960112   0.21076500
   0.28905414   0.23117545
   0.26850715   0.25158589
   0.24796016   0.27199634
   0.22741317   0.29240679
   0.20686618   0.31281724
   0.18631920   0.33322768
   0.16577221   0.35363813
   0.37124209   0.14953366
   0.14522522   0.37404858
   0.13100090   0.40813446
   0.11677658   0.44222034
   0.10255226   0.47630622
   0.08832793   0.51039210
   0.07410361   0.54447799
   0.06090132   0.57297357
   0.04769903   0.60146915
   0.03449673   0.62996474
   0.02129444   0.65846032
   0.00809215   0.68695591
  -0.00511014   0.71545149
  -0.01831244   0.74394707
  -0.03151473   0.77244266
  -0.04471702   0.80093824
  -0.05791932   0.82943382
  -0.07112161   0.85792941
  -0.08814729   0.88634353
  -0.10517296   0.91475765
  -0.12219864   0.94317176
  -0.13922432   0.97158588
  -0.15625000   1.00000000
  -0.18750000   1.00000000
  -0.21875000   1.00000000
  -0.25000000   1.00000000
  -0.28125000   1.00000000
  -0.31250000   1.00000000
  -0.34375000   1.00000000
  -0.37500000   1.00000000
  -0.40625000   1.00000000
  -0.43750000   1.00000000
  -0.46875000   1.00000000
  -0.50000000   1.00000000
  -0.78125000  -1.00000000
  -0.76007631  -0.97859710
  -0.73890261  -0.95719421
  -0.71772892  -0.93579131
  -0.69655522  -0.91438842
  -0.67538153  -0.89298552
  -0.65420783  -0.87158263
  -0.63303414  -0.85017973
  -0.61186044  -0.82877684
  -0.59068675  -0.80737394
  -0.56375215  -0.80062808
  -0.53681755  -0.79388222
  -0.50988296  -0.78713636
  -0.48294836  -0.78039049
  -0.45601376  -0.77364463
  -0.42907916  -0.76689877
  -0.40214457  -0.76015291
  -0.37520997  -0.75340704
  -0.34827537  -0.74666118
  -0.31702537  -0.74666118
  -0.28577537  -0.74666118
  -0.25452537  -0.74666118
  -0.22327537  -0.74666118
  -0.19202537  -0.74666118
  -0.16077537  -0.74666118
  -0.12952537  -0.74666118
  -0.10178280  -0.74658373
  -0.07404022  -0.74650627
  -0.04629765  -0.74642882
  -0.01855507  -0.74635136
   0.00918750  -0.74627391
   0.02253837  -0.71804769
   0.03588923  -0.68982148
   0.04924010  -0.66159527
   0.06259096  -0.63336906
   0.07594183  -0.60514284
   0.08929270  -0.57691663
   0.10264356  -0.54869042
   0.11703527  -0.51433918
   0.13142698  -0.47998793
   0.14581869  -0.44563669
   0.16021039  -0.41128545
   0.18056511  -0.39101334
   0.20091982  -0.37074123
   0.22127453  -0.35046911
   0.24162924  -0.33019700
   0.26198395  -0.30992489
   0.28233866  -0.28965278
   0.30269337  -0.26938067
   0.32304809  -0.24910856
   0.34340280  -0.22883645
   0.36375751  -0.20856433
   0.38411222  -0.18829222
   0.40451063  -0.14042447
   0.40455434  -0.11282882
   0.40459804  -0.08523318
   0.40464174  -0.05763753
   0.40468545  -0.03004189
   0.40472915  -0.00244624
   0.40477285   0.02514940
   0.40481655   0.05274505
   0.40486026   0.08034069
   0.40490396   0.10793634
   0.40494766   0.13553198
   0.40446693  -0.16802011
   0.38444438   0.18353807
   0.36389739   0.20394852
   0.34335040   0.22435897
   0.32280342   0.24476942
   0.30225643   0.26517986
   0.28170944   0.28559031
   0.26116245   0.30600076
   0.24061546   0.32641121
   0.22006848   0.34682165
   0.19952149   0.36723210
   0.17897450   0.38764255
   0.40499137   0.16312763
   0.15842751   0.40805299
   0.14420319   0.44213888
   0.12997887   0.47622476
   0.11575455   0.51031064
   0.10153023   0.54439652
   0.08832793   0.57289210
   0.07512564   0.60138769
   0.06192335   0.62988327
   0.04872106   0.65837886
   0.03551876   0.68687444
   0.02231647   0.71537002
   0.00911418   0.74386561
  -0.00408812   0.77236119
  -0.01729041   0.80085678
  -0.03049270   0.82935236
  -0.04369499   0.85784794
  -0.05689729   0.88634353
  -0.07392296   0.91475765
  -0.09094864   0.94317176
  -0.10797432   0.97158588
  -0.12500000   1.00000000
  -0.75000000  -1.00000000
  -0.72882631  -0.97859710
  -0.70765261  -0.95719421
  -0.68647892  -0.93579131
  -0.66530522  -0.91438842
  -0.64413153  -0.89298552
  -0.62295783  -0.87158263
  -0.60178414  -0.85017973
  -0.58061044  -0.82877684
  -0.55367585  -0.82203098
  -0.52674125  -0.81528511
  -0.49980665  -0.80853925
  -0.47287205  -0.80179339
  -0.44593746  -0.79504753
  -0.41900286  -0.78830166
  -0.39206826  -0.78155580
  -0.36513366  -0.77480994
  -0.33388366  -0.77480994
  -0.30263366  -0.77480994
  -0.27138366  -0.77480994
  -0.24013366  -0.77480994
  -0.20888366  -0.77480994
  -0.17763366  -0.77480994
  -0.14638366  -0.77480994
  -0.11513366  -0.77480994
  -0.08739109  -0.77473248
  -0.05964851  -0.77465503
  -0.03190594  -0.77457757
  -0.00416337  -0.77450012
   0.02357921  -0.77442266
   0.03693007  -0.74619645
   0.05028094  -0.71797024
   0.06363181  -0.68974403
   0.07698267  -0.66151781
   0.09033354  -0.63329160
   0.10368441  -0.60506539
   0.11703527  -0.57683918
   0.13038614  -0.54861296
   0.14477785  -0.51426172
   0.15916955  -0.47991048
   0.17356126  -0.44555924
   0.19391597  -0.42528712
   0.21427068  -0.40501501
   0.23462540  -0.38474290
   0.25498011  -0.36447079
   0.27533482  -0.34419868
   0.29568953  -0.32392657
   0.31604424  -0.30365446
   0.33639895  -0.28338234
   0.35675366  -0.26311023
   0.37710837  -0.24283812
   0.39746309  -0.22256601
   0.41781780  -0.20229390
   0.43821621  -0.15442614
   0.43825991  -0.12683050
   0.43830362  -0.09923485
   0.43834732  -0.07163921
   0.43839102  -0.04404356
   0.43843473  -0.01644792
   0.43847843   0.01114773
   0.43852213   0.03874337
   0.43856584   0.06633902
   0.43860954   0.09393466
   0.43865324   0.12153031
   0.43869694   0.14912595
   0.43817251  -0.18202179
   0.41819366   0.19713204
   0.39764667   0.21754249
   0.37709968   0.23795294
   0.35655270   0.25836339
   0.33600571   0.27877383
   0.31545872   0.29918428
   0.29491173   0.31959473
   0.27436475   0.34000517
   0.25381776   0.36041562
   0.23327077   0.38082607
   0.21272378   0.40123652
   0.19217679   0.42164696
   0.43874065   0.17672160
   0.17162981   0.44205741
   0.15740549   0.47614329
   0.14318116   0.51022917
   0.12895684   0.54431506
   0.11575455   0.57281064
   0.10255226   0.60130622
   0.08934996   0.62980181
   0.07614767   0.65829739
   0.06294538   0.68679297
   0.04974308   0.71528856
   0.03654079   0.74378414
   0.02333850   0.77227973
   0.01013621   0.80077531
  -0.00306609   0.82927089
  -0.01626838   0.85776648
  -0.02947067   0.88626206
  -0.04267296   0.91475765
  -0.05969864   0.94317176
  -0.07672432   0.97158588
  -0.09375000   1.00000000
  -0.71875000  -1.00000000
  -0.69757631  -0.97859710
  -0.67640261  -0.95719421
  -0.65522892  -0.93579131
  -0.63405522  -0.91438842
  -0.61288153  -0.89298552
  -0.59170783  -0.87158263
  -0.57053414  -0.85017973
  -0.54359954  -0.84343387
  -0.51666494  -0.83668801
  -0.48973035  -0.82994215
  -0.46279575  -0.82319628
  -0.43586115  -0.81645042
  -0.40892655  -0.80970456
  -0.38199195  -0.80295870
  -0.35074195  -0.80295870
  -0.31949195  -0.80295870
  -0.28824195  -0.80295870
  -0.25699195  -0.80295870
  -0.22574195  -0.80295870
  -0.19449195  -0.80295870
  -0.16324195  -0.80295870
  -0.13199195  -0.80295870
  -0.10074195  -0.80295870
  -0.07299938  -0.80288124
  -0.04525681  -0.80280379
  -0.01751423  -0.80272633
   0.01022834  -0.80264888
   0.03797092  -0.80257142
   0.05132178  -0.77434521
   0.06467265  -0.74611900
   0.07802351  -0.71789278
   0.09137438  -0.68966657
   0.10472525  -0.66144036
   0.11807611  -0.63321415
   0.13142698  -0.60498793
   0.14477785  -0.57676172
   0.15812871  -0.54853551
   0.17252042  -0.51418427
   0.18691213  -0.47983302
   0.20726684  -0.45956091
   0.22762155  -0.43928880
   0.24797626  -0.41901669
   0.26833097  -0.39874458
   0.28868568  -0.37847247
   0.30904040  -0.35820035
   0.32939511  -0.33792824
   0.34974982  -0.31765613
   0.37010453  -0.29738402
   0.39045924  -0.27711191
   0.41081395  -0.25683980
   0.43116866  -0.23656769
   0.45152337  -0.21629557
   0.47192179  -0.16842782
   0.47196549  -0.14083217
   0.47200919  -0.11323653
   0.47205290  -0.08564088
   0.47209660  -0.05804524
   0.47214030  -0.03044959
   0.47218401  -0.00285395
   0.47222771   0.02474170
   0.47227141   0.05233734
   0.47231512   0.07993299
   0.47235882   0.10752863
   0.47240252   0.13512428
   0.47244622   0.16271992
   0.47187809  -0.19602346
   0.45194294   0.21072601
   0.43139595   0.23113646
   0.41084896   0.25154691
   0.39030198   0.27195735
   0.36975499   0.29236780
   0.34920800   0.31277825
   0.32866101   0.33318870
   0.30811403   0.35359914
   0.28756704   0.37400959
   0.26702005   0.39442004
   0.24647306   0.41483048
   0.22592608   0.43524093
   0.20537909   0.45565138
   0.47248993   0.19031557
   0.18483210   0.47606183
   0.17060778   0.51014771
   0.15638346   0.54423359
   0.14318116   0.57272917
   0.12997887   0.60122476
   0.11677658   0.62972034
   0.10357428   0.65821593
   0.09037199   0.68671151
   0.07716970   0.71520709
   0.06396741   0.74370268
   0.05076511   0.77219826
   0.03756282   0.80069384
   0.02436053   0.82918943
   0.01115824   0.85768501
  -0.00204406   0.88618060
  -0.01524635   0.91467618
  -0.02844864   0.94317176
  -0.04547432   0.97158588
  -0.06250000   1.00000000
  -0.68750000  -1.00000000
  -0.66632631  -0.97859710
  -0.64515261  -0.95719421
  -0.62397892  -0.93579131
  -0.60280522  -0.91438842
  -0.58163153  -0.89298552
  -0.56045783  -0.87158263
  -0.53352323  -0.86483677
  -0.50658864  -0.85809090
  -0.47965404  -0.85134504
  -0.45271944  -0.84459918
  -0.42578484  -0.83785332
  -0.39885025  -0.83110745
  -0.36760025  -0.83110745
  -0.33635025  -0.83110745
  -0.30510025  -0.83110745
  -0.27385025  -0.83110745
  -0.24260025  -0.83110745
  -0.21135025  -0.83110745
  -0.18010025  -0.83110745
  -0.14885025  -0.83110745
  -0.11760025  -0.83110745
  -0.08635025  -0.83110745
  -0.05860767  -0.83103000
  -0.03086510  -0.83095254
  -0.00312252  -0.83087509
   0.02462005  -0.83079763
   0.05236262  -0.83072018
   0.06571349  -0.80249397
   0.07906436  -0.77426775
   0.09241522  -0.74604154
   0.10576609  -0.71781533
   0.11911695  -0.68958912
   0.13246782  -0.66136290
   0.14581869  -0.63313669
   0.15916955  -0.60491048
   0.17252042  -0.57668427
   0.18587129  -0.54845805
   0.20026299  -0.51410681
   0.22061770  -0.49383470
   0.24097242  -0.47356259
   0.26132713  -0.45329048
   0.28168184  -0.43301837
   0.30203655  -0.41274625
   0.32239126  -0.39247414
   0.34274597  -0.37220203
   0.36310068  -0.35192992
   0.38345540  -0.33165781
   0.40381011  -0.31138570
   0.42416482  -0.29111358
   0.44451953  -0.27084147
   0.46487424  -0.25056936
   0.48522895  -0.23029725
   0.50562737  -0.18242949
   0.50567107  -0.15483385
   0.50571477  -0.12723820
   0.50575848  -0.09964256
   0.50580218  -0.07204691
   0.50584588  -0.04445127
   0.50588958  -0.01685562
   0.50593329   0.01074002
   0.50597699   0.03833566
   0.50602069   0.06593131
   0.50606440   0.09352695
   0.50610810   0.12112260
   0.50615180   0.14871824
   0.50619551   0.17631389
   0.50558366  -0.21002514
   0.48569222   0.22431998
   0.46514523   0.24473043
   0.44459825   0.26514088
   0.42405126   0.28555132
   0.40350427   0.30596177
   0.38295728   0.32637222
   0.36241029   0.34678266
   0.34186331   0.36719311
   0.32131632   0.38760356
   0.30076933   0.40801401
   0.28022234   0.42842445
   0.25967536   0.44883490
   0.23912837   0.46924535
   0.21858138   0.48965580
   0.50623921   0.20390953
   0.19803439   0.51006624
   0.18381007   0.54415212
   0.17060778   0.57264771
   0.15740549   0.60114329
   0.14420319   0.62963888
   0.13100090   0.65813446
   0.11779861   0.68663004
   0.10459631   0.71512563
   0.09139402   0.74362121
   0.07819173   0.77211679
   0.06498944   0.80061238
   0.05178714   0.82910796
   0.03858485   0.85760355
   0.02538256   0.88609913
   0.01218026   0.91459471
  -0.00102203   0.94309030
  -0.01422432   0.97158588
  -0.03125000   1.00000000
  -0.65625000  -1.00000000
  -0.63507631  -0.97859710
  -0.61390261  -0.95719421
  -0.59272892  -0.93579131
  -0.57155522  -0.91438842
  -0.55038153  -0.89298552
  -0.52344693  -0.88623966
  -0.49651233  -0.87949380
  -0.46957773  -0.87274794
  -0.44264314  -0.86600207
  -0.41570854  -0.85925621
  -0.38445854  -0.85925621
  -0.35320854  -0.85925621
  -0.32195854  -0.85925621
  -0.29070854  -0.85925621
  -0.25945854  -0.85925621
  -0.22820854  -0.85925621
  -0.19695854  -0.85925621
  -0.16570854  -0.85925621
  -0.13445854  -0.85925621
  -0.10320854  -0.85925621
  -0.07195854  -0.85925621
  -0.04421597  -0.85917876
  -0.01647339  -0.85910130
   0.01126918  -0.85902385
   0.03901176  -0.85894639
   0.06675433  -0.85886894
   0.08010520  -0.83064272
   0.09345606  -0.80241651
   0.10680693  -0.77419030
   0.12015780  -0.74596409
   0.13350866  -0.71773787
   0.14685953  -0.68951166
   0.16021039  -0.66128545
   0.17356126  -0.63305924
   0.18691213  -0.60483302
   0.20026299  -0.57660681
   0.21361386  -0.54838060
   0.23396857  -0.52810849
   0.25432328  -0.50783638
   0.27467799  -0.48756426
   0.29503271  -0.46729215
   0.31538742  -0.44702004
   0.33574213  -0.42674793
   0.35609684  -0.40647582
   0.37645155  -0.38620371
   0.39680626  -0.36593160
   0.41716097  -0.34565948
   0.43751568  -0.32538737
   0.45787040  -0.30511526
   0.47822511  -0.28484315
   0.49857982  -0.26457104
   0.51893453  -0.24429893
   0.53933294  -0.19643117
   0.53937665  -0.16883552
   0.53942035  -0.14123988
   0.53946405  -0.11364424
   0.53950776  -0.08604859
   0.53955146  -0.05845295
   0.53959516  -0.03085730
   0.53963886  -0.00326166
   0.53968257   0.02433399
   0.53972627   0.05192963
   0.53976997   0.07952528
   0.53981368   0.10712092
   0.53985738   0.13471657
   0.53990108   0.16231221
   0.53994479   0.18990786
   0.53928924  -0.22402681
   0.51944150   0.23791395
   0.49889451   0.25832440
   0.47834753   0.27873484
   0.45780054   0.29914529
   0.43725355   0.31955574
   0.41670656   0.33996619
   0.39615957   0.36037663
   0.37561259   0.38078708
   0.35506560   0.40119753
   0.33451861   0.42160798
   0.31397162   0.44201842
   0.29342464   0.46242887
   0.27287765   0.48283932
   0.25233066   0.50324976
   0.23178367   0.52366021
   0.53998849   0.21750350
   0.21123669   0.54407066
   0.19803439   0.57256624
   0.18483210   0.60106183
   0.17162981   0.62955741
   0.15842751   0.65805299
   0.14522522   0.68654858
   0.13202293   0.71504416
   0.11882064   0.74353975
   0.10561834   0.77203533
   0.09241605   0.80053091
   0.07921376   0.82902650
   0.06601146   0.85752208
   0.05280917   0.88601766
   0.03960688   0.91451325
   0.02640459   0.94300883
   0.01320229   0.97150442
   0.00000000   1.00000000
  -0.62500000  -1.00000000
  -0.60382631  -0.97859710
  -0.58265261  -0.95719421
  -0.56147892  -0.93579131
  -0.54030522  -0.91438842
  -0.51337062  -0.90764256
  -0.48643603  -0.90089669
  -0.45950143  -0.89415083
  -0.43256683  -0.88740497
  -0.40131683  -0.88740497
  -0.37006683  -0.88740497
  -0.33881683  -0.88740497
  -0.30756683  -0.88740497
  -0.27631683  -0.88740497
  -0.24506683  -0.88740497
  -0.21381683  -0.88740497
  -0.18256683  -0.88740497
  -0.15131683  -0.88740497
  -0.12006683  -0.88740497
  -0.08881683  -0.88740497
  -0.05756683  -0.88740497
  -0.02982426  -0.88732751
  -0.00208168  -0.88725006
   0.02566089  -0.88717260
   0.05340346  -0.88709515
   0.08465346  -0.88709515
   0.09800433  -0.85886894
   0.11135520  -0.83064272
   0.12470606  -0.80241651
   0.13805693  -0.77419030
   0.15140780  -0.74596409
   0.16475866  -0.71773787
   0.17810953  -0.68951166
   0.19146039  -0.66128545
   0.20481126  -0.63305924
   0.21816213  -0.60483302
   0.23151299  -0.57660681
   0.24080167  -0.55504085
   0.26115638  -0.53476874
   0.28151109  -0.51449663
   0.30186580  -0.49422452
   0.32222052  -0.47395241
   0.34257523  -0.45368030
   0.36292994  -0.43340819
   0.38328465  -0.41313607
   0.40363936  -0.39286396
   0.42399407  -0.37259185
   0.44434878  -0.35231974
   0.46470349  -0.33204763
   0.48505821  -0.31177552
   0.50541292  -0.29150340
   0.52576763  -0.27123129
   0.54612234  -0.25095918
   0.56808366  -0.21002514
   0.56812737  -0.18242949
   0.56817107  -0.15483385
   0.56821477  -0.12723820
   0.56825848  -0.09964256
   0.56830218  -0.07204691
   0.56834588  -0.04445127
   0.56838958  -0.01685562
   0.56843329   0.01074002
   0.56847699   0.03833566
   0.56852069   0.06593131
   0.56856440   0.09352695
   0.56860810   0.12112260
   0.56865180   0.14871824
   0.56869551   0.17631389
   0.56873921   0.20390953
   0.56808366  -0.24127514
   0.54665995   0.24454724
   0.52611296   0.26495769
   0.50556597   0.28536813
   0.48501898   0.30577858
   0.46447200   0.32618903
   0.44392501   0.34659947
   0.42337802   0.36700992
   0.40283103   0.38742037
   0.38228404   0.40783082
   0.36173706   0.42824126
   0.34119007   0.44865171
   0.32064308   0.46906216
   0.30009609   0.48947261
   0.27954911   0.50988305
   0.25900212   0.53029350
   0.23845513   0.55070395
   0.56873921   0.23515953
   0.22928439   0.57256624
   0.21608210   0.60106183
   0.20287981   0.62955741
   0.18967751   0.65805299
   0.17647522   0.68654858
   0.16327293   0.71504416
   0.15007064   0.74353975
   0.13686834   0.77203533
   0.12366605   0.80053091
   0.11046376   0.82902650
   0.09726146   0.85752208
   0.08405917   0.88601766
   0.07085688   0.91451325
   0.05765459   0.94300883
   0.04445229   0.97150442
   0.03125000   1.00000000
  -0.59375000  -1.00000000
  -0.57257631  -0.97859710
  -0.55140261  -0.95719421
  -0.53022892  -0.93579131
  -0.50329432  -0.92904545
  -0.47635972  -0.92229959
  -0.44942512  -0.91555373
  -0.41817512  -0.91555373
  -0.38692512  -0.91555373
  -0.35567512  -0.91555373
  -0.32442512  -0.91555373
  -0.29317512  -0.91555373
  -0.26192512  -0.91555373
  -0.23067512  -0.91555373
  -0.19942512  -0.91555373
  -0.16817512  -0.91555373
  -0.13692512  -0.91555373
  -0.10567512  -0.91555373
  -0.07442512  -0.91555373
  -0.04317512  -0.91555373
  -0.01543255  -0.91547627
   0.01231002  -0.91539882
   0.04005260  -0.91532136
   0.07130260  -0.91532136
   0.10255260  -0.91532136
   0.11590346  -0.88709515
   0.12925433  -0.85886894
   0.14260520  -0.83064272
   0.15595606  -0.80241651
   0.16930693  -0.77419030
   0.18265780  -0.74596409
   0.19600866  -0.71773787
   0.20935953  -0.68951166
   0.22271039  -0.66128545
   0.23606126  -0.63305924
   0.24941213  -0.60483302
   0.25870080  -0.58326707
   0.26798948  -0.56170111
   0.28834419  -0.54142900
   0.30869890  -0.52115689
   0.32905361  -0.50088478
   0.34940833  -0.48061266
   0.36976304  -0.46034055
   0.39011775  -0.44006844
   0.41047246  -0.41979633
   0.43082717  -0.39952422
   0.45118188  -0.37925211
   0.47153659  -0.35897999
   0.49189131  -0.33870788
   0.51224602  -0.31843577
   0.53260073  -0.29816366
   0.55295544  -0.27789155
   0.57491676  -0.26820751
   0.59687809  -0.22727346
   0.59687809  -0.19602346
   0.59692179  -0.16842782
   0.59696549  -0.14083217
   0.59700919  -0.11323653
   0.59705290  -0.08564088
   0.59709660  -0.05804524
   0.59714030  -0.03044959
   0.59718401  -0.00285395
   0.59722771   0.02474170
   0.59727141   0.05233734
   0.59731512   0.07993299
   0.59735882   0.10752863
   0.59740252   0.13512428
   0.59744622   0.16271992
   0.59748993   0.19031557
   0.59748993   0.22156557
   0.59687809  -0.25852346
   0.57541067   0.26220327
   0.55333140   0.27159097
   0.53278442   0.29200142
   0.51223743   0.31241187
   0.49169044   0.33282232
   0.47114345   0.35323276
   0.45059646   0.37364321
   0.43004948   0.39405366
   0.40950249   0.41446411
   0.38895550   0.43487455
   0.36840851   0.45528500
   0.34786153   0.47569545
   0.32731454   0.49610589
   0.30676755   0.51651634
   0.28622056   0.53692679
   0.26567357   0.55733724
   0.25650284   0.57919953
   0.59748993   0.25281557
   0.24733210   0.60106183
   0.23412981   0.62955741
   0.22092751   0.65805299
   0.20772522   0.68654858
   0.19452293   0.71504416
   0.18132064   0.74353975
   0.16811834   0.77203533
   0.15491605   0.80053091
   0.14171376   0.82902650
   0.12851146   0.85752208
   0.11530917   0.88601766
   0.10210688   0.91451325
   0.08890459   0.94300883
   0.07570229   0.97150442
   0.06250000   1.00000000
  -0.56250000  -1.00000000
  -0.54132631  -0.97859710
  -0.52015261  -0.95719421
  -0.49321801  -0.95044835
  -0.46628342  -0.94370248
  -0.43503342  -0.94370248
  -0.40378342  -0.94370248
  -0.37253342  -0.94370248
  -0.34128342  -0.94370248
  -0.31003342  -0.94370248
  -0.27878342  -0.94370248
  -0.24753342  -0.94370248
  -0.21628342  -0.94370248
  -0.18503342  -0.94370248
  -0.15378342  -0.94370248
  -0.12253342  -0.94370248
  -0.09128342  -0.94370248
  -0.06003342  -0.94370248
  -0.02878342  -0.94370248
  -0.00104084  -0.94362503
   0.02670173  -0.94354757
   0.05795173  -0.94354757
   0.08920173  -0.94354757
   0.12045173  -0.94354757
   0.13380260  -0.91532136
   0.14715346  -0.88709515
   0.16050433  -0.85886894
   0.17385520  -0.83064272
   0.18720606  -0.80241651
   0.20055693  -0.77419030
   0.21390780  -0.74596409
   0.22725866  -0.71773787
   0.24060953  -0.68951166
   0.25396039  -0.66128545
   0.26731126  -0.63305924
   0.27659994  -0.61149328
   0.28588861  -0.58992732
   0.29517729  -0.56836136
   0.31553200  -0.54808925
   0.33588671  -0.52781714
   0.35624143  -0.50754503
   0.37659614  -0.48727292
   0.39695085  -0.46700081
   0.41730556  -0.44672870
   0.43766027  -0.42645658
   0.45801498  -0.40618447
   0.47836969  -0.38591236
   0.49872440  -0.36564025
   0.51907912  -0.34536814
   0.53943383  -0.32509603
   0.55978854  -0.30482392
   0.58174986  -0.29513987
   0.60371118  -0.28545583
   0.62567251  -0.24452179
   0.62567251  -0.21327179
   0.62567251  -0.18202179
   0.62571621  -0.15442614
   0.62575991  -0.12683050
   0.62580362  -0.09923485
   0.62584732  -0.07163921
   0.62589102  -0.04404356
   0.62593473  -0.01644792
   0.62597843   0.01114773
   0.62602213   0.03874337
   0.62606584   0.06633902
   0.62610954   0.09393466
   0.62615324   0.12153031
   0.62619694   0.14912595
   0.62624065   0.17672160
   0.62624065   0.20797160
   0.62624065   0.23922160
   0.62567251  -0.27577179
   0.60416139   0.27985930
   0.58208212   0.28924701
   0.56000286   0.29863471
   0.53945587   0.31904516
   0.51890888   0.33945561
   0.49836190   0.35986605
   0.47781491   0.38027650
   0.45726792   0.40068695
   0.43672093   0.42109739
   0.41617395   0.44150784
   0.39562696   0.46191829
   0.37507997   0.48232874
   0.35453298   0.50273918
   0.33398600   0.52314963
   0.31343901   0.54356008
   0.29289202   0.56397052
   0.28372128   0.58583282
   0.27455054   0.60769512
   0.62624065   0.27047160
   0.26537981   0.62955741
   0.25217751   0.65805299
   0.23897522   0.68654858
   0.22577293   0.71504416
   0.21257064   0.74353975
   0.19936834   0.77203533
   0.18616605   0.80053091
   0.17296376   0.82902650
   0.15976146   0.85752208
   0.14655917   0.88601766
   0.13335688   0.91451325
   0.12015459   0.94300883
   0.10695229   0.97150442
   0.09375000   1.00000000
  -0.53125000  -1.00000000
  -0.51007631  -0.97859710
  -0.48314171  -0.97185124
  -0.45189171  -0.97185124
  -0.42064171  -0.97185124
  -0.38939171  -0.97185124
  -0.35814171  -0.97185124
  -0.32689171  -0.97185124
  -0.29564171  -0.97185124
  -0.26439171  -0.97185124
  -0.23314171  -0.97185124
  -0.20189171  -0.97185124
  -0.17064171  -0.97185124
  -0.13939171  -0.97185124
  -0.10814171  -0.97185124
  -0.07689171  -0.97185124
  -0.04564171  -0.97185124
  -0.01439171  -0.97185124
   0.01335087  -0.97177379
   0.04460087  -0.97177379
   0.07585087  -0.97177379
   0.10710087  -0.97177379
   0.13835087  -0.97177379
   0.15170173  -0.94354757
   0.16505260  -0.91532136
   0.17840346  -0.88709515
   0.19175433  -0.85886894
   0.20510520  -0.83064272
   0.21845606  -0.80241651
   0.23180693  -0.77419030
   0.24515780  -0.74596409
   0.25850866  -0.71773787
   0.27185953  -0.68951166
   0.28521039  -0.66128545
   0.29449907  -0.63971949
   0.30378775  -0.61815353
   0.31307642  -0.59658758
   0.32236510  -0.57502162
   0.34271981  -0.55474951
   0.36307452  -0.53447740
   0.38342924  -0.51420529
   0.40378395  -0.49393317
   0.42413866  -0.47366106
   0.44449337  -0.45338895
   0.46484808  -0.43311684
   0.48520279  -0.41284473
   0.50555750  -0.39257262
   0.52591221  -0.37230051
   0.54626693  -0.35202839
   0.56662164  -0.33175628
   0.58858296  -0.32207224
   0.61054428  -0.31238820
   0.63250561  -0.30270415
   0.65446693  -0.26177011
   0.65446693  -0.23052011
   0.65446693  -0.19927011
   0.65446693  -0.16802011
   0.65451063  -0.14042447
   0.65455434  -0.11282882
   0.65459804  -0.08523318
   0.65464174  -0.05763753
   0.65468545  -0.03004189
   0.65472915  -0.00244624
   0.65477285   0.02514940
   0.65481655   0.05274505
   0.65486026   0.08034069
   0.65490396   0.10793634
   0.65494766   0.13553198
   0.65499137   0.16312763
   0.65499137   0.19437763
   0.65499137   0.22562763
   0.65499137   0.25687763
   0.65446693  -0.29302011
   0.63291210   0.29751533
   0.61083284   0.30690304
   0.58875358   0.31629074
   0.56667432   0.32567845
   0.54612733   0.34608889
   0.52558034   0.36649934
   0.50503335   0.38690979
   0.48448637   0.40732024
   0.46393938   0.42773068
   0.44339239   0.44814113
   0.42284540   0.46855158
   0.40229842   0.48896202
   0.38175143   0.50937247
   0.36120444   0.52978292
   0.34065745   0.55019337
   0.32011046   0.57060381
   0.31093973   0.59246611
   0.30176899   0.61432840
   0.29259825   0.63619070
   0.65499137   0.28812763
   0.28342751   0.65805299
   0.27022522   0.68654858
   0.25702293   0.71504416
   0.24382064   0.74353975
   0.23061834   0.77203533
   0.21741605   0.80053091
   0.20421376   0.82902650
   0.19101146   0.85752208
   0.17780917   0.88601766
   0.16460688   0.91451325
   0.15140459   0.94300883
   0.13820229   0.97150442
   0.12500000   1.00000000
  -0.50000000  -1.00000000
  -0.46875000  -1.00000000
  -0.43750000  -1.00000000
  -0.40625000  -1.00000000
  -0.37500000  -1.00000000
  -0.34375000  -1.00000000
  -0.31250000  -1.00000000
  -0.28125000  -1.00000000
  -0.25000000  -1.00000000
  -0.21875000  -1.00000000
  -0.18750000  -1.00000000
  -0.15625000  -1.00000000
  -0.12500000  -1.00000000
  -0.09375000  -1.00000000
  -0.06250000  -1.00000000
  -0.03125000  -1.00000000
   0.00000000  -1.00000000
   0.03125000  -1.00000000
   0.06250000  -1.00000000
   0.09375000  -1.00000000
   0.12500000  -1.00000000
   0.15625000  -1.00000000
   0.16960087  -0.97177379
   0.18295173  -0.94354757
   0.19630260  -0.91532136
   0.20965346  -0.88709515
   0.22300433  -0.85886894
   0.23635520  -0.83064272
   0.24970606  -0.80241651
   0.26305693  -0.77419030
   0.27640780  -0.74596409
   0.28975866  -0.71773787
   0.30310953  -0.68951166
   0.31239821  -0.66794570
   0.32168688  -0.64637975
   0.33097556  -0.62481379
   0.34026424  -0.60324783
   0.34955291  -0.58168188
   0.36990762  -0.56140976
   0.39026233  -0.54113765
   0.41061705  -0.52086554
   0.43097176  -0.50059343
   0.45132647  -0.48032132
   0.47168118  -0.46004921
   0.49203589  -0.43977710
   0.51239060  -0.41950498
   0.53274531  -0.39923287
   0.55310003  -0.37896076
   0.57345474  -0.35868865
   0.59541606  -0.34900461
   0.61737738  -0.33932056
   0.63933871  -0.32963652
   0.66130003  -0.31995248
   0.68326135  -0.27901844
   0.68326135  -0.24776844
   0.68326135  -0.21651844
   0.68326135  -0.18526844
   0.68326135  -0.15401844
   0.68330506  -0.12642279
   0.68334876  -0.09882715
   0.68339246  -0.07123150
   0.68343617  -0.04363586
   0.68347987  -0.01604021
   0.68352357   0.01155543
   0.68356727   0.03915108
   0.68361098   0.06674672
   0.68365468   0.09434237
   0.68369838   0.12193801
   0.68374209   0.14953366
   0.68374209   0.18078366
   0.68374209   0.21203366
   0.68374209   0.24328366
   0.68374209   0.27453366
   0.68326135  -0.31026844
   0.66166282   0.31517136
   0.63958356   0.32455907
   0.61750430   0.33394677
   0.59542504   0.34333448
   0.57334577   0.35272218
   0.55279879   0.37313263
   0.53225180   0.39354308
   0.51170481   0.41395352
   0.49115782   0.43436397
   0.47061084   0.45477442
   0.45006385   0.47518487
   0.42951686   0.49559531
   0.40896987   0.51600576
   0.38842288   0.53641621
   0.36787590   0.55682665
   0.34732891   0.57723710
   0.33815817   0.59909940
   0.32898743   0.62096169
   0.31981670   0.64282399
   0.31064596   0.66468628
   0.68374209   0.30578366
   0.30147522   0.68654858
   0.28827293   0.71504416
   0.27507064   0.74353975
   0.26186834   0.77203533
   0.24866605   0.80053091
   0.23546376   0.82902650
   0.22226146   0.85752208
   0.20905917   0.88601766
   0.19585688   0.91451325
   0.18265459   0.94300883
   0.16945229   0.97150442
   0.15625000   1.00000000
   0.18750000  -1.00000000
   0.20085087  -0.97177379
   0.21420173  -0.94354757
   0.22755260  -0.91532136
   0.24090346  -0.88709515
   0.25425433  -0.85886894
   0.26760520  -0.83064272
   0.28095606  -0.80241651
   0.29430693  -0.77419030
   0.30765780  -0.74596409
   0.32100866  -0.71773787
   0.33029734  -0.69617192
   0.33958602  -0.67460596
   0.34887469  -0.65304000
   0.35816337  -0.63147405
   0.36745205  -0.60990809
   0.37674072  -0.58834213
   0.39709543  -0.56807002
   0.41745015  -0.54779791
   0.43780486  -0.52752580
   0.45815957  -0.50725369
   0.47851428  -0.48698157
   0.49886899  -0.46670946
   0.51922370  -0.44643735
   0.53957841  -0.42616524
   0.55993312  -0.40589313
   0.58028784  -0.38562102
   0.60224916  -0.37593697
   0.62421048  -0.36625293
   0.64617181  -0.35656889
   0.66813313  -0.34688484
   0.69009445  -0.33720080
   0.71205578  -0.29626676
   0.71205578  -0.26501676
   0.71205578  -0.23376676
   0.71205578  -0.20251676
   0.71205578  -0.17126676
   0.71205578  -0.14001676
   0.71209948  -0.11242111
   0.71214318  -0.08482547
   0.71218688  -0.05722982
   0.71223059  -0.02963418
   0.71227429  -0.00203853
   0.71231799   0.02555711
   0.71236170   0.05315275
   0.71240540   0.08074840
   0.71244910   0.10834404
   0.71249281   0.13593969
   0.71249281   0.16718969
   0.71249281   0.19843969
   0.71249281   0.22968969
   0.71249281   0.26093969
   0.71249281   0.29218969
   0.71205578  -0.32751676
   0.69041354   0.33282739
   0.66833428   0.34221510
   0.64625502   0.35160280
   0.62417576   0.36099051
   0.60209649   0.37037821
   0.58001723   0.37976592
   0.55947024   0.40017637
   0.53892326   0.42058681
   0.51837627   0.44099726
   0.49782928   0.46140771
   0.47728229   0.48181815
   0.45673531   0.50222860
   0.43618832   0.52263905
   0.41564133   0.54304950
   0.39509434   0.56345994
   0.37454735   0.58387039
   0.36537662   0.60573269
   0.35620588   0.62759498
   0.34703514   0.64945728
   0.33786440   0.67131957
   0.32869367   0.69318187
   0.71249281   0.32343969
   0.31952293   0.71504416
   0.30632064   0.74353975
   0.29311834   0.77203533
   0.27991605   0.80053091
   0.26671376   0.82902650
   0.25351146   0.85752208
   0.24030917   0.88601766
   0.22710688   0.91451325
   0.21390459   0.94300883
   0.20070229   0.97150442
   0.18750000   1.00000000
   0.21875000  -1.00000000
   0.23210087  -0.97177379
   0.24545173  -0.94354757
   0.25880260  -0.91532136
   0.27215346  -0.88709515
   0.28550433  -0.85886894
   0.29885520  -0.83064272
   0.31220606  -0.80241651
   0.32555693  -0.77419030
   0.33890780  -0.74596409
   0.34819647  -0.72439813
   0.35748515  -0.70283217
   0.36677383  -0.68126622
   0.37606250  -0.65970026
   0.38535118  -0.63813430
   0.39463986  -0.61656834
   0.40392853  -0.59500239
   0.42428324  -0.57473028
   0.44463796  -0.55445816
   0.46499267  -0.53418605
   0.48534738  -0.51391394
   0.50570209  -0.49364183
   0.52605680  -0.47336972
   0.54641151  -0.45309761
   0.56676622  -0.43282549
   0.58712093  -0.41255338
   0.60908226  -0.40286934
   0.63104358  -0.39318530
   0.65300490  -0.38350125
   0.67496623  -0.37381721
   0.69692755  -0.36413317
   0.71888887  -0.35444913
   0.74085020  -0.31351508
   0.74085020  -0.28226508
   0.74085020  -0.25101508
   0.74085020  -0.21976508
   0.74085020  -0.18851508
   0.74085020  -0.15726508
   0.74085020  -0.12601508
   0.74089390  -0.09841944
   0.74093760  -0.07082379
   0.74098131  -0.04322815
   0.74102501  -0.01563250
   0.74106871   0.01196314
   0.74111242   0.03955879
   0.74115612   0.06715443
   0.74119982   0.09475008
   0.74124353   0.12234572
   0.74124353   0.15359572
   0.74124353   0.18484572
   0.74124353   0.21609572
   0.74124353   0.24734572
   0.74124353   0.27859572
   0.74124353   0.30984572
   0.74085020  -0.34476508
   0.71916426   0.35048343
   0.69708500   0.35987113
   0.67500574   0.36925883
   0.65292648   0.37864654
   0.63084721   0.38803424
   0.60876795   0.39742195
   0.58668869   0.40680965
   0.56614170   0.42722010
   0.54559471   0.44763055
   0.52504773   0.46804100
   0.50450074   0.48845144
   0.48395375   0.50886189
   0.46340676   0.52927234
   0.44285977   0.54968278
   0.42231279   0.57009323
   0.40176580   0.59050368
   0.39259506   0.61236597
   0.38342432   0.63422827
   0.37425359   0.65609056
   0.36508285   0.67795286
   0.35591211   0.69981516
   0.34674137   0.72167745
   0.74124353   0.34109572
   0.33757064   0.74353975
   0.32436834   0.77203533
   0.31116605   0.80053091
   0.29796376   0.82902650
   0.28476146   0.85752208
   0.27155917   0.88601766
   0.25835688   0.91451325
   0.24515459   0.94300883
   0.23195229   0.97150442
   0.21875000   1.00000000
   0.25000000  -1.00000000
   0.26335087  -0.97177379
   0.27670173  -0.94354757
   0.29005260  -0.91532136
   0.30340346  -0.88709515
   0.31675433  -0.85886894
   0.33010520  -0.83064272
   0.34345606  -0.80241651
   0.35680693  -0.77419030
   0.36609561  -0.75262434
   0.37538428  -0.73105839
   0.38467296  -0.70949243
   0.39396164  -0.68792647
   0.40325031  -0.66636051
   0.41253899  -0.64479456
   0.42182767  -0.62322860
   0.43111634  -0.60166264
   0.45147105  -0.58139053
   0.47182577  -0.56111842
   0.49218048  -0.54084631
   0.51253519  -0.52057420
   0.53288990  -0.50030208
   0.55324461  -0.48002997
   0.57359932  -0.45975786
   0.59395403  -0.43948575
   0.61591536  -0.42980171
   0.63787668  -0.42011766
   0.65983800  -0.41043362
   0.68179933  -0.40074958
   0.70376065  -0.39106554
   0.72572197  -0.38138149
   0.74768330  -0.37169745
   0.76964462  -0.33076341
   0.76964462  -0.29951341
   0.76964462  -0.26826341
   0.76964462  -0.23701341
   0.76964462  -0.20576341
   0.76964462  -0.17451341
   0.76964462  -0.14326341
   0.76964462  -0.11201341
   0.76968832  -0.08441776
   0.76973203  -0.05682212
   0.76977573  -0.02922647
   0.76981943  -0.00163083
   0.76986314   0.02596482
   0.76990684   0.05356046
   0.76995054   0.08115611
   0.76999424   0.10875175
   0.76999424   0.14000175
   0.76999424   0.17125175
   0.76999424   0.20250175
   0.76999424   0.23375175
   0.76999424   0.26500175
   0.76999424   0.29625175
   0.76999424   0.32750175
   0.76964462  -0.36201341
   0.74791498   0.36813946
   0.72583572   0.37752716
   0.70375646   0.38691487
   0.68167720   0.39630257
   0.65959793   0.40569028
   0.63751867   0.41507798
   0.61543941   0.42446569
   0.59336015   0.43385339
   0.57281316   0.45426384
   0.55226617   0.47467428
   0.53171918   0.49508473
   0.51117219   0.51549518
   0.49062521   0.53590563
   0.47007822   0.55631607
   0.44953123   0.57672652
   0.42898424   0.59713697
   0.41981351   0.61899926
   0.41064277   0.64086156
   0.40147203   0.66272385
   0.39230129   0.68458615
   0.38313056   0.70644844
   0.37395982   0.72831074
   0.36478908   0.75017303
   0.76999424   0.35875175
   0.35561834   0.77203533
   0.34241605   0.80053091
   0.32921376   0.82902650
   0.31601146   0.85752208
   0.30280917   0.88601766
   0.28960688   0.91451325
   0.27640459   0.94300883
   0.26320229   0.97150442
   0.25000000   1.00000000
   0.28125000  -1.00000000
   0.29460087  -0.97177379
   0.30795173  -0.94354757
   0.32130260  -0.91532136
   0.33465346  -0.88709515
   0.34800433  -0.85886894
   0.36135520  -0.83064272
   0.37470606  -0.80241651
   0.38399474  -0.78085055
   0.39328342  -0.75928460
   0.40257209  -0.73771864
   0.41186077  -0.71615268
   0.42114945  -0.69458673
   0.43043812  -0.67302077
   0.43972680  -0.65145481
   0.44901548  -0.62988885
   0.45830415  -0.60832290
   0.47865887  -0.58805079
   0.49901358  -0.56777867
   0.51936829  -0.54750656
   0.53972300  -0.52723445
   0.56007771  -0.50696234
   0.58043242  -0.48669023
   0.60078713  -0.46641812
   0.62274846  -0.45673407
   0.64470978  -0.44705003
   0.66667110  -0.43736599
   0.68863243  -0.42768195
   0.71059375  -0.41799790
   0.73255507  -0.40831386
   0.75451640  -0.39862982
   0.77647772  -0.38894577
   0.79843904  -0.34801173
   0.79843904  -0.31676173
   0.79843904  -0.28551173
   0.79843904  -0.25426173
   0.79843904  -0.22301173
   0.79843904  -0.19176173
   0.79843904  -0.16051173
   0.79843904  -0.12926173
   0.79843904  -0.09801173
   0.79848275  -0.07041609
   0.79852645  -0.04282044
   0.79857015  -0.01522480
   0.79861385   0.01237085
   0.79865756   0.03996649
   0.79870126   0.06756214
   0.79874496   0.09515778
   0.79874496   0.12640778
   0.79874496   0.15765778
   0.79874496   0.18890778
   0.79874496   0.22015778
   0.79874496   0.25140778
   0.79874496   0.28265778
   0.79874496   0.31390778
   0.79874496   0.34515778
   0.79843904  -0.37926173
   0.77666570   0.38579549
   0.75458644   0.39518319
   0.73250718   0.40457090
   0.71042791   0.41395860
   0.68834865   0.42334631
   0.66626939   0.43273401
   0.64419013   0.44212172
   0.62211087   0.45150942
   0.60003160   0.46089713
   0.57948462   0.48130757
   0.55893763   0.50171802
   0.53839064   0.52212847
   0.51784365   0.54253891
   0.49729666   0.56294936
   0.47674968   0.58335981
   0.45620269   0.60377026
   0.44703195   0.62563255
   0.43786121   0.64749485
   0.42869048   0.66935714
   0.41951974   0.69121944
   0.41034900   0.71308173
   0.40117826   0.73494403
   0.39200753   0.75680632
   0.38283679   0.77866862
   0.79874496   0.37640778
   0.37366605   0.80053091
   0.36046376   0.82902650
   0.34726146   0.85752208
   0.33405917   0.88601766
   0.32085688   0.91451325
   0.30765459   0.94300883
   0.29445229   0.97150442
   0.28125000   1.00000000
   0.31250000  -1.00000000
   0.32585087  -0.97177379
   0.33920173  -0.94354757
   0.35255260  -0.91532136
   0.36590346  -0.88709515
   0.37925433  -0.85886894
   0.39260520  -0.83064272
   0.40189387  -0.80907677
   0.41118255  -0.78751081
   0.42047123  -0.76594485
   0.42975990  -0.74437890
   0.43904858  -0.72281294
   0.44833726  -0.70124698
   0.45762593  -0.67968102
   0.46691461  -0.65811507
   0.47620329  -0.63654911
   0.48549196  -0.61498315
   0.50584668  -0.59471104
   0.52620139  -0.57443893
   0.54655610  -0.55416682
   0.56691081  -0.53389471
   0.58726552  -0.51362260
   0.60762023  -0.49335048
   0.62958156  -0.48366644
   0.65154288  -0.47398240
   0.67350420  -0.46429836
   0.69546553  -0.45461431
   0.71742685  -0.44493027
   0.73938817  -0.43524623
   0.76134950  -0.42556218
   0.78331082  -0.41587814
   0.80527214  -0.40619410
   0.82723347  -0.36526006
   0.82723347  -0.33401006
   0.82723347  -0.30276006
   0.82723347  -0.27151006
   0.82723347  -0.24026006
   0.82723347  -0.20901006
   0.82723347  -0.17776006
   0.82723347  -0.14651006
   0.82723347  -0.11526006
   0.82723347  -0.08401006
   0.82727717  -0.05641441
   0.82732087  -0.02881877
   0.82736457  -0.00122312
   0.82740828   0.02637252
   0.82745198   0.05396817
   0.82749568   0.08156381
   0.82749568   0.11281381
   0.82749568   0.14406381
   0.82749568   0.17531381
   0.82749568   0.20656381
   0.82749568   0.23781381
   0.82749568   0.26906381
   0.82749568   0.30031381
   0.82749568   0.33156381
   0.82749568   0.36281381
   0.82723347  -0.39651006
   0.80541642   0.40345152
   0.78333716   0.41283922
   0.76125790   0.42222693
   0.73917863   0.43161463
   0.71709937   0.44100234
   0.69502011   0.45039004
   0.67294085   0.45977775
   0.65086158   0.46916545
   0.62878232   0.47855316
   0.60670306   0.48794086
   0.58615607   0.50835131
   0.56560908   0.52876176
   0.54506210   0.54917220
   0.52451511   0.56958265
   0.50396812   0.58999310
   0.48342113   0.61040355
   0.47425040   0.63226584
   0.46507966   0.65412814
   0.45590892   0.67599043
   0.44673818   0.69785273
   0.43756745   0.71971502
   0.42839671   0.74157732
   0.41922597   0.76343961
   0.41005523   0.78530191
   0.40088449   0.80716420
   0.82749568   0.39406381
   0.39171376   0.82902650
   0.37851146   0.85752208
   0.36530917   0.88601766
   0.35210688   0.91451325
   0.33890459   0.94300883
   0.32570229   0.97150442
   0.31250000   1.00000000
   0.34375000  -1.00000000
   0.35710087  -0.97177379
   0.37045173  -0.94354757
   0.38380260  -0.91532136
   0.39715346  -0.88709515
   0.41050433  -0.85886894
   0.41979301  -0.83730298
   0.42908168  -0.81573702
   0.43837036  -0.79417107
   0.44765904  -0.77260511
   0.45694771  -0.75103915
   0.46623639  -0.72947319
   0.47552507  -0.70790724
   0.48481374  -0.68634128
   0.49410242  -0.66477532
   0.50339110  -0.64320937
   0.51267977  -0.62164341
   0.53303449  -0.60137130
   0.55338920  -0.58109919
   0.57374391  -0.56082707
   0.59409862  -0.54055496
   0.61445333  -0.52028285
   0.63641465  -0.51059881
   0.65837598  -0.50091477
   0.68033730  -0.49123072
   0.70229862  -0.48154668
   0.72425995  -0.47186264
   0.74622127  -0.46217859
   0.76818259  -0.45249455
   0.79014392  -0.44281051
   0.81210524  -0.43312647
   0.83406656  -0.42344242
   0.85602789  -0.38250838
   0.85602789  -0.35125838
   0.85602789  -0.32000838
   0.85602789  -0.28875838
   0.85602789  -0.25750838
   0.85602789  -0.22625838
   0.85602789  -0.19500838
   0.85602789  -0.16375838
   0.85602789  -0.13250838
   0.85602789  -0.10125838
   0.85602789  -0.07000838
   0.85607159  -0.04241273
   0.85611529  -0.01481709
   0.85615900   0.01277855
   0.85620270   0.04037420
   0.85624640   0.06796984
   0.85624640   0.09921984
   0.85624640   0.13046984
   0.85624640   0.16171984
   0.85624640   0.19296984
   0.85624640   0.22421984
   0.85624640   0.25546984
   0.85624640   0.28671984
   0.85624640   0.31796984
   0.85624640   0.34921984
   0.85624640   0.38046984
   0.85602789  -0.41375838
   0.83416714   0.42110755
   0.81208788   0.43049525
   0.79000862   0.43988296
   0.76792935   0.44927066
   0.74585009   0.45865837
   0.72377083   0.46804607
   0.70169157   0.47743378
   0.67961230   0.48682148
   0.65753304   0.49620919
   0.63545378   0.50559689
   0.61337452   0.51498460
   0.59282753   0.53539504
   0.57228054   0.55580549
   0.55173355   0.57621594
   0.53118657   0.59662639
   0.51063958   0.61703683
   0.50146884   0.63889913
   0.49229810   0.66076142
   0.48312737   0.68262372
   0.47395663   0.70448601
   0.46478589   0.72634831
   0.45561515   0.74821060
   0.44644441   0.77007290
   0.43727368   0.79193520
   0.42810294   0.81379749
   0.41893220   0.83565979
   0.85624640   0.41171984
   0.40976146   0.85752208
   0.39655917   0.88601766
   0.38335688   0.91451325
   0.37015459   0.94300883
   0.35695229   0.97150442
   0.34375000   1.00000000
   0.37500000  -1.00000000
   0.38835087  -0.97177379
   0.40170173  -0.94354757
   0.41505260  -0.91532136
   0.42840346  -0.88709515
   0.43769214  -0.86552919
   0.44698082  -0.84396324
   0.45626950  -0.82239728
   0.46555817  -0.80083132
   0.47484685  -0.77926536
   0.48413553  -0.75769941
   0.49342420  -0.73613345
   0.50271288  -0.71456749
   0.51200156  -0.69300154
   0.52129023  -0.67143558
   0.53057891  -0.64986962
   0.53986759  -0.62830366
   0.56022230  -0.60803155
   0.58057701  -0.58775944
   0.60093172  -0.56748733
   0.62128643  -0.54721522
   0.64324775  -0.53753117
   0.66520908  -0.52784713
   0.68717040  -0.51816309
   0.70913172  -0.50847905
   0.73109305  -0.49879500
   0.75305437  -0.48911096
   0.77501569  -0.47942692
   0.79697702  -0.46974288
   0.81893834  -0.46005883
   0.84089966  -0.45037479
   0.86286099  -0.44069075
   0.88482231  -0.39975670
   0.88482231  -0.36850670
   0.88482231  -0.33725670
   0.88482231  -0.30600670
   0.88482231  -0.27475670
   0.88482231  -0.24350670
   0.88482231  -0.21225670
   0.88482231  -0.18100670
   0.88482231  -0.14975670
   0.88482231  -0.11850670
   0.88482231  -0.08725670
   0.88482231  -0.05600670
   0.88486601  -0.02841106
   0.88490972  -0.00081541
   0.88495342   0.02678023
   0.88499712   0.05437588
   0.88499712   0.08562588
   0.88499712   0.11687588
   0.88499712   0.14812588
   0.88499712   0.17937588
   0.88499712   0.21062588
   0.88499712   0.24187588
   0.88499712   0.27312588
   0.88499712   0.30437588
   0.88499712   0.33562588
   0.88499712   0.36687588
   0.88499712   0.39812588
   0.88482231  -0.43100670
   0.86291786   0.43876358
   0.84083860   0.44815129
   0.81875934   0.45753899
   0.79668007   0.46692669
   0.77460081   0.47631440
   0.75252155   0.48570210
   0.73044229   0.49508981
   0.70836302   0.50447751
   0.68628376   0.51386522
   0.66420450   0.52325292
   0.64212524   0.53264063
   0.62004597   0.54202833
   0.59949899   0.56243878
   0.57895200   0.58284923
   0.55840501   0.60325968
   0.53785802   0.62367012
   0.52868729   0.64553242
   0.51951655   0.66739471
   0.51034581   0.68925701
   0.50117507   0.71111930
   0.49200433   0.73298160
   0.48283360   0.75484389
   0.47366286   0.77670619
   0.46449212   0.79856848
   0.45532138   0.82043078
   0.44615065   0.84229307
   0.43697991   0.86415537
   0.88499712   0.42937588
   0.42780917   0.88601766
   0.41460688   0.91451325
   0.40140459   0.94300883
   0.38820229   0.97150442
   0.37500000   1.00000000
   0.40625000  -1.00000000
   0.41960087  -0.97177379
   0.43295173  -0.94354757
   0.44630260  -0.91532136
   0.45559128  -0.89375541
   0.46487995  -0.87218945
   0.47416863  -0.85062349
   0.48345731  -0.82905753
   0.49274598  -0.80749158
   0.50203466  -0.78592562
   0.51132334  -0.76435966
   0.52061201  -0.74279370
   0.52990069  -0.72122775
   0.53918937  -0.69966179
   0.54847804  -0.67809583
   0.55776672  -0.65652988
   0.56705540  -0.63496392
   0.58741011  -0.61469181
   0.60776482  -0.59441970
   0.62811953  -0.57414758
   0.65008085  -0.56446354
   0.67204218  -0.55477950
   0.69400350  -0.54509546
   0.71596482  -0.53541141
   0.73792615  -0.52572737
   0.75988747  -0.51604333
   0.78184879  -0.50635928
   0.80381012  -0.49667524
   0.82577144  -0.48699120
   0.84773276  -0.47730716
   0.86969409  -0.46762311
   0.89165541  -0.45793907
   0.91361673  -0.41700503
   0.91361673  -0.38575503
   0.91361673  -0.35450503
   0.91361673  -0.32325503
   0.91361673  -0.29200503
   0.91361673  -0.26075503
   0.91361673  -0.22950503
   0.91361673  -0.19825503
   0.91361673  -0.16700503
   0.91361673  -0.13575503
   0.91361673  -0.10450503
   0.91361673  -0.07325503
   0.91361673  -0.04200503
   0.91366044  -0.01440938
   0.91370414   0.01318626
   0.91374784   0.04078191
   0.91374784   0.07203191
   0.91374784   0.10328191
   0.91374784   0.13453191
   0.91374784   0.16578191
   0.91374784   0.19703191
   0.91374784   0.22828191
   0.91374784   0.25953191
   0.91374784   0.29078191
   0.91374784   0.32203191
   0.91374784   0.35328191
   0.91374784   0.38453191
   0.91374784   0.41578191
   0.91361673  -0.44825503
   0.89166858   0.45641961
   0.86958932   0.46580732
   0.84751005   0.47519502
   0.82543079   0.48458273
   0.80335153   0.49397043
   0.78127227   0.50335814
   0.75919301   0.51274584
   0.73711374   0.52213355
   0.71503448   0.53152125
   0.69295522   0.54090895
   0.67087596   0.55029666
   0.64879669   0.55968436
   0.62671743   0.56907207
   0.60617044   0.58948252
   0.58562346   0.60989296
   0.56507647   0.63030341
   0.55590573   0.65216571
   0.54673499   0.67402800
   0.53756426   0.69589030
   0.52839352   0.71775259
   0.51922278   0.73961489
   0.51005204   0.76147718
   0.50088130   0.78333948
   0.49171057   0.80520177
   0.48253983   0.82706407
   0.47336909   0.84892636
   0.46419835   0.87078866
   0.45502762   0.89265095
   0.91374784   0.44703191
   0.44585688   0.91451325
   0.43265459   0.94300883
   0.41945229   0.97150442
   0.40625000   1.00000000
   0.43750000  -1.00000000
   0.45085087  -0.97177379
   0.46420173  -0.94354757
   0.47349041  -0.92198162
   0.48277909  -0.90041566
   0.49206776  -0.87884970
   0.50135644  -0.85728375
   0.51064512  -0.83571779
   0.51993379  -0.81415183
   0.52922247  -0.79258587
   0.53851115  -0.77101992
   0.54779982  -0.74945396
   0.55708850  -0.72788800
   0.56637718  -0.70632205
   0.57566585  -0.68475609
   0.58495453  -0.66319013
   0.59424321  -0.64162417
   0.61459792  -0.62135206
   0.63495263  -0.60107995
   0.65691395  -0.59139591
   0.67887528  -0.58171187
   0.70083660  -0.57202782
   0.72279792  -0.56234378
   0.74475925  -0.55265974
   0.76672057  -0.54297569
   0.78868189  -0.53329165
   0.81064322  -0.52360761
   0.83260454  -0.51392357
   0.85456586  -0.50423952
   0.87652719  -0.49455548
   0.89848851  -0.48487144
   0.92044983  -0.47518739
   0.94241116  -0.43425335
   0.94241116  -0.40300335
   0.94241116  -0.37175335
   0.94241116  -0.34050335
   0.94241116  -0.30925335
   0.94241116  -0.27800335
   0.94241116  -0.24675335
   0.94241116  -0.21550335
   0.94241116  -0.18425335
   0.94241116  -0.15300335
   0.94241116  -0.12175335
   0.94241116  -0.09050335
   0.94241116  -0.05925335
   0.94241116  -0.02800335
   0.94245486  -0.00040771
   0.94249856   0.02718794
   0.94249856   0.05843794
   0.94249856   0.08968794
   0.94249856   0.12093794
   0.94249856   0.15218794
   0.94249856   0.18343794
   0.94249856   0.21468794
   0.94249856   0.24593794
   0.94249856   0.27718794
   0.94249856   0.30843794
   0.94249856   0.33968794
   0.94249856   0.37093794
   0.94249856   0.40218794
   0.94249856   0.43343794
   0.94241116  -0.46550335
   0.92041930   0.47407564
   0.89834004   0.48346335
   0.87626077   0.49285105
   0.85418151   0.50223876
   0.83210225   0.51162646
   0.81002299   0.52101417
   0.78794372   0.53040187
   0.76586446   0.53978958
   0.74378520   0.54917728
   0.72170594   0.55856499
   0.69962668   0.56795269
   0.67754741   0.57734040
   0.65546815   0.58672810
   0.63338889   0.59611581
   0.61284190   0.61652625
   0.59229491   0.63693670
   0.58312418   0.65879899
   0.57395344   0.68066129
   0.56478270   0.70252359
   0.55561196   0.72438588
   0.54644122   0.74624818
   0.53727049   0.76811047
   0.52809975   0.78997277
   0.51892901   0.81183506
   0.50975827   0.83369736
   0.50058754   0.85555965
   0.49141680   0.87742195
   0.48224606   0.89928424
   0.47307532   0.92114654
   0.94249856   0.46468794
   0.46390459   0.94300883
   0.45070229   0.97150442
   0.43750000   1.00000000
   0.46875000  -1.00000000
   0.48210087  -0.97177379
   0.49138954  -0.95020783
   0.50067822  -0.92864187
   0.50996690  -0.90707592
   0.51925557  -0.88550996
   0.52854425  -0.86394400
   0.53783293  -0.84237804
   0.54712160  -0.82081209
   0.55641028  -0.79924613
   0.56569896  -0.77768017
   0.57498763  -0.75611422
   0.58427631  -0.73454826
   0.59356499  -0.71298230
   0.60285366  -0.69141634
   0.61214234  -0.66985039
   0.62143102  -0.64828443
   0.64178573  -0.62801232
   0.66374705  -0.61832828
   0.68570837  -0.60864423
   0.70766970  -0.59896019
   0.72963102  -0.58927615
   0.75159234  -0.57959210
   0.77355367  -0.56990806
   0.79551499  -0.56022402
   0.81747631  -0.55053998
   0.83943764  -0.54085593
   0.86139896  -0.53117189
   0.88336028  -0.52148785
   0.90532161  -0.51180380
   0.92728293  -0.50211976
   0.94924425  -0.49243572
   0.97120558  -0.45150168
   0.97120558  -0.42025168
   0.97120558  -0.38900168
   0.97120558  -0.35775168
   0.97120558  -0.32650168
   0.97120558  -0.29525168
   0.97120558  -0.26400168
   0.97120558  -0.23275168
   0.97120558  -0.20150168
   0.97120558  -0.17025168
   0.97120558  -0.13900168
   0.97120558  -0.10775168
   0.97120558  -0.07650168
   0.97120558  -0.04525168
   0.97120558  -0.01400168
   0.97124928   0.01359397
   0.97124928   0.04484397
   0.97124928   0.07609397
   0.97124928   0.10734397
   0.97124928   0.13859397
   0.97124928   0.16984397
   0.97124928   0.20109397
   0.97124928   0.23234397
   0.97124928   0.26359397
   0.97124928   0.29484397
   0.97124928   0.32609397
   0.97124928   0.35734397
   0.97124928   0.38859397
   0.97124928   0.41984397
   0.97124928   0.45109397
   0.97120558  -0.48275168
   0.94917002   0.49173167
   0.92709076   0.50111938
   0.90501149   0.51050708
   0.88293223   0.51989479
   0.86085297   0.52928249
   0.83877371   0.53867020
   0.81669444   0.54805790
   0.79461518   0.55744561
   0.77253592   0.56683331
   0.75045666   0.57622102
   0.72837739   0.58560872
   0.70629813   0.59499643
   0.68421887   0.60438413
   0.66213961   0.61377184
   0.64006035   0.62315954
   0.61951336   0.64356999
   0.61034262   0.66543228
   0.60117188   0.68729458
   0.59200114   0.70915687
   0.58283041   0.73101917
   0.57365967   0.75288146
   0.56448893   0.77474376
   0.55531819   0.79660605
   0.54614746   0.81846835
   0.53697672   0.84033064
   0.52780598   0.86219294
   0.51863524   0.88405524
   0.50946451   0.90591753
   0.50029377   0.92777983
   0.49112303   0.94964212
   0.97124928   0.48234397
   0.48195229   0.97150442
   0.46875000   1.00000000
   0.50000000  -1.00000000
   0.50928868  -0.97843404
   0.51857735  -0.95686809
   0.52786603  -0.93530213
   0.53715471  -0.91373617
   0.54644338  -0.89217021
   0.55573206  -0.87060426
   0.56502074  -0.84903830
   0.57430941  -0.82747234
   0.58359809  -0.80590639
   0.59288677  -0.78434043
   0.60217544  -0.76277447
   0.61146412  -0.74120851
   0.62075280  -0.71964256
   0.63004147  -0.69807660
   0.63933015  -0.67651064
   0.64861883  -0.65494469
   0.67058015  -0.64526064
   0.69254147  -0.63557660
   0.71450280  -0.62589256
   0.73646412  -0.61620851
   0.75842544  -0.60652447
   0.78038677  -0.59684043
   0.80234809  -0.58715639
   0.82430941  -0.57747234
   0.84627074  -0.56778830
   0.86823206  -0.55810426
   0.89019338  -0.54842021
   0.91215471  -0.53873617
   0.93411603  -0.52905213
   0.95607735  -0.51936809
   0.97803868  -0.50968404
   1.00000000  -0.46875000
   1.00000000  -0.43750000
   1.00000000  -0.40625000
   1.00000000  -0.37500000
   1.00000000  -0.34375000
   1.00000000  -0.31250000
   1.00000000  -0.28125000
   1.00000000  -0.25000000
   1.00000000  -0.21875000
   1.00000000  -0.18750000
   1.00000000  -0.15625000
   1.00000000  -0.12500000
   1.00000000  -0.09375000
   1.00000000  -0.06250000
   1.00000000  -0.03125000
   1.00000000   0.00000000
   1.00000000   0.03125000
   1.00000000   0.06250000
   1.00000000   0.09375000
   1.00000000   0.12500000
   1.00000000   0.15625000
   1.00000000   0.18750000
   1.00000000   0.21875000
   1.00000000   0.25000000
   1.00000000   0.28125000
   1.00000000   0.31250000
   1.00000000   0.34375000
   1.00000000   0.37500000
   1.00000000   0.40625000
   1.00000000   0.43750000
   1.00000000   0.46875000
   1.00000000  -0.50000000
   0.97792074   0.50938770
   0.95584148   0.51877541
   0.93376221   0.52816311
   0.91168295   0.53755082
   0.88960369   0.54693852
   0.86752443   0.55632623
   0.84544516   0.56571393
   0.82336590   0.57510164
   0.80128664   0.58448934
   0.77920738   0.59387705
   0.75712811   0.60326475
   0.73504885   0.61265246
   0.71296959   0.62204016
   0.69089033   0.63142787
   0.66881106   0.64081557
   0.64673180   0.65020328
   0.63756106   0.67206557
   0.62839033   0.69392787
   0.61921959   0.71579016
   0.61004885   0.73765246
   0.60087811   0.75951475
   0.59170738   0.78137705
   0.58253664   0.80323934
   0.57336590   0.82510164
   0.56419516   0.84696393
   0.55502443   0.86882623
   0.54585369   0.89068852
   0.53668295   0.91255082
   0.52751221   0.93441311
   0.51834148   0.95627541
   0.50917074   0.97813770
   1.00000000   0.50000000
   0.50000000   1.00000000
   0.53125000  -1.00000000
   0.54053868  -0.97843404
   0.54982735  -0.95686809
   0.55911603  -0.93530213
   0.56840471  -0.91373617
   0.57769338  -0.89217021
   0.58698206  -0.87060426
   0.59627074  -0.84903830
   0.60555941  -0.82747234
   0.61484809  -0.80590639
   0.62413677  -0.78434043
   0.63342544  -0.76277447
   0.64271412  -0.74120851
   0.65200280  -0.71964256
   0.66129147  -0.69807660
   0.67058015  -0.67651064
   0.69254147  -0.66682660
   0.71450280  -0.65714256
   0.73646412  -0.64745851
   0.75842544  -0.63777447
   0.78038677  -0.62809043
   0.80234809  -0.61840639
   0.82430941  -0.60872234
   0.84627074  -0.59903830
   0.86823206  -0.58935426
   0.89019338  -0.57967021
   0.91215471  -0.56998617
   0.93411603  -0.56030213
   0.95607735  -0.55061809
   0.97803868  -0.54093404
   1.00000000  -0.53125000
   1.00000000   0.53125000
   0.97792074   0.54063770
   0.95584148   0.55002541
   0.93376221   0.55941311
   0.91168295   0.56880082
   0.88960369   0.57818852
   0.86752443   0.58757623
   0.84544516   0.59696393
   0.82336590   0.60635164
   0.80128664   0.61573934
   0.77920738   0.62512705
   0.75712811   0.63451475
   0.73504885   0.64390246
   0.71296959   0.65329016
   0.69089033   0.66267787
   0.66881106   0.67206557
   0.65964033   0.69392787
   0.65046959   0.71579016
   0.64129885   0.73765246
   0.63212811   0.75951475
   0.62295738   0.78137705
   0.61378664   0.80323934
   0.60461590   0.82510164
   0.59544516   0.84696393
   0.58627443   0.86882623
   0.57710369   0.89068852
   0.56793295   0.91255082
   0.55876221   0.93441311
   0.54959148   0.95627541
   0.54042074   0.97813770
   0.53125000   1.00000000
   0.56250000  -1.00000000
   0.57178868  -0.97843404
   0.58107735  -0.95686809
   0.59036603  -0.93530213
   0.59965471  -0.91373617
   0.60894338  -0.89217021
   0.61823206  -0.87060426
   0.62752074  -0.84903830
   0.63680941  -0.82747234
   0.64609809  -0.80590639
   0.65538677  -0.78434043
   0.66467544  -0.76277447
   0.67396412  -0.74120851
   0.68325280  -0.71964256
   0.69254147  -0.69807660
   0.71450280  -0.68839256
   0.73646412  -0.67870851
   0.75842544  -0.66902447
   0.78038677  -0.65934043
   0.80234809  -0.64965639
   0.82430941  -0.63997234
   0.84627074  -0.63028830
   0.86823206  -0.62060426
   0.89019338  -0.61092021
   0.91215471  -0.60123617
   0.93411603  -0.59155213
   0.95607735  -0.58186809
   0.97803868  -0.57218404
   1.00000000  -0.56250000
   1.00000000   0.56250000
   0.97792074   0.57188770
   0.95584148   0.58127541
   0.93376221   0.59066311
   0.91168295   0.60005082
   0.88960369   0.60943852
   0.86752443   0.61882623
   0.84544516   0.62821393
   0.82336590   0.63760164
   0.80128664   0.64698934
   0.77920738   0.65637705
   0.75712811   0.66576475
   0.73504885   0.67515246
   0.71296959   0.68454016
   0.69089033   0.69392787
   0.68171959   0.71579016
   0.67254885   0.73765246
   0.66337811   0.75951475
   0.65420738   0.78137705
   0.64503664   0.80323934
   0.63586590   0.82510164
   0.62669516   0.84696393
   0.61752443   0.86882623
   0.60835369   0.89068852
   0.59918295   0.91255082
   0.59001221   0.93441311
   0.58084148   0.95627541
   0.57167074   0.97813770
   0.56250000   1.00000000
   0.59375000  -1.00000000
   0.60303868  -0.97843404
   0.61232735  -0.95686809
   0.62161603  -0.93530213
   0.63090471  -0.91373617
   0.64019338  -0.89217021
   0.64948206  -0.87060426
   0.65877074  -0.84903830
   0.66805941  -0.82747234
   0.67734809  -0.80590639
   0.68663677  -0.78434043
   0.69592544  -0.76277447
   0.70521412  -0.74120851
   0.71450280  -0.71964256
   0.73646412  -0.70995851
   0.75842544  -0.70027447
   0.78038677  -0.69059043
   0.80234809  -0.68090639
   0.82430941  -0.67122234
   0.84627074  -0.66153830
   0.86823206  -0.65185426
   0.89019338  -0.64217021
   0.91215471  -0.63248617
   0.93411603  -0.62280213
   0.95607735  -0.61311809
   0.97803868  -0.60343404
   1.00000000  -0.59375000
   1.00000000   0.59375000
   0.97792074   0.60313770
   0.95584148   0.61252541
   0.93376221   0.62191311
   0.91168295   0.63130082
   0.88960369   0.64068852
   0.86752443   0.65007623
   0.84544516   0.65946393
   0.82336590   0.66885164
   0.80128664   0.67823934
   0.77920738   0.68762705
   0.75712811   0.69701475
   0.73504885   0.70640246
   0.71296959   0.71579016
   0.70379885   0.73765246
   0.69462811   0.75951475
   0.68545738   0.78137705
   0.67628664   0.80323934
   0.66711590   0.82510164
   0.65794516   0.84696393
   0.64877443   0.86882623
   0.63960369   0.89068852
   0.63043295   0.91255082
   0.62126221   0.93441311
   0.61209148   0.95627541
   0.60292074   0.97813770
   0.59375000   1.00000000
   0.62500000  -1.00000000
   0.63428868  -0.97843404
   0.64357735  -0.95686809
   0.65286603  -0.93530213
   0.66215471  -0.91373617
   0.67144338  -0.89217021
   0.68073206  -0.87060426
   0.69002074  -0.84903830
   0.69930941  -0.82747234
   0.70859809  -0.80590639
   0.71788677  -0.78434043
   0.72717544  -0.76277447
   0.73646412  -0.74120851
   0.75842544  -0.73152447
   0.78038677  -0.72184043
   0.80234809  -0.71215639
   0.82430941  -0.70247234
   0.84627074  -0.69278830
   0.86823206  -0.68310426
   0.89019338  -0.67342021
   0.91215471  -0.66373617
   0.93411603  -0.65405213
   0.95607735  -0.64436809
   0.97803868  -0.63468404
   1.00000000  -0.62500000
   1.00000000   0.62500000
   0.97792074   0.63438770
   0.95584148   0.64377541
   0.93376221   0.65316311
   0.91168295   0.66255082
   0.88960369   0.67193852
   0.86752443   0.68132623
   0.84544516   0.69071393
   0.82336590   0.70010164
   0.80128664   0.70948934
   0.77920738   0.71887705
   0.75712811   0.72826475
   0.73504885   0.73765246
   0.72587811   0.75951475
   0.71670738   0.78137705
   0.70753664   0.80323934
   0.69836590   0.82510164
   0.68919516   0.84696393
   0.68002443   0.86882623
   0.67085369   0.89068852
   0.66168295   0.91255082
   0.65251221   0.93441311
   0.64334148   0.95627541
   0.63417074   0.97813770
   0.62500000   1.00000000
   0.65625000  -1.00000000
   0.66553868  -0.97843404
   0.67482735  -0.95686809
   0.68411603  -0.93530213
   0.69340471  -0.91373617
   0.70269338  -0.89217021
   0.71198206  -0.87060426
   0.72127074  -0.84903830
   0.73055941  -0.82747234
   0.73984809  -0.80590639
   0.74913677  -0.78434043
   0.75842544  -0.76277447
   0.78038677  -0.75309043
   0.80234809  -0.74340639
   0.82430941  -0.73372234
   0.84627074  -0.72403830
   0.86823206  -0.71435426
   0.89019338  -0.70467021
   0.91215471  -0.69498617
   0.93411603  -0.68530213
   0.95607735  -0.67561809
   0.97803868  -0.66593404
   1.00000000  -0.65625000
   1.00000000   0.65625000
   0.97792074   0.66563770
   0.95584148   0.67502541
   0.93376221   0.68441311
   0.91168295   0.69380082
   0.88960369   0.70318852
   0.86752443   0.71257623
   0.84544516   0.72196393
   0.82336590   0.73135164
   0.80128664   0.74073934
   0.77920738   0.75012705
   0.75712811   0.75951475
   0.74795738   0.78137705
   0.73878664   0.80323934
   0.72961590   0.82510164
   0.72044516   0.84696393
   0.71127443   0.86882623
   0.70210369   0.89068852
   0.69293295   0.91255082
   0.68376221   0.93441311
   0.67459148   0.95627541
   0.66542074   0.97813770
   0.65625000   1.00000000
   0.68750000  -1.00000000
   0.69678868  -0.97843404
   0.70607735  -0.95686809
   0.71536603  -0.93530213
   0.72465471  -0.91373617
   0.73394338  -0.89217021
   0.74323206  -0.87060426
   0.75252074  -0.84903830
   0.76180941  -0.82747234
   0.77109809  -0.80590639
   0.78038677  -0.78434043
   0.80234809  -0.77465639
   0.82430941  -0.76497234
   0.84627074  -0.75528830
   0.86823206  -0.74560426
   0.89019338  -0.73592021
   0.91215471  -0.72623617
   0.93411603  -0.71655213
   0.95607735  -0.70686809
   0.97803868  -0.69718404
   1.00000000  -0.68750000
   1.00000000   0.68750000
   0.97792074   0.69688770
   0.95584148   0.70627541
   0.93376221   0.71566311
   0.91168295   0.72505082
   0.88960369   0.73443852
   0.86752443   0.74382623
   0.84544516   0.75321393
   0.82336590   0.76260164
   0.80128664   0.77198934
   0.77920738   0.78137705
   0.77003664   0.80323934
   0.76086590   0.82510164
   0.75169516   0.84696393
   0.74252443   0.86882623
   0.73335369   0.89068852
   0.72418295   0.91255082
   0.71501221   0.93441311
   0.70584148   0.95627541
   0.69667074   0.97813770
   0.68750000   1.00000000
   0.71875000  -1.00000000
   0.72803868  -0.97843404
   0.73732735  -0.95686809
   0.74661603  -0.93530213
   0.75590471  -0.91373617
   0.76519338  -0.89217021
   0.77448206  -0.87060426
   0.78377074  -0.84903830
   0.79305941  -0.82747234
   0.80234809  -0.80590639
   0.82430941  -0.79622234
   0.84627074  -0.78653830
   0.86823206  -0.77685426
   0.89019338  -0.76717021
   0.91215471  -0.75748617
   0.93411603  -0.74780213
   0.95607735  -0.73811809
   0.97803868  -0.72843404
   1.00000000  -0.71875000
   1.00000000   0.71875000
   0.97792074   0.72813770
   0.95584148   0.73752541
   0.93376221   0.74691311
   0.91168295   0.75630082
   0.88960369   0.76568852
   0.86752443   0.77507623
   0.84544516   0.78446393
   0.82336590   0.79385164
   0.80128664   0.80323934
   0.79211590   0.82510164
   0.78294516   0.84696393
   0.77377443   0.86882623
   0.76460369   0.89068852
   0.75543295   0.91255082
   0.74626221   0.93441311
   0.73709148   0.95627541
   0.72792074   0.97813770
   0.71875000   1.00000000
   0.75000000  -1.00000000
   0.75928868  -0.97843404
   0.76857735  -0.95686809
   0.77786603  -0.93530213
   0.78715471  -0.91373617
   0.79644338  -0.89217021
   0.80573206  -0.87060426
   0.81502074  -0.84903830
   0.82430941  -0.82747234
   0.84627074  -0.81778830
   0.86823206  -0.80810426
   0.89019338  -0.79842021
   0.91215471  -0.78873617
   0.93411603  -0.77905213
   0.95607735  -0.76936809
   0.97803868  -0.75968404
   1.00000000  -0.75000000
   1.00000000   0.75000000
   0.97792074   0.75938770
   0.95584148   0.76877541
   0.93376221   0.77816311
   0.91168295   0.78755082
   0.88960369   0.79693852
   0.86752443   0.80632623
   0.84544516   0.81571393
   0.82336590   0.82510164
   0.81419516   0.84696393
   0.80502443   0.86882623
   0.79585369   0.89068852
   0.78668295   0.91255082
   0.77751221   0.93441311
   0.76834148   0.95627541
   0.75917074   0.97813770
   0.75000000   1.00000000
   0.78125000  -1.00000000
   0.79053868  -0.97843404
   0.79982735  -0.95686809
   0.80911603  -0.93530213
   0.81840471  -0.91373617
   0.82769338  -0.89217021
   0.83698206  -0.87060426
   0.84627074  -0.84903830
   0.86823206  -0.83935426
   0.89019338  -0.82967021
   0.91215471  -0.81998617
   0.93411603  -0.81030213
   0.95607735  -0.80061809
   0.97803868  -0.79093404
   1.00000000  -0.78125000
   1.00000000   0.78125000
   0.97792074   0.79063770
   0.95584148   0.80002541
   0.93376221   0.80941311
   0.91168295   0.81880082
   0.88960369   0.82818852
   0.86752443   0.83757623
   0.84544516   0.84696393
   0.83627443   0.86882623
   0.82710369   0.89068852
   0.81793295   0.91255082
   0.80876221   0.93441311
   0.79959148   0.95627541
   0.79042074   0.97813770
   0.78125000   1.00000000
   0.81250000  -1.00000000
   0.82178868  -0.97843404
   0.83107735  -0.95686809
   0.84036603  -0.93530213
   0.84965471  -0.91373617
   0.85894338  -0.89217021
   0.86823206  -0.87060426
   0.89019338  -0.86092021
   0.91215471  -0.85123617
   0.93411603  -0.84155213
   0.95607735  -0.83186809
   0.97803868  -0.82218404
   1.00000000  -0.81250000
   1.00000000   0.81250000
   0.97792074   0.82188770
   0.95584148   0.83127541
   0.93376221   0.84066311
   0.91168295   0.85005082
   0.88960369   0.85943852
   0.86752443   0.86882623
   0.85835369   0.89068852
   0.84918295   0.91255082
   0.84001221   0.93441311
   0.83084148   0.95627541
   0.82167074   0.97813770
   0.81250000   1.00000000
   0.84375000  -1.00000000
   0.85303868  -0.97843404
   0.86232735  -0.95686809
   0.87161603  -0.93530213
   0.88090471  -0.91373617
   0.89019338  -0.89217021
   0.91215471  -0.88248617
   0.93411603  -0.87280213
   0.95607735  -0.86311809
   0.97803868  -0.85343404
   1.00000000  -0.84375000
   1.00000000   0.84375000
   0.97792074   0.85313770
   0.95584148   0.86252541
   0.93376221   0.87191311
   0.91168295   0.88130082
   0.88960369   0.89068852
   0.88043295   0.91255082
   0.87126221   0.93441311
   0.86209148   0.95627541
   0.85292074   0.97813770
   0.84375000   1.00000000
   0.87500000  -1.00000000
   0.88428868  -0.97843404
   0.89357735  -0.95686809
   0.90286603  -0.93530213
   0.91215471  -0.91373617
   0.93411603  -0.90405213
   0.95607735  -0.89436809
   0.97803868  -0.88468404
   1.00000000  -0.87500000
   1.00000000   0.87500000
   0.97792074   0.88438770
   0.95584148   0.89377541
   0.93376221   0.90316311
   0.91168295   0.91255082
   0.90251221   0.93441311
   0.89334148   0.95627541
   0.88417074   0.97813770
   0.87500000   1.00000000
   0.90625000  -1.00000000
   0.91553868  -0.97843404
   0.92482735  -0.95686809
   0.93411603  -0.93530213
   0.95607735  -0.92561809
   0.97803868  -0.91593404
   1.00000000  -0.90625000
   1.00000000   0.90625000
   0.97792074   0.91563770
   0.95584148   0.92502541
   0.93376221   0.93441311
   0.92459148   0.95627541
   0.91542074   0.97813770
   0.90625000   1.00000000
   0.93750000  -1.00000000
   0.94678868  -0.97843404
   0.95607735  -0.95686809
   0.97803868  -0.94718404
   1.00000000  -0.93750000
   1.00000000   0.93750000
   0.97792074   0.94688770
   0.95584148   0.95627541
   0.94667074   0.97813770
   0.93750000   1.00000000
   0.96875000  -1.00000000
   0.97803868  -0.97843404
   1.00000000  -0.96875000
   1.00000000   0.96875000
   0.97792074   0.97813770
   0.96875000   1.00000000
   1.00000000  -1.00000000
   1.00000000   1.00000000
