    2598     2492    2491       1
    1505     1506    1419       1
     709      775     776       1
    1581     1580    1671       1
    5002     5001    5044       1
    5034     4991    4990       1
    4979     4978    5023       1
    5013     4968    4967       1
      45       63      64       1
     414      413     465       1
    3720     3719    3807       1
    4251     4158    4250       1
    4208     4116    4207       1
    4198     4107    4197       1
    3115     3015    3114       1
    2608     2503    2502       1
    1091     1012    1011       1
     381      382     335       1
     187      188     155       1
    1522     1435    1521       1
    1570     1569    1661       1
    2155     2049    2154       1
    2570     2678    2679       1
     693      759     760       1
    4235     4142    4234       1
    4224     4132    4223       1
    3682     3681    3768       1
    3703     3702    3790       1
    4182     4091    4181       1
    3731     3646    3645       1
    2625     2518    2624       1
    3662     3661    3747       1
    1107     1108    1027       1
     677      743     678       1
    1123     1124    1043       1
    2110     2008    2007       1
    2641     2534    2640       1
    2651     2543    2650       1
    2662     2553    2661       1
    2138     2034    2033       1
    2285     2286    2182       1
    2278     2174    2277       1
    3001     3101    3102       1
    1687     1781    1688       1
    1083     1004    1003       1
    1680     1679    1773       1
     914      913     989       1
     921      997     922       1
     473      422     421       1
    1403     1317    1402       1
    2063     2167    2168       1
    1410     1411    1325       1
    4901     4846    4900       1
    5174     5196    5197       1
    4908     4909    4854       1
    4895     4896    4840       1
    4888     4832    4887       1
    5168     5191    5192       1
    4874     4817    4873       1
    5161     5185    5186       1
    4881     4882    4825       1
    4868     4869    4811       1
    4861     4803    4860       1
    5155     5180    5181       1
     163      195     196       1
     113      141     114       1
      16        7      15       1
     316      273     315       1
     701      767     768       1
     323      324     281       1
    3502     3396    3501       1
    4167     4259    4260       1
    3509     3510    3404       1
    3798     3711    3710       1
    4435     4434    4530       1
    4442     4538    4443       1
    3760     3674    3673       1
    4390     4389    4484       1
    4397     4492    4398       1
    3755     3670    3669       1
    4378     4377    4471       1
    4385     4479    4386       1
    2616     2511    2510       1
    3313     3312    3415       1
    3320     3423    3321       1
    2298     2299    2196       1
    2291     2188    2290       1
    3007     3106    3107       1
     865      866     795       1
     858      787     857       1
    1427     1513    1514       1
     487      543     488       1
     179      148     147       1
     480      479     535       1
     265      307     266       1
      98       75      97       1
     343      389     390       1
    1099     1020    1019       1
    1696     1695    1789       1
    1703     1797    1704       1
    1390     1303    1389       1
    2057     2162    2163       1
    1397     1398    1311       1
    1844     1747    1843       1
    2578     2686    2687       1
    2370     2478    2371       1
    2884     2883    2984       1
    2891     2992    2892       1
    2146     2042    2041       1
    1051     1131    1132       1
     905      981     906       1
     568      511     567       1
    3782     3695    3694       1
    4419     4418    4514       1
    4426     4522    4427       1
    3776     3690    3689       1
    4406     4405    4500       1
    4413     4508    4414       1
    3466     3361    3465       1
    4124     4215    4216       1
    3473     3474    3369       1
    3485     3379    3484       1
    4150     4242    4243       1
    3492     3493    3387       1
    3739     3654    3653       1
    4362     4361    4455       1
    4369     4463    4370       1
    3439     3440    3336       1
    3432     3328    3431       1
    4083     4173    4174       1
    2307     2204    2306       1
    3023     3122    3123       1
    2833     2932    2834       1
    3448     3344    3447       1
    4099     4189    4190       1
    3455     3456    3352       1
    1279     1365    1280       1
     874      803     873       1
    1443     1529    1530       1
    1035     1115    1116       1
     559      560     503       1
     552      495     551       1
    1295     1381    1296       1
     751      686     685       1
    1288     1287    1373       1
    1813     1814    1719       1
    1806     1711    1805       1
    2526     2632    2633       1
    2118     2016    2015       1
    2842     2841    2940       1
    2849     2948    2850       1
    2123     2020    2019       1
    2854     2853    2953       1
    2861     2961    2862       1
    2129     2025    2024       1
    2867     2866    2967       1
    2874     2975    2875       1
    1835     1836    1739       1
    1828     1731    1827       1
    2562     2670    2671       1
    2281     2282    2178       1
    2704     2596    2703       1
    2600     2707    2708       1
    1335     1421    1336       1
    1417     1332    1331       1
    1684     1683    1777       1
     918      917     993       1
     647      711     648       1
     707      644     643       1
    1763     1669    1762       1
    1673     1766    1767       1
    1406     1407    1321       1
    5081     5042    5080       1
    5046     5084    5085       1
    4904     4905    4850       1
    4891     4892    4836       1
    5072     5032    5071       1
    5036     5075    5076       1
    5062     5021    5061       1
    5025     5065    5066       1
    4877     4878    4821       1
    4864     4865    4807       1
    5053     5011    5052       1
    5015     5056    5057       1
     110      109     137       1
      31       47      32       1
      82       61      81       1
     518      463     517       1
     467      521     522       1
     319      320     277       1
    3894     3805    3893       1
    3809     3897    3898       1
    3505     3506    3400       1
    4156     4065    4064       1
    4439     4438    4534       1
    4068     4160    4069       1
    4114     4024    4023       1
    4394     4393    4488       1
    4027     4118    4028       1
    4105     4016    4015       1
    4382     4381    4475       1
    4019     4109    4020       1
    3013     2915    2914       1
    3317     3316    3419       1
    2918     3017    2919       1
    2294     2295    2192       1
    2713     2606    2712       1
    2610     2716    2717       1
     861      862     791       1
    1172     1089    1171       1
    1093     1175    1176       1
     293      337     294       1
     333      290     289       1
     484      483     539       1
     127      157     128       1
     220      185     219       1
     262      261     303       1
    1433     1348    1347       1
    1700     1699    1793       1
    1351     1437    1352       1
    1754     1659    1753       1
    1663     1757    1758       1
    1393     1394    1307       1
    2257     2152    2256       1
    2367     2366    2474       1
    1947     2051    1948       1
    2888     2887    2988       1
    2464     2572    2465       1
    2568     2461    2460       1
     902      901     977       1
     631      695     632       1
     826      757     825       1
    4140     4049    4048       1
    4423     4422    4518       1
    4052     4144    4053       1
    4130     4040    4039       1
    4410     4409    4504       1
    4043     4134    4044       1
    3854     3766    3853       1
    3770     3857    3858       1
    3469     3470    3365       1
    3877     3788    3876       1
    3792     3880    3881       1
    3488     3489    3383       1
    4089     4000    3999       1
    4366     4365    4459       1
    4003     4093    4004       1
    3435     3436    3332       1
    3816     3729    3815       1
    3733     3819    3820       1
    2729     2622    2728       1
    2830     2829    2928       1
    2414     2520    2415       1
    3832     3745    3831       1
    3749     3835    3836       1
    3451     3452    3348       1
     951     1029     952       1
    1188     1105    1187       1
    1276     1275    1361       1
     745      813     814       1
     555      556     499       1
     810      741     809       1
     967     1045     968       1
    1041      964     963       1
    1292     1291    1377       1
    1809     1810    1715       1
    2211     2108    2210       1
    2112     2214    2215       1
    2532     2427    2426       1
    2846     2845    2944       1
    2430     2536    2431       1
    2541     2435    2434       1
    2858     2857    2957       1
    2438     2545    2439       1
    2551     2444    2443       1
    2871     2870    2971       1
    2447     2555    2448       1
    1831     1832    1735       1
    2241     2136    2240       1
    2140     2244    2245       1
    2081     2184    2082       1
    2180     2078    2077       1
    2496     2495    2602       1
    2172     2070    2069       1
    2488     2487    2594       1
    2073     2176    2074       1
    3306     3305    3409       1
    2903     3003    2904       1
    2999     2900    2899       1
    1783     1879    1880       1
    1509     1510    1423       1
    1876     1779    1875       1
     853      854     783       1
    1164     1081    1163       1
    1085     1167    1168       1
    1868     1771    1867       1
    1775     1871    1872       1
    1501     1502    1415       1
    1066      987    1065       1
     991     1069    1070       1
     771      772     705       1
     999     1077    1078       1
     779      780     713       1
    1074      995    1073       1
     327      328     285       1
     526      471     525       1
     475      529     530       1
    1315     1231    1230       1
    1577     1576    1667       1
    1234     1319    1235       1
    2378     2377    2484       1
    1962     2065    1963       1
    2061     1959    1958       1
    1242     1327    1243       1
    1323     1239    1238       1
    1585     1584    1675       1
    4844     4786    4785       1
    4998     4997    5040       1
    4789     4848    4790       1
    5230     5229    5240       1
    5149     5176    5150       1
    5172     5146    5145       1
    4797     4856    4798       1
    4852     4794    4793       1
    5006     5005    5048       1
    4782     4842    4783       1
    4838     4779    4778       1
    4995     4994    5038       1
    4830     4771    4770       1
    4987     4986    5030       1
    4774     4834    4775       1
    5227     5226    5238       1
    5142     5170    5143       1
    5166     5139    5138       1
    4815     4755    4754       1
    4975     4974    5019       1
    4758     4819    4759       1
    5223     5222    5235       1
    5134     5163    5135       1
    5159     5131    5130       1
    4766     4827    4767       1
    4823     4763    4762       1
    4983     4982    5027       1
    4751     4813    4752       1
    4809     4748    4747       1
    4972     4971    5017       1
    4801     4740    4739       1
    4964     4963    5009       1
    4743     4805    4744       1
    5220     5219    5233       1
    5127     5157    5128       1
    5153     5124    5123       1
     270      269     311       1
     135      165     166       1
     161      132     131       1
     143      173     174       1
      67       68      49       1
     170      139     169       1
      24       13      23       1
      42       41      59       1
       3        9      10       1
     358      313     357       1
     410      409     461       1
     235      275     236       1
     910      909     985       1
     639      703     640       1
     699      636     635       1
     243      283     244       1
     279      240     239       1
     418      417     469       1
    3394     3290    3289       1
    3716     3715    3803       1
    3293     3398    3294       1
    4448     4447    4543       1
    4077     4169    4078       1
    4165     4074    4073       1
    3301     3406    3302       1
    3402     3298    3297       1
    3724     3723    3811       1
    3496     3497    3391       1
    3885     3796    3884       1
    3800     3888    3889       1
    4625     4528    4624       1
    4532     4628    4629       1
    4246     4247    4154       1
    4540     4636    4637       1
    4254     4255    4162       1
    4633     4536    4632       1
    3461     3462    3357       1
    3846     3758    3845       1
    3762     3849    3850       1
    4578     4482    4577       1
    4486     4581    4582       1
    4203     4204    4112       1
    4494     4589    4590       1
    4211     4212    4120       1
    4586     4490    4585       1
    3459     3460    3356       1
    3840     3753    3839       1
    3757     3843    3844       1
    4564     4469    4563       1
    4473     4567    4568       1
    4193     4194    4103       1
    4481     4575    4576       1
    4201     4202    4111       1
    4572     4477    4571       1
    2302     2303    2200       1
    2721     2614    2720       1
    2618     2724    2725       1
    3517     3413    3516       1
    3417     3520    3521       1
    3110     3111    3011       1
    3425     3528    3529       1
    3118     3119    3019       1
    3525     3421    3524       1
    2096     2198    2097       1
    2194     2093    2092       1
    2507     2506    2612       1
    2186     2085    2084       1
    2499     2498    2604       1
    2088     2190    2089       1
    3309     3308    3411       1
    2910     3009    2911       1
    3005     2907    2906       1
     729      797     730       1
     793      726     725       1
    1016     1015    1095       1
     785      718     717       1
    1008     1007    1087       1
     721      789     722       1
    1692     1691    1785       1
    1343     1429    1344       1
    1425     1340    1339       1
     545      603     604       1
     385      386     339       1
     600      541     599       1
      93       94      71       1
     212      177     211       1
     181      215     216       1
     592      533     591       1
     537      595     596       1
     377      378     331       1
     309      353     354       1
     191      192     159       1
     350      305     349       1
      73       54      53       1
     152      151     183       1
      57       77      78       1
     492      491     547       1
     301      345     346       1
     341      298     297       1
     869      870     799       1
    1180     1097    1179       1
    1101     1183    1184       1
    1884     1787    1883       1
    1791     1887    1888       1
    1517     1518    1431       1
    1799     1895    1896       1
    1525     1526    1439       1
    1892     1795    1891       1
    1474     1387    1473       1
    1566     1565    1657       1
    1219     1305    1220       1
    2375     2374    2482       1
    1955     2059    1956       1
    2055     1952    1951       1
    1227     1313    1228       1
    1309     1224    1223       1
    1574     1573    1665       1
    1745     1652    1651       1
    2046     2045    2150       1
    1655     1749    1750       1
    2896     2895    2996       1
    2472     2580    2581       1
    2576     2469    2468       1
    2480     2588    2589       1
    2158     2159    2053       1
    2585     2476    2584       1
    3084     2982    3083       1
    2986     3087    3088       1
    2674     2675    2566       1
    2994     3095    3096       1
    2682     2683    2574       1
    3092     2990    3091       1
    1839     1840    1743       1
    2249     2144    2248       1
    2148     2252    2253       1
    1300     1299    1385       1
     975     1053    1054       1
    1049      972     971       1
     983     1061    1062       1
     763      764     697       1
    1058      979    1057       1
     509      456     455       1
     690      689     755       1
     459      513     514       1
    3480     3481    3375       1
    3869     3780    3868       1
    3784     3872    3873       1
    4609     4512    4608       1
    4516     4612    4613       1
    4230     4231    4138       1
    4524     4620    4621       1
    4238     4239    4146       1
    4617     4520    4616       1
    3477     3478    3373       1
    3862     3774    3861       1
    3778     3865    3866       1
    4594     4498    4593       1
    4502     4597    4598       1
    4219     4220    4128       1
    4510     4605    4606       1
    4227     4228    4136       1
    4602     4506    4601       1
    3359     3256    3255       1
    3678     3677    3764       1
    3259     3363    3260       1
    4402     4401    4496       1
    4035     4126    4036       1
    4122     4032    4031       1
    3267     3371    3268       1
    3367     3264    3263       1
    3686     3685    3772       1
    3377     3273    3272       1
    3699     3698    3786       1
    3276     3381    3277       1
    4431     4430    4526       1
    4060     4152    4061       1
    4148     4057    4056       1
    3284     3389    3285       1
    3385     3281    3280       1
    3707     3706    3794       1
    3443     3444    3340       1
    3824     3737    3823       1
    3741     3827    3828       1
    4548     4453    4547       1
    4457     4551    4552       1
    4177     4178    4087       1
    4465     4559    4560       1
    4185     4186    4095       1
    4556     4461    4555       1
    3235     3338    3236       1
    3334     3232    3231       1
    3650     3649    3735       1
    3533     3429    3532       1
    3642     3641    3727       1
    3227     3330    3228       1
    4358     4357    4451       1
    3995     4085    3996       1
    4081     3992    3991       1
    2202     2101    2100       1
    2515     2514    2620       1
    2104     2206    2207       1
    3325     3324    3427       1
    2926     3025    3026       1
    3021     2923    2922       1
    2934     3033    3034       1
    2628     2629    2522       1
    3030     2930    3029       1
    3342     3240    3239       1
    3658     3657    3743       1
    3243     3346    3244       1
    4374     4373    4467       1
    4011     4101    4012       1
    4097     4008    4007       1
    3251     3354    3252       1
    3350     3248    3247       1
    3666     3665    3751       1
    1367     1453    1454       1
    1111     1112    1031       1
    1450     1363    1449       1
     801      734     733       1
    1024     1023    1103       1
     737      805     806       1
    1708     1707    1801       1
    1359     1445    1446       1
    1441     1356    1355       1
    1284     1283    1369       1
     959     1037     960       1
    1033      956     955       1
     451      505     452       1
     501      448     447       1
     682      681     747       1
     608      549     607       1
     674      673     739       1
     443      497     444       1
    1383     1469    1470       1
    1127     1128    1047       1
    1466     1379    1465       1
     563      564     507       1
     818      749     817       1
     753      821     822       1
    1458     1371    1457       1
    1375     1461    1462       1
    1119     1120    1039       1
    1629     1721    1630       1
    1717     1626    1625       1
    2012     2011    2114       1
    1900     1803    1899       1
    2004     2003    2106       1
    1621     1713    1622       1
    2838     2837    2936       1
    2422     2528    2423       1
    2524     2419    2418       1
    1817     1818    1723       1
    2219     2116    2218       1
    2120     2222    2223       1
    3038     2938    3037       1
    2942     3041    3042       1
    2636     2637    2530       1
    2950     3049    3050       1
    2644     2645    2538       1
    3046     2946    3045       1
    1819     1820    1724       1
    2225     2121    2224       1
    2125     2228    2229       1
    3052     2951    3051       1
    2955     3055    3056       1
    2646     2647    2539       1
    2963     3063    3064       1
    2654     2655    2547       1
    3060     2959    3059       1
    1822     1823    1726       1
    2232     2127    2231       1
    2131     2235    2236       1
    3067     2965    3066       1
    2969     3070    3071       1
    2657     2658    2549       1
    2977     3078    3079       1
    2665     2666    2557       1
    3075     2973    3074       1
    1647     1741    1648       1
    1737     1644    1643       1
    2038     2037    2142       1
    1729     1636    1635       1
    2030     2029    2134       1
    1639     1733    1640       1
    2880     2879    2980       1
    2456     2564    2457       1
    2560     2453    2452       1
    2490     2491    2385       1
    2706     2598    2705       1
    2387     2492    2493       1
    1333     1419    1334       1
    1592     1505    1504       1
    1507     1506    1594       1
     777      776     846       1
     645      709     646       1
     844      775     774       1
    1765     1671    1764       1
    1494     1581    1582       1
    1579     1580    1492       1
    5083     5044    5082       1
    4956     5002    5003       1
    5000     5001    4954       1
    4989     4990    4942       1
    5074     5034    5073       1
    4944     4991    4992       1
    5064     5023    5063       1
    4931     4979    4980       1
    4977     4978    4929       1
    4966     4967    4917       1
    5055     5013    5054       1
    4919     4968    4969       1
      65       64      86       1
      44       45      30       1
      84       63      83       1
     520      465     519       1
     366      414     415       1
     412      413     364       1
    3896     3807    3895       1
    3613     3720    3721       1
    3718     3719    3611       1
    4343     4250    4249       1
    4252     4251    4345       1
    4066     4158    4067       1
    4299     4207    4206       1
    4209     4208    4301       1
    4025     4116    4026       1
    4288     4197    4196       1
    4199     4198    4290       1
    4017     4107    4018       1
    3214     3114    3113       1
    3116     3115    3216       1
    2916     3015    2917       1
    2501     2502    2397       1
    2715     2608    2714       1
    2399     2503    2504       1
    1010     1011     934       1
    1174     1091    1173       1
     936     1012    1013       1
     291      335     292       1
     430      381     380       1
     383      382     432       1
     154      155     126       1
     222      187     221       1
     189      188     224       1
    1608     1521    1520       1
    1523     1522    1610       1
    1349     1435    1350       1
    1756     1661    1755       1
    1482     1570    1571       1
    1568     1569    1480       1
    2259     2154    2258       1
    2156     2155    2261       1
    2048     2049    1946       1
    2680     2679    2789       1
    2462     2570    2463       1
    2787     2678    2677       1
     761      760     830       1
     692      693     630       1
     828      759     827       1
    4327     4234    4233       1
    4236     4235    4329       1
    4050     4142    4051       1
    4315     4223    4222       1
    4225     4224    4317       1
    4041     4132    4042       1
    3856     3768    3855       1
    3576     3682    3683       1
    3680     3681    3574       1
    3879     3790    3878       1
    3596     3703    3704       1
    3701     3702    3594       1
    4272     4181    4180       1
    4183     4182    4274       1
    4001     4091    4002       1
    3644     3645    3539       1
    3818     3731    3817       1
    3541     3646    3647       1
    2731     2624    2730       1
    2626     2625    2733       1
    2517     2518    2413       1
    3834     3747    3833       1
    3557     3662    3663       1
    3660     3661    3555       1
    1026     1027     950       1
    1190     1107    1189       1
    1109     1108    1192       1
     616      678     679       1
     676      677     614       1
     812      743     811       1
     965     1043     966       1
    1206     1123    1122       1
    1125     1124    1208       1
    2006     2007    1906       1
    2213     2110    2212       1
    1908     2008    2009       1
    2747     2640    2639       1
    2642     2641    2749       1
    2428     2534    2429       1
    2758     2650    2649       1
    2652     2651    2760       1
    2436     2543    2437       1
    2770     2661    2660       1
    2663     2662    2772       1
    2445     2553    2446       1
    2032     2033    1930       1
    2243     2138    2242       1
    1932     2034    2035       1
    2079     2182    2080       1
    2389     2285    2284       1
    2287     2286    2391       1
    2381     2277    2276       1
    2279     2278    2383       1
    2071     2174    2072       1
    3103     3102    3204       1
    2901     3001    2902       1
    3202     3101    3100       1
    1598     1688    1689       1
    1686     1687    1596       1
    1878     1781    1877       1
    1002     1003     926       1
    1166     1083    1165       1
     928     1004    1005       1
    1870     1773    1869       1
    1590     1680    1681       1
    1678     1679    1588       1
    1068      989    1067       1
     842      914     915       1
     912      913     840       1
     850      922     923       1
     920      921     848       1
    1076      997    1075       1
     420      421     372       1
     528      473     527       1
     374      422     423       1
    1488     1402    1401       1
    1404     1403    1490       1
    1232     1317    1233       1
    2169     2168    2273       1
    1960     2063    1961       1
    2271     2167    2166       1
    1240     1325    1241       1
    1496     1410    1409       1
    1412     1411    1498       1
    4950     4900    4899       1
    4902     4901    4952       1
    4787     4846    4788       1
    5198     5197    5216       1
    5147     5174    5148       1
    5214     5196    5195       1
    4795     4854    4796       1
    4958     4908    4907       1
    4910     4909    4960       1
    4780     4840    4781       1
    4946     4895    4894       1
    4897     4896    4948       1
    4938     4887    4886       1
    4889     4888    4940       1
    4772     4832    4773       1
    5193     5192    5212       1
    5140     5168    5141       1
    5210     5191    5190       1
    4925     4873    4872       1
    4875     4874    4927       1
    4756     4817    4757       1
    5187     5186    5207       1
    5132     5161    5133       1
    5205     5185    5184       1
    4764     4825    4765       1
    4933     4881    4880       1
    4883     4882    4935       1
    4749     4811    4750       1
    4921     4868    4867       1
    4870     4869    4923       1
    4913     4860    4859       1
    4862     4861    4915       1
    4741     4803    4742       1
    5182     5181    5203       1
    5125     5155    5126       1
    5201     5180    5179       1
     197      196     232       1
     133      163     134       1
     230      195     194       1
      90      114     115       1
     112      113      88       1
     172      141     171       1
      26       15      25       1
      17       16      28       1
       6        7       2       1
     360      315     359       1
     317      316     362       1
     272      273     234       1
     769      768     838       1
     637      701     638       1
     836      767     766       1
     241      281     242       1
     368      323     322       1
     325      324     370       1
    3607     3501    3500       1
    3503     3502    3609       1
    3291     3396    3292       1
    4261     4260    4354       1
    4075     4167    4076       1
    4352     4259    4258       1
    3299     3404    3300       1
    3615     3509    3508       1
    3511     3510    3617       1
    3709     3710    3602       1
    3887     3798    3886       1
    3604     3711    3712       1
    4627     4530    4626       1
    4341     4435    4436       1
    4433     4434    4339       1
    4349     4443    4444       1
    4441     4442    4347       1
    4635     4538    4634       1
    3672     3673    3566       1
    3848     3760    3847       1
    3568     3674    3675       1
    4580     4484    4579       1
    4297     4390    4391       1
    4388     4389    4295       1
    4305     4398    4399       1
    4396     4397    4303       1
    4588     4492    4587       1
    3668     3669    3563       1
    3842     3755    3841       1
    3565     3670    3671       1
    4566     4471    4565       1
    4286     4378    4379       1
    4376     4377    4284       1
    4294     4386    4387       1
    4384     4385    4292       1
    4574     4479    4573       1
    2509     2510    2405       1
    2723     2616    2722       1
    2407     2511    2512       1
    3519     3415    3518       1
    3212     3313    3314       1
    3311     3312    3210       1
    3220     3321    3322       1
    3319     3320    3218       1
    3527     3423    3526       1
    2094     2196    2095       1
    2401     2298    2297       1
    2300     2299    2403       1
    2393     2290    2289       1
    2292     2291    2395       1
    2086     2188    2087       1
    3108     3107    3208       1
    2908     3007    2909       1
    3206     3106    3105       1
     727      795     728       1
     938      865     864       1
     867      866     940       1
     930      857     856       1
     859      858     932       1
     719      787     720       1
    1515     1514    1602       1
    1341     1427    1342       1
    1600     1513    1512       1
     436      488     489       1
     486      487     434       1
     602      543     601       1
     146      147     118       1
     214      179     213       1
     120      148     149       1
     594      535     593       1
     428      480     481       1
     478      479     426       1
     228      266     267       1
     264      265     226       1
     352      307     351       1
     122       97      96       1
      99       98     124       1
      55       75      56       1
     391      390     440       1
     299      343     300       1
     438      389     388       1
    1018     1019     942       1
    1182     1099    1181       1
     944     1020    1021       1
    1886     1789    1885       1
    1606     1696    1697       1
    1694     1695    1604       1
    1614     1704    1705       1
    1702     1703    1612       1
    1894     1797    1893       1
    1476     1389    1475       1
    1391     1390    1478       1
    1302     1303    1218       1
    2164     2163    2269       1
    1953     2057    1954       1
    2267     2162    2161       1
    1225     1311    1226       1
    1484     1397    1396       1
    1399     1398    1486       1
    1942     1843    1842       1
    1845     1844    1944       1
    1653     1747    1654       1
    2688     2687    2797       1
    2470     2578    2471       1
    2795     2686    2685       1
    2265     2371    2372       1
    2369     2370    2263       1
    2587     2478    2586       1
    3086     2984    3085       1
    2785     2884    2885       1
    2882     2883    2783       1
    2793     2892    2893       1
    2890     2891    2791       1
    3094     2992    3093       1
    2040     2041    1938       1
    2251     2146    2250       1
    1940     2042    2043       1
    1133     1132    1216       1
     973     1051     974       1
    1214     1131    1130       1
     834      906     907       1
     904      905     832       1
    1060      981    1059       1
     626      567     566       1
     569      568     628       1
     457      511     458       1
    3693     3694    3586       1
    3871     3782    3870       1
    3588     3695    3696       1
    4611     4514    4610       1
    4325     4419    4420       1
    4417     4418    4323       1
    4333     4427    4428       1
    4425     4426    4331       1
    4619     4522    4618       1
    3688     3689    3582       1
    3864     3776    3863       1
    3584     3690    3691       1
    4596     4500    4595       1
    4313     4406    4407       1
    4404     4405    4311       1
    4321     4414    4415       1
    4412     4413    4319       1
    4604     4508    4603       1
    3570     3465    3464       1
    3467     3466    3572       1
    3257     3361    3258       1
    4217     4216    4309       1
    4033     4124    4034       1
    4307     4215    4214       1
    3265     3369    3266       1
    3578     3473    3472       1
    3475     3474    3580       1
    3590     3484    3483       1
    3486     3485    3592       1
    3274     3379    3275       1
    4244     4243    4337       1
    4058     4150    4059       1
    4335     4242    4241       1
    3282     3387    3283       1
    3598     3492    3491       1
    3494     3493    3600       1
    3652     3653    3547       1
    3826     3739    3825       1
    3549     3654    3655       1
    4550     4455    4549       1
    4270     4362    4363       1
    4360     4361    4268       1
    4278     4370    4371       1
    4368     4369    4276       1
    4558     4463    4557       1
    3233     3336    3234       1
    3543     3439    3438       1
    3441     3440    3545       1
    3535     3431    3534       1
    3433     3432    3537       1
    3327     3328    3226       1
    4175     4174    4266       1
    3993     4083    3994       1
    4264     4173    4172       1
    2409     2306    2305       1
    2308     2307    2411       1
    2102     2204    2103       1
    3124     3123    3224       1
    2924     3023    2925       1
    3222     3122    3121       1
    2737     2834    2835       1
    2832     2833    2735       1
    3032     2932    3031       1
    3551     3447    3446       1
    3449     3448    3553       1
    3241     3344    3242       1
    4191     4190    4282       1
    4009     4099    4010       1
    4280     4189    4188       1
    3249     3352    3250       1
    3559     3455    3454       1
    3457     3456    3561       1
    1196     1280    1281       1
    1278     1279    1194       1
    1452     1365    1451       1
     946      873     872       1
     875      874     948       1
     735      803     736       1
    1531     1530    1618       1
    1357     1443    1358       1
    1616     1529    1528       1
    1117     1116    1200       1
     957     1035     958       1
    1198     1115    1114       1
     449      503     450       1
     618      559     558       1
     561      560     620       1
     610      551     609       1
     553      552     612       1
     494      495     442       1
    1212     1296    1297       1
    1294     1295    1210       1
    1468     1381    1467       1
     684      685     622       1
     820      751     819       1
     624      686     687       1
    1460     1373    1459       1
    1204     1288    1289       1
    1286     1287    1202       1
    1627     1719    1628       1
    1910     1813    1812       1
    1815     1814    1912       1
    1902     1805    1901       1
    1807     1806    1904       1
    1710     1711    1620       1
    2634     2633    2741       1
    2420     2526    2421       1
    2739     2632    2631       1
    2014     2015    1914       1
    2221     2118    2220       1
    1916     2016    2017       1
    3040     2940    3039       1
    2745     2842    2843       1
    2840     2841    2743       1
    2753     2850    2851       1
    2848     2849    2751       1
    3048     2948    3047       1
    2018     2019    1917       1
    2227     2123    2226       1
    1919     2020    2021       1
    3054     2953    3053       1
    2756     2854    2855       1
    2852     2853    2754       1
    2764     2862    2863       1
    2860     2861    2762       1
    3062     2961    3061       1
    2023     2024    1921       1
    2234     2129    2233       1
    1923     2025    2026       1
    3069     2967    3068       1
    2768     2867    2868       1
    2865     2866    2766       1
    2776     2875    2876       1
    2873     2874    2774       1
    3077     2975    3076       1
    1645     1739    1646       1
    1934     1835    1834       1
    1837     1836    1936       1
    1926     1827    1826       1
    1829     1828    1928       1
    1637     1731    1638       1
    2672     2671    2781       1
    2454     2562    2455       1
    2779     2670    2669       1
    2075     2178    2076       1
    2385     2281    2280       1
    2283     2282    2387       1
    2800     2703    2702       1
    2705     2704    2802       1
    2489     2596    2490       1
    2709     2708    2806       1
    2493     2600    2494       1
    2804     2707    2706       1
    1252     1336    1337       1
    1334     1335    1250       1
    1508     1421    1507       1
    1330     1331    1246       1
    1504     1417    1503       1
    1248     1332    1333       1
    1874     1777    1873       1
    1594     1684    1685       1
    1682     1683    1592       1
    1072      993    1071       1
     846      918     919       1
     916      917     844       1
     588      648     649       1
     646      647     586       1
     778      711     777       1
     642      643     582       1
     774      707     773       1
     584      644     645       1
    1858     1762    1761       1
    1764     1763    1860       1
    1578     1669    1579       1
    1768     1767    1864       1
    1582     1673    1583       1
    1862     1766    1765       1
    1236     1321    1237       1
    1492     1406    1405       1
    1408     1407    1494       1
    5114     5080    5079       1
    5082     5081    5116       1
    4999     5042    5000       1
    5086     5085    5120       1
    5003     5046    5004       1
    5118     5084    5083       1
    4791     4850    4792       1
    4954     4904    4903       1
    4906     4905    4956       1
    4776     4836    4777       1
    4942     4891    4890       1
    4893     4892    4944       1
    5106     5071    5070       1
    5073     5072    5108       1
    4988     5032    4989       1
    5077     5076    5112       1
    4992     5036    4993       1
    5110     5075    5074       1
    5097     5061    5060       1
    5063     5062    5099       1
    4976     5021    4977       1
    5067     5066    5103       1
    4980     5025    4981       1
    5101     5065    5064       1
    4760     4821    4761       1
    4929     4877    4876       1
    4879     4878    4931       1
    4745     4807    4746       1
    4917     4864    4863       1
    4866     4865    4919       1
    5089     5052    5051       1
    5054     5053    5091       1
    4965     5011    4966       1
    5058     5057    5095       1
    4969     5015    4970       1
    5093     5056    5055       1
     168      137     167       1
      86      110     111       1
     108      109      84       1
      20       32      33       1
      30       31      18       1
      66       47      65       1
     104       81      80       1
      83       82     106       1
      43       61      44       1
     574      517     516       1
     519      518     576       1
     411      463     412       1
     523      522     580       1
     415      467     416       1
     578      521     520       1
     237      277     238       1
     364      319     318       1
     321      320     366       1
    3982     3893    3892       1
    3895     3894    3984       1
    3717     3805    3718       1
    3899     3898    3988       1
    3721     3809    3722       1
    3986     3897    3896       1
    3295     3400    3296       1
    3611     3505    3504       1
    3507     3506    3613       1
    4063     4064    3973       1
    4249     4156    4248       1
    3975     4065    4066       1
    4631     4534    4630       1
    4345     4439    4440       1
    4437     4438    4343       1
    3979     4069    4070       1
    4067     4068    3977       1
    4253     4160    4252       1
    4022     4023    3933       1
    4206     4114    4205       1
    3935     4024    4025       1
    4584     4488    4583       1
    4301     4394    4395       1
    4392     4393    4299       1
    3939     4028    4029       1
    4026     4027    3937       1
    4210     4118    4209       1
    4014     4015    3926       1
    4196     4105    4195       1
    3928     4016    4017       1
    4570     4475    4569       1
    4290     4382    4383       1
    4380     4381    4288       1
    3932     4020    4021       1
    4018     4019    3930       1
    4200     4109    4199       1
    2913     2914    2816       1
    3113     3013    3112       1
    2818     2915    2916       1
    3523     3419    3522       1
    3216     3317    3318       1
    3315     3316    3214       1
    2822     2919    2920       1
    2917     2918    2820       1
    3117     3017    3116       1
    2090     2192    2091       1
    2397     2294    2293       1
    2296     2295    2399       1
    2808     2712    2711       1
    2714     2713    2810       1
    2500     2606    2501       1
    2718     2717    2814       1
    2504     2610    2505       1
    2812     2716    2715       1
     723      791     724       1
     934      861     860       1
     863      862     936       1
    1254     1171    1170       1
    1173     1172    1256       1
    1009     1089    1010       1
    1177     1176    1260       1
    1013     1093    1014       1
    1258     1175    1174       1
     254      294     295       1
     292      293     252       1
     384      337     383       1
     288      289     248       1
     380      333     379       1
     250      290     291       1
     598      539     597       1
     432      484     485       1
     482      483     430       1
     102      128     129       1
     126      127     100       1
     190      157     189       1
     256      219     218       1
     221      220     258       1
     153      185     154       1
     348      303     347       1
     224      262     263       1
     260      261     222       1
    1346     1347    1262       1
    1520     1433    1519       1
    1264     1348    1349       1
    1890     1793    1889       1
    1610     1700    1701       1
    1698     1699    1608       1
    1268     1352    1353       1
    1350     1351    1266       1
    1524     1437    1523       1
    1850     1753    1752       1
    1755     1754    1852       1
    1567     1659    1568       1
    1759     1758    1856       1
    1571     1663    1572       1
    1854     1757    1756       1
    1221     1307    1222       1
    1480     1393    1392       1
    1395     1394    1482       1
    2361     2256    2255       1
    2258     2257    2363       1
    2047     2152    2048       1
    2583     2474    2582       1
    2261     2367    2368       1
    2365     2366    2259       1
    1848     1948    1949       1
    1946     1947    1846       1
    2157     2051    2156       1
    3090     2988    3089       1
    2789     2888    2889       1
    2886     2887    2787       1
    2359     2465    2466       1
    2463     2464    2357       1
    2681     2572    2680       1
    2459     2460    2353       1
    2677     2568    2676       1
    2355     2461    2462       1
    1056      977    1055       1
     830      902     903       1
     900      901     828       1
     572      632     633       1
     630      631     570       1
     762      695     761       1
     896      825     824       1
     827      826     898       1
     691      757     692       1
    4047     4048    3957       1
    4233     4140    4232       1
    3959     4049    4050       1
    4615     4518    4614       1
    4329     4423    4424       1
    4421     4422    4327       1
    3963     4053    4054       1
    4051     4052    3961       1
    4237     4144    4236       1
    4038     4039    3949       1
    4222     4130    4221       1
    3951     4040    4041       1
    4600     4504    4599       1
    4317     4410    4411       1
    4408     4409    4315       1
    3955     4044    4045       1
    4042     4043    3953       1
    4226     4134    4225       1
    3941     3853    3852       1
    3855     3854    3943       1
    3679     3766    3680       1
    3859     3858    3947       1
    3683     3770    3684       1
    3945     3857    3856       1
    3261     3365    3262       1
    3574     3469    3468       1
    3471     3470    3576       1
    3965     3876    3875       1
    3878     3877    3967       1
    3700     3788    3701       1
    3882     3881    3971       1
    3704     3792    3705       1
    3969     3880    3879       1
    3278     3383    3279       1
    3594     3488    3487       1
    3490     3489    3596       1
    3998     3999    3910       1
    4180     4089    4179       1
    3912     4000    4001       1
    4554     4459    4553       1
    4274     4366    4367       1
    4364     4365    4272       1
    3916     4004    4005       1
    4002     4003    3914       1
    4184     4093    4183       1
    3229     3332    3230       1
    3539     3435    3434       1
    3437     3436    3541       1
    3902     3815    3814       1
    3817     3816    3904       1
    3643     3729    3644       1
    3821     3820    3908       1
    3647     3733    3648       1
    3906     3819    3818       1
    2824     2728    2727       1
    2730     2729    2826       1
    2516     2622    2517       1
    3028     2928    3027       1
    2733     2830    2831       1
    2828     2829    2731       1
    2311     2415    2416       1
    2413     2414    2309       1
    2627     2520    2626       1
    3918     3831    3830       1
    3833     3832    3920       1
    3659     3745    3660       1
    3837     3836    3924       1
    3663     3749    3664       1
    3922     3835    3834       1
    3245     3348    3246       1
    3555     3451    3450       1
    3453     3452    3557       1
     878      952     953       1
     950      951     876       1
    1110     1029    1109       1
    1270     1187    1186       1
    1189     1188    1272       1
    1025     1105    1026       1
    1448     1361    1447       1
    1192     1276    1277       1
    1274     1275    1190       1
     815      814     886       1
     679      745     680       1
     884      813     812       1
     445      499     446       1
     614      555     554       1
     557      556     616       1
     880      809     808       1
     811      810     882       1
     675      741     676       1
     894      968     969       1
     966      967     892       1
    1126     1045    1125       1
     962      963     888       1
    1122     1041    1121       1
     890      964     965       1
    1464     1377    1463       1
    1208     1292    1293       1
    1290     1291    1206       1
    1623     1715    1624       1
    1906     1809    1808       1
    1811     1810    1908       1
    2313     2210    2209       1
    2212     2211    2315       1
    2005     2108    2006       1
    2216     2215    2319       1
    2009     2112    2010       1
    2317     2214    2213       1
    2425     2426    2321       1
    2639     2532    2638       1
    2323     2427    2428       1
    3044     2944    3043       1
    2749     2846    2847       1
    2844     2845    2747       1
    2327     2431    2432       1
    2429     2430    2325       1
    2643     2536    2642       1
    2433     2434    2328       1
    2649     2541    2648       1
    2330     2435    2436       1
    3058     2957    3057       1
    2760     2858    2859       1
    2856     2857    2758       1
    2334     2439    2440       1
    2437     2438    2332       1
    2653     2545    2652       1
    2442     2443    2336       1
    2660     2551    2659       1
    2338     2444    2445       1
    3073     2971    3072       1
    2772     2871    2872       1
    2869     2870    2770       1
    2342     2448    2449       1
    2446     2447    2340       1
    2664     2555    2663       1
    1641     1735    1642       1
    1930     1831    1830       1
    1833     1832    1932       1
    2345     2240    2239       1
    2242     2241    2347       1
    2031     2136    2032       1
    2246     2245    2351       1
    2035     2140    2036       1
    2349     2244    2243       1
    1980     2082    2083       1
    2080     2081    1978       1
    2288     2184    2287       1
    2076     2077    1974       1
    2284     2180    2283       1
    1976     2078    2079       1
    2710     2602    2709       1
    2391     2496    2497       1
    2494     2495    2389       1
    2068     2069    1966       1
    2276     2172    2275       1
    1968     2070    2071       1
    2702     2594    2701       1
    2383     2488    2489       1
    2486     2487    2381       1
    1972     2074    2075       1
    2072     2073    1970       1
    2280     2176    2279       1
    3514     3409    3513       1
    3204     3306    3307       1
    3304     3305    3202       1
    2806     2904    2905       1
    2902     2903    2804       1
    3104     3003    3103       1
    2898     2899    2800       1
    3100     2999    3099       1
    2802     2900    2901       1
    1881     1880    1980       1
    1689     1783    1690       1
    1978     1879    1878       1
    1337     1423    1338       1
    1596     1509    1508       1
    1511     1510    1598       1
    1974     1875    1874       1
    1877     1876    1976       1
    1685     1779    1686       1
     781      783     716       1
     926      853     924       1
     855      854     928       1
    1246     1163    1245       1
    1165     1164    1248       1
    1079     1081    1002       1
    1169     1168    1252       1
    1005     1085    1006       1
    1250     1167    1166       1
    1966     1867    1965       1
    1869     1868    1968       1
    1770     1771    1678       1
    1873     1872    1972       1
    1681     1775    1682       1
    1970     1871    1870       1
    1414     1415    1330       1
    1588     1501    1587       1
    1503     1502    1590       1
    1146     1065    1064       1
    1067     1066    1148       1
     911      987     912       1
    1071     1070    1152       1
     915      991     916       1
    1150     1069    1068       1
     641      705     642       1
     840      771     770       1
     773      772     842       1
    1080     1078    1160       1
     923      999     925       1
    1158     1077    1076       1
     649      713     651       1
     848      779     778       1
     782      780     850       1
    1154     1073    1072       1
    1075     1074    1156       1
     919      995     920       1
     245      285     247       1
     372      327     326       1
     330      328     374       1
     582      525     524       1
     527      526     584       1
     419      471     420       1
     532      530     588       1
     423      475     425       1
     586      529     528       1
    1229     1230    1146       1
    1401     1315    1400       1
    1148     1231    1232       1
    1761     1667    1760       1
    1490     1577    1578       1
    1575     1576    1488       1
    1152     1235    1236       1
    1233     1234    1150       1
    1405     1319    1404       1
    2592     2484    2591       1
    2273     2378    2379       1
    2376     2377    2271       1
    1864     1963    1964       1
    1961     1962    1862       1
    2170     2065    2169       1
    1957     1958    1858       1
    2166     2061    2165       1
    1860     1959    1960       1
    1160     1243    1244       1
    1241     1242    1158       1
    1413     1327    1412       1
    1237     1238    1154       1
    1409     1323    1408       1
    1156     1239    1240       1
    1769     1675    1768       1
    1498     1585    1586       1
    1583     1584    1496       1
    4784     4785    4721       1
    4899     4844    4898       1
    4723     4786    4787       1
    5079     5040    5078       1
    4952     4998    4999       1
    4996     4997    4950       1
    4727     4790    4791       1
    4788     4789    4725       1
    4903     4848    4902       1
    5247     5240    5246       1
    5216     5230    5231       1
    5228     5229    5214       1
    5120     5150    5151       1
    5148     5149    5118       1
    5199     5176    5198       1
    5144     5145    5114       1
    5195     5172    5194       1
    5116     5146    5147       1
    4735     4798    4799       1
    4796     4797    4733       1
    4911     4856    4910       1
    4792     4793    4729       1
    4907     4852    4906       1
    4731     4794    4795       1
    5087     5048    5086       1
    4960     5006    5007       1
    5004     5005    4958       1
    4719     4783    4784       1
    4781     4782    4717       1
    4898     4842    4897       1
    4777     4778    4713       1
    4894     4838    4893       1
    4715     4779    4780       1
    5078     5038    5077       1
    4948     4995    4996       1
    4993     4994    4946       1
    4769     4770    4705       1
    4886     4830    4885       1
    4707     4771    4772       1
    5070     5030    5069       1
    4940     4987    4988       1
    4985     4986    4938       1
    4711     4775    4776       1
    4773     4774    4709       1
    4890     4834    4889       1
    5246     5238    5245       1
    5212     5227    5228       1
    5225     5226    5210       1
    5112     5143    5144       1
    5141     5142    5110       1
    5194     5170    5193       1
    5137     5138    5106       1
    5190     5166    5189       1
    5108     5139    5140       1
    4753     4754    4658       1
    4872     4815    4871       1
    4660     4755    4756       1
    5060     5019    5059       1
    4927     4975    4976       1
    4973     4974    4925       1
    4664     4759    4760       1
    4757     4758    4662       1
    4876     4819    4875       1
    5244     5235    5243       1
    5207     5223    5224       1
    5221     5222    5205       1
    5103     5135    5136       1
    5133     5134    5101       1
    5188     5163    5187       1
    5129     5130    5097       1
    5184     5159    5183       1
    5099     5131    5132       1
    4672     4767    4768       1
    4765     4766    4670       1
    4884     4827    4883       1
    4761     4762    4666       1
    4880     4823    4879       1
    4668     4763    4764       1
    5068     5027    5067       1
    4935     4983    4984       1
    4981     4982    4933       1
    4656     4752    4753       1
    4750     4751    4654       1
    4871     4813    4870       1
    4746     4747    4650       1
    4867     4809    4866       1
    4652     4748    4749       1
    5059     5017    5058       1
    4923     4972    4973       1
    4970     4971    4921       1
    4738     4739    4642       1
    4859     4801    4858       1
    4644     4740    4741       1
    5051     5009    5050       1
    4915     4964    4965       1
    4962     4963    4913       1
    4648     4744    4745       1
    4742     4743    4646       1
    4863     4805    4862       1
    5243     5233    5242       1
    5203     5220    5221       1
    5218     5219    5201       1
    5095     5128    5129       1
    5126     5127    5093       1
    5183     5157    5182       1
    5122     5123    5089       1
    5179     5153    5178       1
    5091     5124    5125       1
     356      311     355       1
     232      270     271       1
     268      269     230       1
     167      166     200       1
     134      135     108       1
     198      165     197       1
     130      131     104       1
     194      161     193       1
     106      132     133       1
     176      174     208       1
     115      143     117       1
     206      173     172       1
      33       49      35       1
      88       67      66       1
      70       68      90       1
     202      169     168       1
     171      170     204       1
     111      139     112       1
      36       23      34       1
      25       24      38       1
      11       13       6       1
      80       59      79       1
      28       42      43       1
      40       41      26       1
      12       10      20       1
       2        3       1       1
      18        9      17       1
     404      357     356       1
     359      358     406       1
     271      313     272       1
     516      461     515       1
     362      410     411       1
     408      409     360       1
     200      236     237       1
     234      235     198       1
     318      275     317       1
    1064      985    1063       1
     838      910     911       1
     908      909     836       1
     580      640     641       1
     638      639     578       1
     770      703     769       1
     634      635     574       1
     766      699     765       1
     576      636     637       1
     208      244     245       1
     242      243     206       1
     326      283     325       1
     238      239     202       1
     322      279     321       1
     204      240     241       1
     524      469     523       1
     370      418     419       1
     416      417     368       1
    3288     3289    3185       1
    3500     3394    3499       1
    3187     3290    3291       1
    3892     3803    3891       1
    3609     3716    3717       1
    3714     3715    3607       1
    3191     3294    3295       1
    3292     3293    3189       1
    3504     3398    3503       1
    4640     4543    4639       1
    4354     4448    4449       1
    4446     4447    4352       1
    3988     4078    4079       1
    4076     4077    3986       1
    4262     4169    4261       1
    4072     4073    3982       1
    4258     4165    4257       1
    3984     4074    4075       1
    3199     3302    3303       1
    3300     3301    3197       1
    3512     3406    3511       1
    3296     3297    3193       1
    3508     3402    3507       1
    3195     3298    3299       1
    3900     3811    3899       1
    3617     3724    3725       1
    3722     3723    3615       1
    3286     3391    3288       1
    3602     3496    3495       1
    3499     3497    3604       1
    3973     3884    3883       1
    3886     3885    3975       1
    3708     3796    3709       1
    3891     3889    3979       1
    3712     3800    3714       1
    3977     3888    3887       1
    4721     4624    4623       1
    4626     4625    4723       1
    4432     4528    4433       1
    4630     4629    4727       1
    4436     4532    4437       1
    4725     4628    4627       1
    4062     4154    4063       1
    4339     4246    4245       1
    4248     4247    4341       1
    4639     4637    4735       1
    4444     4540    4446       1
    4733     4636    4635       1
    4070     4162    4072       1
    4347     4254    4253       1
    4257     4255    4349       1
    4729     4632    4631       1
    4634     4633    4731       1
    4440     4536    4441       1
    3270     3357    3254       1
    3566     3461    3479       1
    3463     3462    3568       1
    3933     3845    3867       1
    3847     3846    3935       1
    3692     3758    3672       1
    3851     3850    3939       1
    3675     3762    3676       1
    3937     3849    3848       1
    4673     4577    4607       1
    4579     4578    4675       1
    4416     4482    4388       1
    4583     4582    4679       1
    4391     4486    4392       1
    4677     4581    4580       1
    4046     4112    4022       1
    4295     4203    4229       1
    4205     4204    4297       1
    4591     4590    4687       1
    4399     4494    4400       1
    4685     4589    4588       1
    4029     4120    4030       1
    4303     4211    4210       1
    4213     4212    4305       1
    4681     4585    4584       1
    4587     4586    4683       1
    4395     4490    4396       1
    3253     3356    3270       1
    3563     3459    3458       1
    3479     3460    3565       1
    3926     3839    3838       1
    3841     3840    3928       1
    3667     3753    3668       1
    3867     3844    3932       1
    3671     3757    3692       1
    3930     3843    3842       1
    4658     4563    4562       1
    4565     4564    4660       1
    4375     4469    4376       1
    4569     4568    4664       1
    4379     4473    4380       1
    4662     4567    4566       1
    4013     4103    4014       1
    4284     4193    4192       1
    4195     4194    4286       1
    4607     4576    4672       1
    4387     4481    4416       1
    4670     4575    4574       1
    4021     4111    4046       1
    4292     4201    4200       1
    4229     4202    4294       1
    4666     4571    4570       1
    4573     4572    4668       1
    4383     4477    4384       1
    2098     2200    2099       1
    2405     2302    2301       1
    2304     2303    2407       1
    2816     2720    2719       1
    2722     2721    2818       1
    2508     2614    2509       1
    2726     2725    2822       1
    2512     2618    2513       1
    2820     2724    2723       1
    3620     3516    3515       1
    3518     3517    3622       1
    3310     3413    3311       1
    3522     3521    3626       1
    3314     3417    3315       1
    3624     3520    3519       1
    2912     3011    2913       1
    3210     3110    3109       1
    3112     3111    3212       1
    3530     3529    3634       1
    3322     3425    3323       1
    3632     3528    3527       1
    2920     3019    2921       1
    3218     3118    3117       1
    3120     3119    3220       1
    3628     3524    3523       1
    3526     3525    3630       1
    3318     3421    3319       1
    1996     2097    2098       1
    2095     2096    1994       1
    2301     2198    2300       1
    2091     2092    1990       1
    2297     2194    2296       1
    1992     2093    2094       1
    2719     2612    2718       1
    2403     2507    2508       1
    2505     2506    2401       1
    2083     2084    1982       1
    2289     2186    2288       1
    1984     2085    2086       1
    2711     2604    2710       1
    2395     2499    2500       1
    2497     2498    2393       1
    1988     2089    2090       1
    2087     2088    1986       1
    2293     2190    2292       1
    3515     3411    3514       1
    3208     3309    3310       1
    3307     3308    3206       1
    2814     2911    2912       1
    2909     2910    2812       1
    3109     3009    3108       1
    2905     2906    2808       1
    3105     3005    3104       1
    2810     2907    2908       1
     666      730     731       1
     728      729     664       1
     868      797     867       1
     724      725     660       1
     864      793     863       1
     662      726     727       1
    1178     1095    1177       1
     940     1016    1017       1
    1014     1015     938       1
     716      717     652       1
     856      785     855       1
     654      718     719       1
    1170     1087    1169       1
     932     1008    1009       1
    1006     1007     930       1
     658      722     723       1
     720      721     656       1
     860      789     859       1
    1882     1785    1881       1
    1602     1692    1693       1
    1690     1691    1600       1
    1260     1344    1345       1
    1342     1343    1258       1
    1516     1429    1515       1
    1338     1339    1254       1
    1512     1425    1511       1
    1256     1340    1341       1
     605      604     666       1
     489      545     490       1
     664      603     602       1
     295      339     296       1
     434      385     384       1
     387      386     436       1
     660      599     598       1
     601      600     662       1
     485      541     486       1
      69       71      52       1
     118       93     116       1
      95       94     120       1
     248      211     246       1
     213      212     250       1
     175      177     146       1
     217      216     254       1
     149      181     150       1
     252      215     214       1
     652      591     650       1
     593      592     654       1
     531      533     478       1
     597      596     658       1
     481      537     482       1
     656      595     594       1
     329      331     288       1
     426      377     424       1
     379      378     428       1
     355      354     402       1
     267      309     268       1
     400      353     352       1
     129      159     130       1
     226      191     190       1
     193      192     228       1
     396      349     348       1
     351      350     398       1
     263      305     264       1
      52       53      36       1
      96       73      95       1
      38       54      55       1
     218      183     217       1
     124      152     153       1
     150      151     122       1
      79       78     102       1
      56       57      40       1
     100       77      99       1
     606      547     605       1
     440      492     493       1
     490      491     438       1
     347      346     394       1
     300      301     260       1
     392      345     391       1
     296      297     256       1
     388      341     387       1
     258      298     299       1
     731      799     732       1
     942      869     868       1
     871      870     944       1
    1262     1179    1178       1
    1181     1180    1264       1
    1017     1097    1018       1
    1185     1184    1268       1
    1021     1101    1022       1
    1266     1183    1182       1
    1982     1883    1882       1
    1885     1884    1984       1
    1693     1787    1694       1
    1889     1888    1988       1
    1697     1791    1698       1
    1986     1887    1886       1
    1345     1431    1346       1
    1604     1517    1516       1
    1519     1518    1606       1
    1897     1896    1996       1
    1705     1799    1706       1
    1994     1895    1894       1
    1353     1439    1354       1
    1612     1525    1524       1
    1527     1526    1614       1
    1990     1891    1890       1
    1893     1892    1992       1
    1701     1795    1702       1
    1560     1473    1472       1
    1475     1474    1562       1
    1301     1387    1302       1
    1752     1657    1751       1
    1478     1566    1567       1
    1564     1565    1476       1
    1136     1220    1221       1
    1218     1219    1134       1
    1392     1305    1391       1
    2591     2482    2590       1
    2269     2375    2376       1
    2373     2374    2267       1
    1856     1956    1957       1
    1954     1955    1854       1
    2165     2059    2164       1
    1950     1951    1850       1
    2161     2055    2160       1
    1852     1952    1953       1
    1144     1228    1229       1
    1226     1227    1142       1
    1400     1313    1399       1
    1222     1223    1138       1
    1396     1309    1395       1
    1140     1224    1225       1
    1760     1665    1759       1
    1486     1574    1575       1
    1572     1573    1484       1
    1650     1651    1560       1
    1842     1745    1841       1
    1562     1652    1653       1
    2255     2150    2254       1
    1944     2046    2047       1
    2044     2045    1942       1
    1751     1750    1848       1
    1654     1655    1564       1
    1846     1749    1845       1
    3098     2996    3097       1
    2797     2896    2897       1
    2894     2895    2795       1
    2582     2581    2691       1
    2471     2472    2365       1
    2689     2580    2688       1
    2467     2468    2361       1
    2685     2576    2684       1
    2363     2469    2470       1
    2590     2589    2699       1
    2372     2480    2373       1
    2697     2588    2587       1
    1949     2053    1950       1
    2263     2158    2157       1
    2160     2159    2265       1
    2693     2584    2583       1
    2586     2585    2695       1
    2368     2476    2369       1
    3185     3083    3082       1
    3085     3084    3187       1
    2881     2982    2882       1
    3089     3088    3191       1
    2885     2986    2886       1
    3189     3087    3086       1
    2458     2566    2459       1
    2783     2674    2673       1
    2676     2675    2785       1
    3097     3096    3199       1
    2893     2994    2894       1
    3197     3095    3094       1
    2466     2574    2467       1
    2791     2682    2681       1
    2684     2683    2793       1
    3193     3091    3090       1
    3093     3092    3195       1
    2889     2990    2890       1
    1649     1743    1650       1
    1938     1839    1838       1
    1841     1840    1940       1
    2353     2248    2247       1
    2250     2249    2355       1
    2039     2144    2040       1
    2254     2253    2359       1
    2043     2148    2044       1
    2357     2252    2251       1
    1472     1385    1471       1
    1216     1300    1301       1
    1298     1299    1214       1
    1055     1054    1136       1
     974      975     900       1
    1134     1053    1133       1
     970      971     896       1
    1130     1049    1129       1
     898      972     973       1
    1063     1062    1144       1
     907      983     908       1
    1142     1061    1060       1
     633      697     634       1
     832      763     762       1
     765      764     834       1
    1138     1057    1056       1
    1059     1058    1140       1
     903      979     904       1
     454      455     404       1
     566      509     565       1
     406      456     457       1
     824      755     823       1
     628      690     691       1
     688      689     626       1
     515      514     572       1
     458      459     408       1
     570      513     569       1
    3287     3375    3271       1
    3586     3480    3498       1
    3482     3481    3588       1
    3957     3868    3890       1
    3870     3869    3959       1
    3713     3780    3693       1
    3874     3873    3963       1
    3696     3784    3697       1
    3961     3872    3871       1
    4705     4608    4638       1
    4610     4609    4707       1
    4445     4512    4417       1
    4614     4613    4711       1
    4420     4516    4421       1
    4709     4612    4611       1
    4071     4138    4047       1
    4323     4230    4256       1
    4232     4231    4325       1
    4622     4621    4719       1
    4428     4524    4429       1
    4717     4620    4619       1
    4054     4146    4055       1
    4331     4238    4237       1
    4240     4239    4333       1
    4713     4616    4615       1
    4618     4617    4715       1
    4424     4520    4425       1
    3269     3373    3287       1
    3582     3477    3476       1
    3498     3478    3584       1
    3949     3861    3860       1
    3863     3862    3951       1
    3687     3774    3688       1
    3890     3866    3955       1
    3691     3778    3713       1
    3953     3865    3864       1
    4689     4593    4592       1
    4595     4594    4691       1
    4403     4498    4404       1
    4599     4598    4695       1
    4407     4502    4408       1
    4693     4597    4596       1
    4037     4128    4038       1
    4311     4219    4218       1
    4221     4220    4313       1
    4638     4606    4703       1
    4415     4510    4445       1
    4701     4605    4604       1
    4045     4136    4071       1
    4319     4227    4226       1
    4256     4228    4321       1
    4697     4601    4600       1
    4603     4602    4699       1
    4411     4506    4412       1
    3254     3255    3152       1
    3464     3359    3463       1
    3154     3256    3257       1
    3852     3764    3851       1
    3572     3678    3679       1
    3676     3677    3570       1
    3158     3260    3261       1
    3258     3259    3156       1
    3468     3363    3467       1
    4592     4496    4591       1
    4309     4402    4403       1
    4400     4401    4307       1
    3947     4036    4037       1
    4034     4035    3945       1
    4218     4126    4217       1
    4030     4031    3941       1
    4214     4122    4213       1
    3943     4032    4033       1
    3166     3268    3269       1
    3266     3267    3164       1
    3476     3371    3475       1
    3262     3263    3160       1
    3472     3367    3471       1
    3162     3264    3265       1
    3860     3772    3859       1
    3580     3686    3687       1
    3684     3685    3578       1
    3271     3272    3168       1
    3483     3377    3482       1
    3170     3273    3274       1
    3875     3786    3874       1
    3592     3699    3700       1
    3697     3698    3590       1
    3174     3277    3278       1
    3275     3276    3172       1
    3487     3381    3486       1
    4623     4526    4622       1
    4337     4431    4432       1
    4429     4430    4335       1
    3971     4061    4062       1
    4059     4060    3969       1
    4245     4152    4244       1
    4055     4056    3965       1
    4241     4148    4240       1
    3967     4057    4058       1
    3182     3285    3286       1
    3283     3284    3180       1
    3495     3389    3494       1
    3279     3280    3176       1
    3491     3385    3490       1
    3178     3281    3282       1
    3883     3794    3882       1
    3600     3707    3708       1
    3705     3706    3598       1
    3237     3340    3238       1
    3547     3443    3442       1
    3445     3444    3549       1
    3910     3823    3822       1
    3825     3824    3912       1
    3651     3737    3652       1
    3829     3828    3916       1
    3655     3741    3656       1
    3914     3827    3826       1
    4642     4547    4546       1
    4549     4548    4644       1
    4359     4453    4360       1
    4553     4552    4648       1
    4363     4457    4364       1
    4646     4551    4550       1
    3997     4087    3998       1
    4268     4177    4176       1
    4179     4178    4270       1
    4561     4560    4656       1
    4371     4465    4372       1
    4654     4559    4558       1
    4005     4095    4006       1
    4276     4185    4184       1
    4187     4186    4278       1
    4650     4555    4554       1
    4557     4556    4652       1
    4367     4461    4368       1
    3135     3236    3237       1
    3234     3235    3133       1
    3442     3338    3441       1
    3230     3231    3129       1
    3438     3334    3437       1
    3131     3232    3233       1
    3822     3735    3821       1
    3545     3650    3651       1
    3648     3649    3543       1
    3636     3532    3531       1
    3534     3533    3638       1
    3326     3429    3327       1
    3814     3727    3813       1
    3537     3642    3643       1
    3640     3641    3535       1
    3127     3228    3229       1
    3226     3227    3125       1
    3434     3330    3433       1
    4546     4451    4545       1
    4266     4358    4359       1
    4356     4357    4264       1
    3908     3996    3997       1
    3994     3995    3906       1
    4176     4085    4175       1
    3990     3991    3902       1
    4172     4081    4171       1
    3904     3992    3993       1
    2099     2100    1998       1
    2305     2202    2304       1
    2000     2101    2102       1
    2727     2620    2726       1
    2411     2515    2516       1
    2513     2514    2409       1
    2208     2207    2311       1
    2103     2104    2002       1
    2309     2206    2308       1
    3531     3427    3530       1
    3224     3325    3326       1
    3323     3324    3222       1
    3027     3026    3127       1
    2925     2926    2828       1
    3125     3025    3124       1
    2921     2922    2824       1
    3121     3021    3120       1
    2826     2923    2924       1
    3035     3034    3135       1
    2835     2934    2836       1
    3133     3033    3032       1
    2416     2522    2417       1
    2735     2628    2627       1
    2630     2629    2737       1
    3129     3029    3028       1
    3031     3030    3131       1
    2831     2930    2832       1
    3238     3239    3137       1
    3446     3342    3445       1
    3139     3240    3241       1
    3830     3743    3829       1
    3553     3658    3659       1
    3656     3657    3551       1
    3143     3244    3245       1
    3242     3243    3141       1
    3450     3346    3449       1
    4562     4467    4561       1
    4282     4374    4375       1
    4372     4373    4280       1
    3924     4012    4013       1
    4010     4011    3922       1
    4192     4101    4191       1
    4006     4007    3918       1
    4188     4097    4187       1
    3920     4008    4009       1
    3151     3252    3253       1
    3250     3251    3149       1
    3458     3354    3457       1
    3246     3247    3145       1
    3454     3350    3453       1
    3147     3248    3249       1
    3838     3751    3837       1
    3561     3666    3667       1
    3664     3665    3559       1
    1455     1454    1542       1
    1281     1367    1282       1
    1540     1453    1452       1
     953     1031     954       1
    1194     1111    1110       1
    1113     1112    1196       1
    1536     1449    1448       1
    1451     1450    1538       1
    1277     1363    1278       1
     732      733     668       1
     872      801     871       1
     670      734     735       1
    1186     1103    1185       1
     948     1024    1025       1
    1022     1023     946       1
     807      806     878       1
     736      737     672       1
     876      805     875       1
    1898     1801    1897       1
    1618     1708    1709       1
    1706     1707    1616       1
    1447     1446    1534       1
    1358     1359    1274       1
    1532     1445    1531       1
    1354     1355    1270       1
    1528     1441    1527       1
    1272     1356    1357       1
    1456     1369    1455       1
    1200     1284    1285       1
    1282     1283    1198       1
     886      960     961       1
     958      959     884       1
    1118     1037    1117       1
     954      955     880       1
    1114     1033    1113       1
     882      956     957       1
     402      452     453       1
     450      451     400       1
     562      505     561       1
     446      447     396       1
     558      501     557       1
     398      448     449       1
     816      747     815       1
     620      682     683       1
     680      681     618       1
     668      607     606       1
     609      608     670       1
     493      549     494       1
     808      739     807       1
     612      674     675       1
     672      673     610       1
     394      444     445       1
     442      443     392       1
     554      497     553       1
    1471     1470    1558       1
    1297     1383    1298       1
    1556     1469    1468       1
     969     1047     970       1
    1210     1127    1126       1
    1129     1128    1212       1
    1552     1465    1464       1
    1467     1466    1554       1
    1293     1379    1294       1
     453      507     454       1
     622      563     562       1
     565      564     624       1
     888      817     816       1
     819      818     890       1
     683      749     684       1
     823      822     894       1
     687      753     688       1
     892      821     820       1
    1544     1457    1456       1
    1459     1458    1546       1
    1285     1371    1286       1
    1463     1462    1550       1
    1289     1375    1290       1
    1548     1461    1460       1
     961     1039     962       1
    1202     1119    1118       1
    1121     1120    1204       1
    1542     1630    1631       1
    1628     1629    1540       1
    1816     1721    1815       1
    1624     1625    1536       1
    1812     1717    1811       1
    1538     1626    1627       1
    2217     2114    2216       1
    1912     2012    2013       1
    2010     2011    1910       1
    1998     1899    1898       1
    1901     1900    2000       1
    1709     1803    1710       1
    2209     2106    2208       1
    1904     2004    2005       1
    2002     2003    1902       1
    1534     1622    1623       1
    1620     1621    1532       1
    1808     1713    1807       1
    3036     2936    3035       1
    2741     2838    2839       1
    2836     2837    2739       1
    2319     2423    2424       1
    2421     2422    2317       1
    2635     2528    2634       1
    2417     2418    2313       1
    2631     2524    2630       1
    2315     2419    2420       1
    1631     1723    1632       1
    1914     1817    1816       1
    1821     1818    1916       1
    2321     2218    2217       1
    2220     2219    2323       1
    2013     2116    2014       1
    2230     2223    2327       1
    2017     2120    2022       1
    2325     2222    2221       1
    3137     3037    3036       1
    3039     3038    3139       1
    2839     2938    2840       1
    3043     3042    3143       1
    2843     2942    2844       1
    3141     3041    3040       1
    2424     2530    2425       1
    2743     2636    2635       1
    2638     2637    2745       1
    3065     3050    3151       1
    2851     2950    2864       1
    3149     3049    3048       1
    2432     2538    2441       1
    2751     2644    2643       1
    2656     2645    2753       1
    3145     3045    3044       1
    3047     3046    3147       1
    2847     2946    2848       1
    1632     1724    1633       1
    1917     1819    1821       1
    1824     1820    1919       1
    2328     2224    2230       1
    2226     2225    2330       1
    2022     2121    2018       1
    2237     2229    2334       1
    2021     2125    2027       1
    2332     2228    2227       1
    3152     3051    3065       1
    3053     3052    3154       1
    2864     2951    2852       1
    3057     3056    3158       1
    2855     2955    2856       1
    3156     3055    3054       1
    2441     2539    2433       1
    2754     2646    2656       1
    2648     2647    2756       1
    3080     3064    3166       1
    2863     2963    2877       1
    3164     3063    3062       1
    2440     2547    2450       1
    2762     2654    2653       1
    2667     2655    2764       1
    3160     3059    3058       1
    3061     3060    3162       1
    2859     2959    2860       1
    1633     1726    1634       1
    1921     1822    1824       1
    1825     1823    1923       1
    2336     2231    2237       1
    2233     2232    2338       1
    2027     2127    2023       1
    2238     2236    2342       1
    2026     2131    2028       1
    2340     2235    2234       1
    3168     3066    3080       1
    3068     3067    3170       1
    2877     2965    2865       1
    3072     3071    3174       1
    2868     2969    2869       1
    3172     3070    3069       1
    2450     2549    2442       1
    2766     2657    2667       1
    2659     2658    2768       1
    3081     3079    3182       1
    2876     2977    2878       1
    3180     3078    3077       1
    2449     2557    2451       1
    2774     2665    2664       1
    2668     2666    2776       1
    3176     3074    3073       1
    3076     3075    3178       1
    2872     2973    2873       1
    1558     1648    1649       1
    1646     1647    1556       1
    1838     1741    1837       1
    1642     1643    1552       1
    1834     1737    1833       1
    1554     1644    1645       1
    2247     2142    2246       1
    1936     2038    2039       1
    2036     2037    1934       1
    1634     1635    1544       1
    1826     1729    1825       1
    1546     1636    1637       1
    2239     2134    2238       1
    1928     2030    2031       1
    2028     2029    1926       1
    1550     1640    1641       1
    1638     1639    1548       1
    1830     1733    1829       1
    3082     2980    3081       1
    2781     2880    2881       1
    2878     2879    2779       1
    2351     2457    2458       1
    2455     2456    2349       1
    2673     2564    2672       1
    2451     2452    2345       1
    2669     2560    2668       1
    2347     2453    2454       1
    2597     2598    2491       1
    2599     2492    2598       1
    2386     2491    2492       1
    1418     1505    1419       1
    1593     1506    1505       1
    1420     1419    1506       1
     710      709     776       1
     708      775     709       1
     845      776     775       1
    1672     1581    1671       1
    1493     1580    1581       1
    1670     1671    1580       1
    5045     5002    5044       1
    4955     5001    5002       1
    5043     5044    5001       1
    5033     5034    4990       1
    5035     4991    5034       1
    4943     4990    4991       1
    5024     4979    5023       1
    4930     4978    4979       1
    5022     5023    4978       1
    5012     5013    4967       1
    5014     4968    5013       1
    4918     4967    4968       1
      46       45      64       1
      62       63      45       1
      85       64      63       1
     466      414     465       1
     365      413     414       1
     464      465     413       1
    3808     3720    3807       1
    3612     3719    3720       1
    3806     3807    3719       1
    4344     4251    4250       1
    4159     4158    4251       1
    4157     4250    4158       1
    4300     4208    4207       1
    4117     4116    4208       1
    4115     4207    4116       1
    4289     4198    4197       1
    4108     4107    4198       1
    4106     4197    4107       1
    3215     3115    3114       1
    3016     3015    3115       1
    3014     3114    3015       1
    2607     2608    2502       1
    2609     2503    2608       1
    2398     2502    2503       1
    1090     1091    1011       1
    1092     1012    1091       1
     935     1011    1012       1
     334      381     335       1
     431      382     381       1
     336      335     382       1
     186      187     155       1
     223      188     187       1
     156      155     188       1
    1609     1522    1521       1
    1436     1435    1522       1
    1434     1521    1435       1
    1662     1570    1661       1
    1481     1569    1570       1
    1660     1661    1569       1
    2260     2155    2154       1
    2050     2049    2155       1
    2153     2154    2049       1
    2571     2570    2679       1
    2569     2678    2570       1
    2788     2679    2678       1
     694      693     760       1
     758      759     693       1
     829      760     759       1
    4328     4235    4234       1
    4143     4142    4235       1
    4141     4234    4142       1
    4316     4224    4223       1
    4133     4132    4224       1
    4131     4223    4132       1
    3769     3682    3768       1
    3575     3681    3682       1
    3767     3768    3681       1
    3791     3703    3790       1
    3595     3702    3703       1
    3789     3790    3702       1
    4273     4182    4181       1
    4092     4091    4182       1
    4090     4181    4091       1
    3730     3731    3645       1
    3732     3646    3731       1
    3540     3645    3646       1
    2732     2625    2624       1
    2519     2518    2625       1
    2623     2624    2518       1
    3748     3662    3747       1
    3556     3661    3662       1
    3746     3747    3661       1
    1106     1107    1027       1
    1191     1108    1107       1
    1028     1027    1108       1
     615      677     678       1
     742      743     677       1
     744      678     743       1
    1042     1123    1043       1
    1207     1124    1123       1
    1044     1043    1124       1
    2109     2110    2007       1
    2111     2008    2110       1
    1907     2007    2008       1
    2748     2641    2640       1
    2535     2534    2641       1
    2533     2640    2534       1
    2759     2651    2650       1
    2544     2543    2651       1
    2542     2650    2543       1
    2771     2662    2661       1
    2554     2553    2662       1
    2552     2661    2553       1
    2137     2138    2033       1
    2139     2034    2138       1
    1931     2033    2034       1
    2181     2285    2182       1
    2390     2286    2285       1
    2183     2182    2286       1
    2382     2278    2277       1
    2175     2174    2278       1
    2173     2277    2174       1
    3002     3001    3102       1
    3000     3101    3001       1
    3203     3102    3101       1
    1597     1687    1688       1
    1780     1781    1687       1
    1782     1688    1781       1
    1082     1083    1003       1
    1084     1004    1083       1
     927     1003    1004       1
    1774     1680    1773       1
    1589     1679    1680       1
    1772     1773    1679       1
     990      914     989       1
     841      913     914       1
     988      989     913       1
     849      921     922       1
     996      997     921       1
     998      922     997       1
     472      473     421       1
     474      422     473       1
     373      421     422       1
    1489     1403    1402       1
    1318     1317    1403       1
    1316     1402    1317       1
    2064     2063    2168       1
    2062     2167    2063       1
    2272     2168    2167       1
    1324     1410    1325       1
    1497     1411    1410       1
    1326     1325    1411       1
    4951     4901    4900       1
    4847     4846    4901       1
    4845     4900    4846       1
    5175     5174    5197       1
    5173     5196    5174       1
    5215     5197    5196       1
    4853     4908    4854       1
    4959     4909    4908       1
    4855     4854    4909       1
    4839     4895    4840       1
    4947     4896    4895       1
    4841     4840    4896       1
    4939     4888    4887       1
    4833     4832    4888       1
    4831     4887    4832       1
    5169     5168    5192       1
    5167     5191    5168       1
    5211     5192    5191       1
    4926     4874    4873       1
    4818     4817    4874       1
    4816     4873    4817       1
    5162     5161    5186       1
    5160     5185    5161       1
    5206     5186    5185       1
    4824     4881    4825       1
    4934     4882    4881       1
    4826     4825    4882       1
    4810     4868    4811       1
    4922     4869    4868       1
    4812     4811    4869       1
    4914     4861    4860       1
    4804     4803    4861       1
    4802     4860    4803       1
    5156     5155    5181       1
    5154     5180    5155       1
    5202     5181    5180       1
     164      163     196       1
     162      195     163       1
     231      196     195       1
      89      113     114       1
     140      141     113       1
     142      114     141       1
      27       16      15       1
       8        7      16       1
      14       15       7       1
     361      316     315       1
     274      273     316       1
     314      315     273       1
     702      701     768       1
     700      767     701       1
     837      768     767       1
     280      323     281       1
     369      324     323       1
     282      281     324       1
    3608     3502    3501       1
    3397     3396    3502       1
    3395     3501    3396       1
    4168     4167    4260       1
    4166     4259    4167       1
    4353     4260    4259       1
    3403     3509    3404       1
    3616     3510    3509       1
    3405     3404    3510       1
    3797     3798    3710       1
    3799     3711    3798       1
    3603     3710    3711       1
    4531     4435    4530       1
    4340     4434    4435       1
    4529     4530    4434       1
    4348     4442    4443       1
    4537     4538    4442       1
    4539     4443    4538       1
    3759     3760    3673       1
    3761     3674    3760       1
    3567     3673    3674       1
    4485     4390    4484       1
    4296     4389    4390       1
    4483     4484    4389       1
    4304     4397    4398       1
    4491     4492    4397       1
    4493     4398    4492       1
    3754     3755    3669       1
    3756     3670    3755       1
    3564     3669    3670       1
    4472     4378    4471       1
    4285     4377    4378       1
    4470     4471    4377       1
    4293     4385    4386       1
    4478     4479    4385       1
    4480     4386    4479       1
    2615     2616    2510       1
    2617     2511    2616       1
    2406     2510    2511       1
    3416     3313    3415       1
    3211     3312    3313       1
    3414     3415    3312       1
    3219     3320    3321       1
    3422     3423    3320       1
    3424     3321    3423       1
    2195     2298    2196       1
    2402     2299    2298       1
    2197     2196    2299       1
    2394     2291    2290       1
    2189     2188    2291       1
    2187     2290    2188       1
    3008     3007    3107       1
    3006     3106    3007       1
    3207     3107    3106       1
     794      865     795       1
     939      866     865       1
     796      795     866       1
     931      858     857       1
     788      787     858       1
     786      857     787       1
    1428     1427    1514       1
    1426     1513    1427       1
    1601     1514    1513       1
     435      487     488       1
     542      543     487       1
     544      488     543       1
     178      179     147       1
     180      148     179       1
     119      147     148       1
     536      480     535       1
     427      479     480       1
     534      535     479       1
     227      265     266       1
     306      307     265       1
     308      266     307       1
     123       98      97       1
      76       75      98       1
      74       97      75       1
     344      343     390       1
     342      389     343       1
     439      390     389       1
    1098     1099    1019       1
    1100     1020    1099       1
     943     1019    1020       1
    1790     1696    1789       1
    1605     1695    1696       1
    1788     1789    1695       1
    1613     1703    1704       1
    1796     1797    1703       1
    1798     1704    1797       1
    1477     1390    1389       1
    1304     1303    1390       1
    1388     1389    1303       1
    2058     2057    2163       1
    2056     2162    2057       1
    2268     2163    2162       1
    1310     1397    1311       1
    1485     1398    1397       1
    1312     1311    1398       1
    1943     1844    1843       1
    1748     1747    1844       1
    1746     1843    1747       1
    2579     2578    2687       1
    2577     2686    2578       1
    2796     2687    2686       1
    2264     2370    2371       1
    2477     2478    2370       1
    2479     2371    2478       1
    2985     2884    2984       1
    2784     2883    2884       1
    2983     2984    2883       1
    2792     2891    2892       1
    2991     2992    2891       1
    2993     2892    2992       1
    2145     2146    2041       1
    2147     2042    2146       1
    1939     2041    2042       1
    1052     1051    1132       1
    1050     1131    1051       1
    1215     1132    1131       1
     833      905     906       1
     980      981     905       1
     982      906     981       1
     627      568     567       1
     512      511     568       1
     510      567     511       1
    3781     3782    3694       1
    3783     3695    3782       1
    3587     3694    3695       1
    4515     4419    4514       1
    4324     4418    4419       1
    4513     4514    4418       1
    4332     4426    4427       1
    4521     4522    4426       1
    4523     4427    4522       1
    3775     3776    3689       1
    3777     3690    3776       1
    3583     3689    3690       1
    4501     4406    4500       1
    4312     4405    4406       1
    4499     4500    4405       1
    4320     4413    4414       1
    4507     4508    4413       1
    4509     4414    4508       1
    3571     3466    3465       1
    3362     3361    3466       1
    3360     3465    3361       1
    4125     4124    4216       1
    4123     4215    4124       1
    4308     4216    4215       1
    3368     3473    3369       1
    3579     3474    3473       1
    3370     3369    3474       1
    3591     3485    3484       1
    3380     3379    3485       1
    3378     3484    3379       1
    4151     4150    4243       1
    4149     4242    4150       1
    4336     4243    4242       1
    3386     3492    3387       1
    3599     3493    3492       1
    3388     3387    3493       1
    3738     3739    3653       1
    3740     3654    3739       1
    3548     3653    3654       1
    4456     4362    4455       1
    4269     4361    4362       1
    4454     4455    4361       1
    4277     4369    4370       1
    4462     4463    4369       1
    4464     4370    4463       1
    3335     3439    3336       1
    3544     3440    3439       1
    3337     3336    3440       1
    3536     3432    3431       1
    3329     3328    3432       1
    3430     3431    3328       1
    4084     4083    4174       1
    4082     4173    4083       1
    4265     4174    4173       1
    2410     2307    2306       1
    2205     2204    2307       1
    2203     2306    2204       1
    3024     3023    3123       1
    3022     3122    3023       1
    3223     3123    3122       1
    2736     2833    2834       1
    2931     2932    2833       1
    2933     2834    2932       1
    3552     3448    3447       1
    3345     3344    3448       1
    3343     3447    3344       1
    4100     4099    4190       1
    4098     4189    4099       1
    4281     4190    4189       1
    3351     3455    3352       1
    3560     3456    3455       1
    3353     3352    3456       1
    1195     1279    1280       1
    1364     1365    1279       1
    1366     1280    1365       1
     947      874     873       1
     804      803     874       1
     802      873     803       1
    1444     1443    1530       1
    1442     1529    1443       1
    1617     1530    1529       1
    1036     1035    1116       1
    1034     1115    1035       1
    1199     1116    1115       1
     502      559     503       1
     619      560     559       1
     504      503     560       1
     611      552     551       1
     496      495     552       1
     550      551     495       1
    1211     1295    1296       1
    1380     1381    1295       1
    1382     1296    1381       1
     750      751     685       1
     752      686     751       1
     623      685     686       1
    1374     1288    1373       1
    1203     1287    1288       1
    1372     1373    1287       1
    1718     1813    1719       1
    1911     1814    1813       1
    1720     1719    1814       1
    1903     1806    1805       1
    1712     1711    1806       1
    1804     1805    1711       1
    2527     2526    2633       1
    2525     2632    2526       1
    2740     2633    2632       1
    2117     2118    2015       1
    2119     2016    2118       1
    1915     2015    2016       1
    2941     2842    2940       1
    2744     2841    2842       1
    2939     2940    2841       1
    2752     2849    2850       1
    2947     2948    2849       1
    2949     2850    2948       1
    2122     2123    2019       1
    2124     2020    2123       1
    1918     2019    2020       1
    2954     2854    2953       1
    2755     2853    2854       1
    2952     2953    2853       1
    2763     2861    2862       1
    2960     2961    2861       1
    2962     2862    2961       1
    2128     2129    2024       1
    2130     2025    2129       1
    1922     2024    2025       1
    2968     2867    2967       1
    2767     2866    2867       1
    2966     2967    2866       1
    2775     2874    2875       1
    2974     2975    2874       1
    2976     2875    2975       1
    1738     1835    1739       1
    1935     1836    1835       1
    1740     1739    1836       1
    1927     1828    1827       1
    1732     1731    1828       1
    1730     1827    1731       1
    2563     2562    2671       1
    2561     2670    2562       1
    2780     2671    2670       1
    2177     2281    2178       1
    2386     2282    2281       1
    2179     2178    2282       1
    2801     2704    2703       1
    2597     2596    2704       1
    2595     2703    2596       1
    2601     2600    2708       1
    2599     2707    2600       1
    2805     2708    2707       1
    1251     1335    1336       1
    1420     1421    1335       1
    1422     1336    1421       1
    1416     1417    1331       1
    1418     1332    1417       1
    1247     1331    1332       1
    1778     1684    1777       1
    1593     1683    1684       1
    1776     1777    1683       1
     994      918     993       1
     845      917     918       1
     992      993     917       1
     587      647     648       1
     710      711     647       1
     712      648     711       1
     706      707     643       1
     708      644     707       1
     583      643     644       1
    1859     1763    1762       1
    1670     1669    1763       1
    1668     1762    1669       1
    1674     1673    1767       1
    1672     1766    1673       1
    1863     1767    1766       1
    1320     1406    1321       1
    1493     1407    1406       1
    1322     1321    1407       1
    5115     5081    5080       1
    5043     5042    5081       1
    5041     5080    5042       1
    5047     5046    5085       1
    5045     5084    5046       1
    5119     5085    5084       1
    4849     4904    4850       1
    4955     4905    4904       1
    4851     4850    4905       1
    4835     4891    4836       1
    4943     4892    4891       1
    4837     4836    4892       1
    5107     5072    5071       1
    5033     5032    5072       1
    5031     5071    5032       1
    5037     5036    5076       1
    5035     5075    5036       1
    5111     5076    5075       1
    5098     5062    5061       1
    5022     5021    5062       1
    5020     5061    5021       1
    5026     5025    5066       1
    5024     5065    5025       1
    5102     5066    5065       1
    4820     4877    4821       1
    4930     4878    4877       1
    4822     4821    4878       1
    4806     4864    4807       1
    4918     4865    4864       1
    4808     4807    4865       1
    5090     5053    5052       1
    5012     5011    5053       1
    5010     5052    5011       1
    5016     5015    5057       1
    5014     5056    5015       1
    5094     5057    5056       1
     138      110     137       1
      85      109     110       1
     136      137     109       1
      19       31      32       1
      46       47      31       1
      48       32      47       1
     105       82      81       1
      62       61      82       1
      60       81      61       1
     575      518     517       1
     464      463     518       1
     462      517     463       1
     468      467     522       1
     466      521     467       1
     579      522     521       1
     276      319     277       1
     365      320     319       1
     278      277     320       1
    3983     3894    3893       1
    3806     3805    3894       1
    3804     3893    3805       1
    3810     3809    3898       1
    3808     3897    3809       1
    3987     3898    3897       1
    3399     3505    3400       1
    3612     3506    3505       1
    3401     3400    3506       1
    4155     4156    4064       1
    4157     4065    4156       1
    3974     4064    4065       1
    4535     4439    4534       1
    4344     4438    4439       1
    4533     4534    4438       1
    3978     4068    4069       1
    4159     4160    4068       1
    4161     4069    4160       1
    4113     4114    4023       1
    4115     4024    4114       1
    3934     4023    4024       1
    4489     4394    4488       1
    4300     4393    4394       1
    4487     4488    4393       1
    3938     4027    4028       1
    4117     4118    4027       1
    4119     4028    4118       1
    4104     4105    4015       1
    4106     4016    4105       1
    3927     4015    4016       1
    4476     4382    4475       1
    4289     4381    4382       1
    4474     4475    4381       1
    3931     4019    4020       1
    4108     4109    4019       1
    4110     4020    4109       1
    3012     3013    2914       1
    3014     2915    3013       1
    2817     2914    2915       1
    3420     3317    3419       1
    3215     3316    3317       1
    3418     3419    3316       1
    2821     2918    2919       1
    3016     3017    2918       1
    3018     2919    3017       1
    2191     2294    2192       1
    2398     2295    2294       1
    2193     2192    2295       1
    2809     2713    2712       1
    2607     2606    2713       1
    2605     2712    2606       1
    2611     2610    2717       1
    2609     2716    2610       1
    2813     2717    2716       1
     790      861     791       1
     935      862     861       1
     792      791     862       1
    1255     1172    1171       1
    1090     1089    1172       1
    1088     1171    1089       1
    1094     1093    1176       1
    1092     1175    1093       1
    1259     1176    1175       1
     253      293     294       1
     336      337     293       1
     338      294     337       1
     332      333     289       1
     334      290     333       1
     249      289     290       1
     540      484     539       1
     431      483     484       1
     538      539     483       1
     101      127     128       1
     156      157     127       1
     158      128     157       1
     257      220     219       1
     186      185     220       1
     184      219     185       1
     304      262     303       1
     223      261     262       1
     302      303     261       1
    1432     1433    1347       1
    1434     1348    1433       1
    1263     1347    1348       1
    1794     1700    1793       1
    1609     1699    1700       1
    1792     1793    1699       1
    1267     1351    1352       1
    1436     1437    1351       1
    1438     1352    1437       1
    1851     1754    1753       1
    1660     1659    1754       1
    1658     1753    1659       1
    1664     1663    1758       1
    1662     1757    1663       1
    1855     1758    1757       1
    1306     1393    1307       1
    1481     1394    1393       1
    1308     1307    1394       1
    2362     2257    2256       1
    2153     2152    2257       1
    2151     2256    2152       1
    2475     2367    2474       1
    2260     2366    2367       1
    2473     2474    2366       1
    1847     1947    1948       1
    2050     2051    1947       1
    2052     1948    2051       1
    2989     2888    2988       1
    2788     2887    2888       1
    2987     2988    2887       1
    2358     2464    2465       1
    2571     2572    2464       1
    2573     2465    2572       1
    2567     2568    2460       1
    2569     2461    2568       1
    2354     2460    2461       1
     978      902     977       1
     829      901     902       1
     976      977     901       1
     571      631     632       1
     694      695     631       1
     696      632     695       1
     897      826     825       1
     758      757     826       1
     756      825     757       1
    4139     4140    4048       1
    4141     4049    4140       1
    3958     4048    4049       1
    4519     4423    4518       1
    4328     4422    4423       1
    4517     4518    4422       1
    3962     4052    4053       1
    4143     4144    4052       1
    4145     4053    4144       1
    4129     4130    4039       1
    4131     4040    4130       1
    3950     4039    4040       1
    4505     4410    4504       1
    4316     4409    4410       1
    4503     4504    4409       1
    3954     4043    4044       1
    4133     4134    4043       1
    4135     4044    4134       1
    3942     3854    3853       1
    3767     3766    3854       1
    3765     3853    3766       1
    3771     3770    3858       1
    3769     3857    3770       1
    3946     3858    3857       1
    3364     3469    3365       1
    3575     3470    3469       1
    3366     3365    3470       1
    3966     3877    3876       1
    3789     3788    3877       1
    3787     3876    3788       1
    3793     3792    3881       1
    3791     3880    3792       1
    3970     3881    3880       1
    3382     3488    3383       1
    3595     3489    3488       1
    3384     3383    3489       1
    4088     4089    3999       1
    4090     4000    4089       1
    3911     3999    4000       1
    4460     4366    4459       1
    4273     4365    4366       1
    4458     4459    4365       1
    3915     4003    4004       1
    4092     4093    4003       1
    4094     4004    4093       1
    3331     3435    3332       1
    3540     3436    3435       1
    3333     3332    3436       1
    3903     3816    3815       1
    3730     3729    3816       1
    3728     3815    3729       1
    3734     3733    3820       1
    3732     3819    3733       1
    3907     3820    3819       1
    2825     2729    2728       1
    2623     2622    2729       1
    2621     2728    2622       1
    2929     2830    2928       1
    2732     2829    2830       1
    2927     2928    2829       1
    2310     2414    2415       1
    2519     2520    2414       1
    2521     2415    2520       1
    3919     3832    3831       1
    3746     3745    3832       1
    3744     3831    3745       1
    3750     3749    3836       1
    3748     3835    3749       1
    3923     3836    3835       1
    3347     3451    3348       1
    3556     3452    3451       1
    3349     3348    3452       1
     877      951     952       1
    1028     1029     951       1
    1030      952    1029       1
    1271     1188    1187       1
    1106     1105    1188       1
    1104     1187    1105       1
    1362     1276    1361       1
    1191     1275    1276       1
    1360     1361    1275       1
     746      745     814       1
     744      813     745       1
     885      814     813       1
     498      555     499       1
     615      556     555       1
     500      499     556       1
     881      810     809       1
     742      741     810       1
     740      809     741       1
     893      967     968       1
    1044     1045     967       1
    1046      968    1045       1
    1040     1041     963       1
    1042      964    1041       1
     889      963     964       1
    1378     1292    1377       1
    1207     1291    1292       1
    1376     1377    1291       1
    1714     1809    1715       1
    1907     1810    1809       1
    1716     1715    1810       1
    2314     2211    2210       1
    2109     2108    2211       1
    2107     2210    2108       1
    2113     2112    2215       1
    2111     2214    2112       1
    2318     2215    2214       1
    2531     2532    2426       1
    2533     2427    2532       1
    2322     2426    2427       1
    2945     2846    2944       1
    2748     2845    2846       1
    2943     2944    2845       1
    2326     2430    2431       1
    2535     2536    2430       1
    2537     2431    2536       1
    2540     2541    2434       1
    2542     2435    2541       1
    2329     2434    2435       1
    2958     2858    2957       1
    2759     2857    2858       1
    2956     2957    2857       1
    2333     2438    2439       1
    2544     2545    2438       1
    2546     2439    2545       1
    2550     2551    2443       1
    2552     2444    2551       1
    2337     2443    2444       1
    2972     2871    2971       1
    2771     2870    2871       1
    2970     2971    2870       1
    2341     2447    2448       1
    2554     2555    2447       1
    2556     2448    2555       1
    1734     1831    1735       1
    1931     1832    1831       1
    1736     1735    1832       1
    2346     2241    2240       1
    2137     2136    2241       1
    2135     2240    2136       1
    2141     2140    2245       1
    2139     2244    2140       1
    2350     2245    2244       1
    1979     2081    2082       1
    2183     2184    2081       1
    2185     2082    2184       1
    2179     2180    2077       1
    2181     2078    2180       1
    1975     2077    2078       1
    2603     2496    2602       1
    2390     2495    2496       1
    2601     2602    2495       1
    2171     2172    2069       1
    2173     2070    2172       1
    1967     2069    2070       1
    2595     2488    2594       1
    2382     2487    2488       1
    2593     2594    2487       1
    1971     2073    2074       1
    2175     2176    2073       1
    2177     2074    2176       1
    3410     3306    3409       1
    3203     3305    3306       1
    3408     3409    3305       1
    2805     2903    2904       1
    3002     3003    2903       1
    3004     2904    3003       1
    2998     2999    2899       1
    3000     2900    2999       1
    2801     2899    2900       1
    1784     1783    1880       1
    1782     1879    1783       1
    1979     1880    1879       1
    1422     1509    1423       1
    1597     1510    1509       1
    1424     1423    1510       1
    1975     1876    1875       1
    1780     1779    1876       1
    1778     1875    1779       1
     851      853     783       1
     927      854     853       1
     784      783     854       1
    1247     1164    1163       1
    1082     1081    1164       1
    1161     1163    1081       1
    1086     1085    1168       1
    1084     1167    1085       1
    1251     1168    1167       1
    1967     1868    1867       1
    1772     1771    1868       1
    1866     1867    1771       1
    1776     1775    1872       1
    1774     1871    1775       1
    1971     1872    1871       1
    1500     1501    1415       1
    1589     1502    1501       1
    1416     1415    1502       1
    1147     1066    1065       1
     988      987    1066       1
     986     1065     987       1
     992      991    1070       1
     990     1069     991       1
    1151     1070    1069       1
     704      771     705       1
     841      772     771       1
     706      705     772       1
    1001      999    1078       1
     998     1077     999       1
    1159     1078    1077       1
     712      779     713       1
     849      780     779       1
     715      713     780       1
    1155     1074    1073       1
     996      995    1074       1
     994     1073     995       1
     284      327     285       1
     373      328     327       1
     287      285     328       1
     583      526     525       1
     472      471     526       1
     470      525     471       1
     477      475     530       1
     474      529     475       1
     587      530     529       1
    1314     1315    1230       1
    1316     1231    1315       1
    1147     1230    1231       1
    1668     1577    1667       1
    1489     1576    1577       1
    1666     1667    1576       1
    1151     1234    1235       1
    1318     1319    1234       1
    1320     1235    1319       1
    2485     2378    2484       1
    2272     2377    2378       1
    2483     2484    2377       1
    1863     1962    1963       1
    2064     2065    1962       1
    2066     1963    2065       1
    2060     2061    1958       1
    2062     1959    2061       1
    1859     1958    1959       1
    1159     1242    1243       1
    1326     1327    1242       1
    1328     1243    1327       1
    1322     1323    1238       1
    1324     1239    1323       1
    1155     1238    1239       1
    1676     1585    1675       1
    1497     1584    1585       1
    1674     1675    1584       1
    4843     4844    4785       1
    4845     4786    4844       1
    4722     4785    4786       1
    5041     4998    5040       1
    4951     4997    4998       1
    5039     5040    4997       1
    4726     4789    4790       1
    4847     4848    4789       1
    4849     4790    4848       1
    5241     5230    5240       1
    5215     5229    5230       1
    5239     5240    5229       1
    5119     5149    5150       1
    5175     5176    5149       1
    5177     5150    5176       1
    5171     5172    5145       1
    5173     5146    5172       1
    5115     5145    5146       1
    4734     4797    4798       1
    4855     4856    4797       1
    4857     4798    4856       1
    4851     4852    4793       1
    4853     4794    4852       1
    4730     4793    4794       1
    5049     5006    5048       1
    4959     5005    5006       1
    5047     5048    5005       1
    4718     4782    4783       1
    4841     4842    4782       1
    4843     4783    4842       1
    4837     4838    4778       1
    4839     4779    4838       1
    4714     4778    4779       1
    5039     4995    5038       1
    4947     4994    4995       1
    5037     5038    4994       1
    4829     4830    4770       1
    4831     4771    4830       1
    4706     4770    4771       1
    5031     4987    5030       1
    4939     4986    4987       1
    5029     5030    4986       1
    4710     4774    4775       1
    4833     4834    4774       1
    4835     4775    4834       1
    5239     5227    5238       1
    5211     5226    5227       1
    5237     5238    5226       1
    5111     5142    5143       1
    5169     5170    5142       1
    5171     5143    5170       1
    5165     5166    5138       1
    5167     5139    5166       1
    5107     5138    5139       1
    4814     4815    4754       1
    4816     4755    4815       1
    4659     4754    4755       1
    5020     4975    5019       1
    4926     4974    4975       1
    5018     5019    4974       1
    4663     4758    4759       1
    4818     4819    4758       1
    4820     4759    4819       1
    5236     5223    5235       1
    5206     5222    5223       1
    5234     5235    5222       1
    5102     5134    5135       1
    5162     5163    5134       1
    5164     5135    5163       1
    5158     5159    5130       1
    5160     5131    5159       1
    5098     5130    5131       1
    4671     4766    4767       1
    4826     4827    4766       1
    4828     4767    4827       1
    4822     4823    4762       1
    4824     4763    4823       1
    4667     4762    4763       1
    5028     4983    5027       1
    4934     4982    4983       1
    5026     5027    4982       1
    4655     4751    4752       1
    4812     4813    4751       1
    4814     4752    4813       1
    4808     4809    4747       1
    4810     4748    4809       1
    4651     4747    4748       1
    5018     4972    5017       1
    4922     4971    4972       1
    5016     5017    4971       1
    4800     4801    4739       1
    4802     4740    4801       1
    4643     4739    4740       1
    5010     4964    5009       1
    4914     4963    4964       1
    5008     5009    4963       1
    4647     4743    4744       1
    4804     4805    4743       1
    4806     4744    4805       1
    5234     5220    5233       1
    5202     5219    5220       1
    5232     5233    5219       1
    5094     5127    5128       1
    5156     5157    5127       1
    5158     5128    5157       1
    5152     5153    5123       1
    5154     5124    5153       1
    5090     5123    5124       1
     312      270     311       1
     231      269     270       1
     310      311     269       1
     136      135     166       1
     164      165     135       1
     199      166     165       1
     160      161     131       1
     162      132     161       1
     105      131     132       1
     145      143     174       1
     142      173     143       1
     207      174     173       1
      48       67      49       1
      89       68      67       1
      51       49      68       1
     203      170     169       1
     140      139     170       1
     138      169     139       1
      37       24      23       1
      14       13      24       1
      21       23      13       1
      60       42      59       1
      27       41      42       1
      58       59      41       1
       5        3      10       1
       8        9       3       1
      19       10       9       1
     405      358     357       1
     314      313     358       1
     312      357     313       1
     462      410     461       1
     361      409     410       1
     460      461     409       1
     199      235     236       1
     274      275     235       1
     276      236     275       1
     986      910     985       1
     837      909     910       1
     984      985     909       1
     579      639     640       1
     702      703     639       1
     704      640     703       1
     698      699     635       1
     700      636     699       1
     575      635     636       1
     207      243     244       1
     282      283     243       1
     284      244     283       1
     278      279     239       1
     280      240     279       1
     203      239     240       1
     470      418     469       1
     369      417     418       1
     468      469     417       1
    3393     3394    3289       1
    3395     3290    3394       1
    3186     3289    3290       1
    3804     3716    3803       1
    3608     3715    3716       1
    3802     3803    3715       1
    3190     3293    3294       1
    3397     3398    3293       1
    3399     3294    3398       1
    4544     4448    4543       1
    4353     4447    4448       1
    4542     4543    4447       1
    3987     4077    4078       1
    4168     4169    4077       1
    4170     4078    4169       1
    4164     4165    4073       1
    4166     4074    4165       1
    3983     4073    4074       1
    3198     3301    3302       1
    3405     3406    3301       1
    3407     3302    3406       1
    3401     3402    3297       1
    3403     3298    3402       1
    3194     3297    3298       1
    3812     3724    3811       1
    3616     3723    3724       1
    3810     3811    3723       1
    3390     3496    3391       1
    3603     3497    3496       1
    3393     3391    3497       1
    3974     3885    3884       1
    3797     3796    3885       1
    3795     3884    3796       1
    3802     3800    3889       1
    3799     3888    3800       1
    3978     3889    3888       1
    4722     4625    4624       1
    4529     4528    4625       1
    4527     4624    4528       1
    4533     4532    4629       1
    4531     4628    4532       1
    4726     4629    4628       1
    4153     4246    4154       1
    4340     4247    4246       1
    4155     4154    4247       1
    4542     4540    4637       1
    4539     4636    4540       1
    4734     4637    4636       1
    4161     4254    4162       1
    4348     4255    4254       1
    4164     4162    4255       1
    4730     4633    4632       1
    4537     4536    4633       1
    4535     4632    4536       1
    3374     3461    3357       1
    3567     3462    3461       1
    3358     3357    3462       1
    3934     3846    3845       1
    3759     3758    3846       1
    3779     3845    3758       1
    3763     3762    3850       1
    3761     3849    3762       1
    3938     3850    3849       1
    4674     4578    4577       1
    4483     4482    4578       1
    4511     4577    4482       1
    4487     4486    4582       1
    4485     4581    4486       1
    4678     4582    4581       1
    4137     4203    4112       1
    4296     4204    4203       1
    4113     4112    4204       1
    4495     4494    4590       1
    4493     4589    4494       1
    4686     4590    4589       1
    4119     4211    4120       1
    4304     4212    4211       1
    4121     4120    4212       1
    4682     4586    4585       1
    4491     4490    4586       1
    4489     4585    4490       1
    3355     3459    3356       1
    3564     3460    3459       1
    3374     3356    3460       1
    3927     3840    3839       1
    3754     3753    3840       1
    3752     3839    3753       1
    3779     3757    3844       1
    3756     3843    3757       1
    3931     3844    3843       1
    4659     4564    4563       1
    4470     4469    4564       1
    4468     4563    4469       1
    4474     4473    4568       1
    4472     4567    4473       1
    4663     4568    4567       1
    4102     4193    4103       1
    4285     4194    4193       1
    4104     4103    4194       1
    4511     4481    4576       1
    4480     4575    4481       1
    4671     4576    4575       1
    4110     4201    4111       1
    4293     4202    4201       1
    4137     4111    4202       1
    4667     4572    4571       1
    4478     4477    4572       1
    4476     4571    4477       1
    2199     2302    2200       1
    2406     2303    2302       1
    2201     2200    2303       1
    2817     2721    2720       1
    2615     2614    2721       1
    2613     2720    2614       1
    2619     2618    2725       1
    2617     2724    2618       1
    2821     2725    2724       1
    3621     3517    3516       1
    3414     3413    3517       1
    3412     3516    3413       1
    3418     3417    3521       1
    3416     3520    3417       1
    3625     3521    3520       1
    3010     3110    3011       1
    3211     3111    3110       1
    3012     3011    3111       1
    3426     3425    3529       1
    3424     3528    3425       1
    3633     3529    3528       1
    3018     3118    3019       1
    3219     3119    3118       1
    3020     3019    3119       1
    3629     3525    3524       1
    3422     3421    3525       1
    3420     3524    3421       1
    1995     2096    2097       1
    2197     2198    2096       1
    2199     2097    2198       1
    2193     2194    2092       1
    2195     2093    2194       1
    1991     2092    2093       1
    2613     2507    2612       1
    2402     2506    2507       1
    2611     2612    2506       1
    2185     2186    2084       1
    2187     2085    2186       1
    1983     2084    2085       1
    2605     2499    2604       1
    2394     2498    2499       1
    2603     2604    2498       1
    1987     2088    2089       1
    2189     2190    2088       1
    2191     2089    2190       1
    3412     3309    3411       1
    3207     3308    3309       1
    3410     3411    3308       1
    2813     2910    2911       1
    3008     3009    2910       1
    3010     2911    3009       1
    3004     3005    2906       1
    3006     2907    3005       1
    2809     2906    2907       1
     665      729     730       1
     796      797     729       1
     798      730     797       1
     792      793     725       1
     794      726     793       1
     661      725     726       1
    1096     1016    1095       1
     939     1015    1016       1
    1094     1095    1015       1
     784      785     717       1
     786      718     785       1
     653      717     718       1
    1088     1008    1087       1
     931     1007    1008       1
    1086     1087    1007       1
     657      721     722       1
     788      789     721       1
     790      722     789       1
    1786     1692    1785       1
    1601     1691    1692       1
    1784     1785    1691       1
    1259     1343    1344       1
    1428     1429    1343       1
    1430     1344    1429       1
    1424     1425    1339       1
    1426     1340    1425       1
    1255     1339    1340       1
     546      545     604       1
     544      603     545       1
     665      604     603       1
     338      385     339       1
     435      386     385       1
     340      339     386       1
     661      600     599       1
     542      541     600       1
     540      599     541       1
      91       93      71       1
     119       94      93       1
      72       71      94       1
     249      212     211       1
     178      177     212       1
     209      211     177       1
     182      181     216       1
     180      215     181       1
     253      216     215       1
     653      592     591       1
     534      533     592       1
     589      591     533       1
     538      537     596       1
     536      595     537       1
     657      596     595       1
     375      377     331       1
     427      378     377       1
     332      331     378       1
     310      309     354       1
     308      353     309       1
     401      354     353       1
     158      191     159       1
     227      192     191       1
     160      159     192       1
     397      350     349       1
     306      305     350       1
     304      349     305       1
      72       73      53       1
      74       54      73       1
      37       53      54       1
     184      152     183       1
     123      151     152       1
     182      183     151       1
      58       57      78       1
      76       77      57       1
     101       78      77       1
     548      492     547       1
     439      491     492       1
     546      547     491       1
     302      301     346       1
     344      345     301       1
     393      346     345       1
     340      341     297       1
     342      298     341       1
     257      297     298       1
     798      869     799       1
     943      870     869       1
     800      799     870       1
    1263     1180    1179       1
    1098     1097    1180       1
    1096     1179    1097       1
    1102     1101    1184       1
    1100     1183    1101       1
    1267     1184    1183       1
    1983     1884    1883       1
    1788     1787    1884       1
    1786     1883    1787       1
    1792     1791    1888       1
    1790     1887    1791       1
    1987     1888    1887       1
    1430     1517    1431       1
    1605     1518    1517       1
    1432     1431    1518       1
    1800     1799    1896       1
    1798     1895    1799       1
    1995     1896    1895       1
    1438     1525    1439       1
    1613     1526    1525       1
    1440     1439    1526       1
    1991     1892    1891       1
    1796     1795    1892       1
    1794     1891    1795       1
    1561     1474    1473       1
    1388     1387    1474       1
    1386     1473    1387       1
    1658     1566    1657       1
    1477     1565    1566       1
    1656     1657    1565       1
    1135     1219    1220       1
    1304     1305    1219       1
    1306     1220    1305       1
    2483     2375    2482       1
    2268     2374    2375       1
    2481     2482    2374       1
    1855     1955    1956       1
    2058     2059    1955       1
    2060     1956    2059       1
    2054     2055    1951       1
    2056     1952    2055       1
    1851     1951    1952       1
    1143     1227    1228       1
    1312     1313    1227       1
    1314     1228    1313       1
    1308     1309    1223       1
    1310     1224    1309       1
    1139     1223    1224       1
    1666     1574    1665       1
    1485     1573    1574       1
    1664     1665    1573       1
    1744     1745    1651       1
    1746     1652    1745       1
    1561     1651    1652       1
    2151     2046    2150       1
    1943     2045    2046       1
    2149     2150    2045       1
    1656     1655    1750       1
    1748     1749    1655       1
    1847     1750    1749       1
    2997     2896    2996       1
    2796     2895    2896       1
    2995     2996    2895       1
    2473     2472    2581       1
    2579     2580    2472       1
    2690     2581    2580       1
    2575     2576    2468       1
    2577     2469    2576       1
    2362     2468    2469       1
    2481     2480    2589       1
    2479     2588    2480       1
    2698     2589    2588       1
    2052     2158    2053       1
    2264     2159    2158       1
    2054     2053    2159       1
    2694     2585    2584       1
    2477     2476    2585       1
    2475     2584    2476       1
    3186     3084    3083       1
    2983     2982    3084       1
    2981     3083    2982       1
    2987     2986    3088       1
    2985     3087    2986       1
    3190     3088    3087       1
    2565     2674    2566       1
    2784     2675    2674       1
    2567     2566    2675       1
    2995     2994    3096       1
    2993     3095    2994       1
    3198     3096    3095       1
    2573     2682    2574       1
    2792     2683    2682       1
    2575     2574    2683       1
    3194     3092    3091       1
    2991     2990    3092       1
    2989     3091    2990       1
    1742     1839    1743       1
    1939     1840    1839       1
    1744     1743    1840       1
    2354     2249    2248       1
    2145     2144    2249       1
    2143     2248    2144       1
    2149     2148    2253       1
    2147     2252    2148       1
    2358     2253    2252       1
    1386     1300    1385       1
    1215     1299    1300       1
    1384     1385    1299       1
     976      975    1054       1
    1052     1053     975       1
    1135     1054    1053       1
    1048     1049     971       1
    1050      972    1049       1
     897      971     972       1
     984      983    1062       1
     982     1061     983       1
    1143     1062    1061       1
     696      763     697       1
     833      764     763       1
     698      697     764       1
    1139     1058    1057       1
     980      979    1058       1
     978     1057     979       1
     508      509     455       1
     510      456     509       1
     405      455     456       1
     756      690     755       1
     627      689     690       1
     754      755     689       1
     460      459     514       1
     512      513     459       1
     571      514     513       1
    3392     3480    3375       1
    3587     3481    3480       1
    3376     3375    3481       1
    3958     3869    3868       1
    3781     3780    3869       1
    3801     3868    3780       1
    3785     3784    3873       1
    3783     3872    3784       1
    3962     3873    3872       1
    4706     4609    4608       1
    4513     4512    4609       1
    4541     4608    4512       1
    4517     4516    4613       1
    4515     4612    4516       1
    4710     4613    4612       1
    4163     4230    4138       1
    4324     4231    4230       1
    4139     4138    4231       1
    4525     4524    4621       1
    4523     4620    4524       1
    4718     4621    4620       1
    4145     4238    4146       1
    4332     4239    4238       1
    4147     4146    4239       1
    4714     4617    4616       1
    4521     4520    4617       1
    4519     4616    4520       1
    3372     3477    3373       1
    3583     3478    3477       1
    3392     3373    3478       1
    3950     3862    3861       1
    3775     3774    3862       1
    3773     3861    3774       1
    3801     3778    3866       1
    3777     3865    3778       1
    3954     3866    3865       1
    4690     4594    4593       1
    4499     4498    4594       1
    4497     4593    4498       1
    4503     4502    4598       1
    4501     4597    4502       1
    4694     4598    4597       1
    4127     4219    4128       1
    4312     4220    4219       1
    4129     4128    4220       1
    4541     4510    4606       1
    4509     4605    4510       1
    4702     4606    4605       1
    4135     4227    4136       1
    4320     4228    4227       1
    4163     4136    4228       1
    4698     4602    4601       1
    4507     4506    4602       1
    4505     4601    4506       1
    3358     3359    3255       1
    3360     3256    3359       1
    3153     3255    3256       1
    3765     3678    3764       1
    3571     3677    3678       1
    3763     3764    3677       1
    3157     3259    3260       1
    3362     3363    3259       1
    3364     3260    3363       1
    4497     4402    4496       1
    4308     4401    4402       1
    4495     4496    4401       1
    3946     4035    4036       1
    4125     4126    4035       1
    4127     4036    4126       1
    4121     4122    4031       1
    4123     4032    4122       1
    3942     4031    4032       1
    3165     3267    3268       1
    3370     3371    3267       1
    3372     3268    3371       1
    3366     3367    3263       1
    3368     3264    3367       1
    3161     3263    3264       1
    3773     3686    3772       1
    3579     3685    3686       1
    3771     3772    3685       1
    3376     3377    3272       1
    3378     3273    3377       1
    3169     3272    3273       1
    3787     3699    3786       1
    3591     3698    3699       1
    3785     3786    3698       1
    3173     3276    3277       1
    3380     3381    3276       1
    3382     3277    3381       1
    4527     4431    4526       1
    4336     4430    4431       1
    4525     4526    4430       1
    3970     4060    4061       1
    4151     4152    4060       1
    4153     4061    4152       1
    4147     4148    4056       1
    4149     4057    4148       1
    3966     4056    4057       1
    3181     3284    3285       1
    3388     3389    3284       1
    3390     3285    3389       1
    3384     3385    3280       1
    3386     3281    3385       1
    3177     3280    3281       1
    3795     3707    3794       1
    3599     3706    3707       1
    3793     3794    3706       1
    3339     3443    3340       1
    3548     3444    3443       1
    3341     3340    3444       1
    3911     3824    3823       1
    3738     3737    3824       1
    3736     3823    3737       1
    3742     3741    3828       1
    3740     3827    3741       1
    3915     3828    3827       1
    4643     4548    4547       1
    4454     4453    4548       1
    4452     4547    4453       1
    4458     4457    4552       1
    4456     4551    4457       1
    4647     4552    4551       1
    4086     4177    4087       1
    4269     4178    4177       1
    4088     4087    4178       1
    4466     4465    4560       1
    4464     4559    4465       1
    4655     4560    4559       1
    4094     4185    4095       1
    4277     4186    4185       1
    4096     4095    4186       1
    4651     4556    4555       1
    4462     4461    4556       1
    4460     4555    4461       1
    3134     3235    3236       1
    3337     3338    3235       1
    3339     3236    3338       1
    3333     3334    3231       1
    3335     3232    3334       1
    3130     3231    3232       1
    3736     3650    3735       1
    3544     3649    3650       1
    3734     3735    3649       1
    3637     3533    3532       1
    3430     3429    3533       1
    3428     3532    3429       1
    3728     3642    3727       1
    3536     3641    3642       1
    3726     3727    3641       1
    3126     3227    3228       1
    3329     3330    3227       1
    3331     3228    3330       1
    4452     4358    4451       1
    4265     4357    4358       1
    4450     4451    4357       1
    3907     3995    3996       1
    4084     4085    3995       1
    4086     3996    4085       1
    4080     4081    3991       1
    4082     3992    4081       1
    3903     3991    3992       1
    2201     2202    2100       1
    2203     2101    2202       1
    1999     2100    2101       1
    2621     2515    2620       1
    2410     2514    2515       1
    2619     2620    2514       1
    2105     2104    2207       1
    2205     2206    2104       1
    2310     2207    2206       1
    3428     3325    3427       1
    3223     3324    3325       1
    3426     3427    3324       1
    2927     2926    3026       1
    3024     3025    2926       1
    3126     3026    3025       1
    3020     3021    2922       1
    3022     2923    3021       1
    2825     2922    2923       1
    2935     2934    3034       1
    2933     3033    2934       1
    3134     3034    3033       1
    2521     2628    2522       1
    2736     2629    2628       1
    2523     2522    2629       1
    3130     3030    3029       1
    2931     2930    3030       1
    2929     3029    2930       1
    3341     3342    3239       1
    3343     3240    3342       1
    3138     3239    3240       1
    3744     3658    3743       1
    3552     3657    3658       1
    3742     3743    3657       1
    3142     3243    3244       1
    3345     3346    3243       1
    3347     3244    3346       1
    4468     4374    4467       1
    4281     4373    4374       1
    4466     4467    4373       1
    3923     4011    4012       1
    4100     4101    4011       1
    4102     4012    4101       1
    4096     4097    4007       1
    4098     4008    4097       1
    3919     4007    4008       1
    3150     3251    3252       1
    3353     3354    3251       1
    3355     3252    3354       1
    3349     3350    3247       1
    3351     3248    3350       1
    3146     3247    3248       1
    3752     3666    3751       1
    3560     3665    3666       1
    3750     3751    3665       1
    1368     1367    1454       1
    1366     1453    1367       1
    1541     1454    1453       1
    1030     1111    1031       1
    1195     1112    1111       1
    1032     1031    1112       1
    1537     1450    1449       1
    1364     1363    1450       1
    1362     1449    1363       1
     800      801     733       1
     802      734     801       1
     669      733     734       1
    1104     1024    1103       1
     947     1023    1024       1
    1102     1103    1023       1
     738      737     806       1
     804      805     737       1
     877      806     805       1
    1802     1708    1801       1
    1617     1707    1708       1
    1800     1801    1707       1
    1360     1359    1446       1
    1444     1445    1359       1
    1533     1446    1445       1
    1440     1441    1355       1
    1442     1356    1441       1
    1271     1355    1356       1
    1370     1284    1369       1
    1199     1283    1284       1
    1368     1369    1283       1
     885      959     960       1
    1036     1037     959       1
    1038      960    1037       1
    1032     1033     955       1
    1034      956    1033       1
     881      955     956       1
     401      451     452       1
     504      505     451       1
     506      452     505       1
     500      501     447       1
     502      448     501       1
     397      447     448       1
     748      682     747       1
     619      681     682       1
     746      747     681       1
     669      608     607       1
     550      549     608       1
     548      607     549       1
     740      674     739       1
     611      673     674       1
     738      739     673       1
     393      443     444       1
     496      497     443       1
     498      444     497       1
    1384     1383    1470       1
    1382     1469    1383       1
    1557     1470    1469       1
    1046     1127    1047       1
    1211     1128    1127       1
    1048     1047    1128       1
    1553     1466    1465       1
    1380     1379    1466       1
    1378     1465    1379       1
     506      563     507       1
     623      564     563       1
     508      507     564       1
     889      818     817       1
     750      749     818       1
     748      817     749       1
     754      753     822       1
     752      821     753       1
     893      822     821       1
    1545     1458    1457       1
    1372     1371    1458       1
    1370     1457    1371       1
    1376     1375    1462       1
    1374     1461    1375       1
    1549     1462    1461       1
    1038     1119    1039       1
    1203     1120    1119       1
    1040     1039    1120       1
    1541     1629    1630       1
    1720     1721    1629       1
    1722     1630    1721       1
    1716     1717    1625       1
    1718     1626    1717       1
    1537     1625    1626       1
    2115     2012    2114       1
    1911     2011    2012       1
    2113     2114    2011       1
    1999     1900    1899       1
    1804     1803    1900       1
    1802     1899    1803       1
    2107     2004    2106       1
    1903     2003    2004       1
    2105     2106    2003       1
    1533     1621    1622       1
    1712     1713    1621       1
    1714     1622    1713       1
    2937     2838    2936       1
    2740     2837    2838       1
    2935     2936    2837       1
    2318     2422    2423       1
    2527     2528    2422       1
    2529     2423    2528       1
    2523     2524    2418       1
    2525     2419    2524       1
    2314     2418    2419       1
    1722     1817    1723       1
    1915     1818    1817       1
    1725     1723    1818       1
    2322     2219    2218       1
    2117     2116    2219       1
    2115     2218    2116       1
    2126     2120    2223       1
    2119     2222    2120       1
    2326     2223    2222       1
    3138     3038    3037       1
    2939     2938    3038       1
    2937     3037    2938       1
    2943     2942    3042       1
    2941     3041    2942       1
    3142     3042    3041       1
    2529     2636    2530       1
    2744     2637    2636       1
    2531     2530    2637       1
    2964     2950    3050       1
    2949     3049    2950       1
    3150     3050    3049       1
    2537     2644    2538       1
    2752     2645    2644       1
    2548     2538    2645       1
    3146     3046    3045       1
    2947     2946    3046       1
    2945     3045    2946       1
    1725     1819    1724       1
    1918     1820    1819       1
    1727     1724    1820       1
    2329     2225    2224       1
    2122     2121    2225       1
    2126     2224    2121       1
    2132     2125    2229       1
    2124     2228    2125       1
    2333     2229    2228       1
    3153     3052    3051       1
    2952     2951    3052       1
    2964     3051    2951       1
    2956     2955    3056       1
    2954     3055    2955       1
    3157     3056    3055       1
    2548     2646    2539       1
    2755     2647    2646       1
    2540     2539    2647       1
    2978     2963    3064       1
    2962     3063    2963       1
    3165     3064    3063       1
    2546     2654    2547       1
    2763     2655    2654       1
    2558     2547    2655       1
    3161     3060    3059       1
    2960     2959    3060       1
    2958     3059    2959       1
    1727     1822    1726       1
    1922     1823    1822       1
    1728     1726    1823       1
    2337     2232    2231       1
    2128     2127    2232       1
    2132     2231    2127       1
    2133     2131    2236       1
    2130     2235    2131       1
    2341     2236    2235       1
    3169     3067    3066       1
    2966     2965    3067       1
    2978     3066    2965       1
    2970     2969    3071       1
    2968     3070    2969       1
    3173     3071    3070       1
    2558     2657    2549       1
    2767     2658    2657       1
    2550     2549    2658       1
    2979     2977    3079       1
    2976     3078    2977       1
    3181     3079    3078       1
    2556     2665    2557       1
    2775     2666    2665       1
    2559     2557    2666       1
    3177     3075    3074       1
    2974     2973    3075       1
    2972     3074    2973       1
    1557     1647    1648       1
    1740     1741    1647       1
    1742     1648    1741       1
    1736     1737    1643       1
    1738     1644    1737       1
    1553     1643    1644       1
    2143     2038    2142       1
    1935     2037    2038       1
    2141     2142    2037       1
    1728     1729    1635       1
    1730     1636    1729       1
    1545     1635    1636       1
    2135     2030    2134       1
    1927     2029    2030       1
    2133     2134    2029       1
    1549     1639    1640       1
    1732     1733    1639       1
    1734     1640    1733       1
    2981     2880    2980       1
    2780     2879    2880       1
    2979     2980    2879       1
    2350     2456    2457       1
    2563     2564    2456       1
    2565     2457    2564       1
    2559     2560    2452       1
    2561     2453    2560       1
    2346     2452    2453       1
    2384     2490    2385       1
    2597     2491    2490       1
    2386     2385    2491       1
    2803     2706    2705       1
    2599     2598    2706       1
    2597     2705    2598       1
    2388     2387    2493       1
    2386     2492    2387       1
    2599     2493    2492       1
    1249     1333    1334       1
    1418     1419    1333       1
    1420     1334    1419       1
    1591     1592    1504       1
    1593     1505    1592       1
    1418     1504    1505       1
    1595     1507    1594       1
    1420     1506    1507       1
    1593     1594    1506       1
     847      777     846       1
     710      776     777       1
     845      846     776       1
     585      645     646       1
     708      709     645       1
     710      646     709       1
     843      844     774       1
     845      775     844       1
     708      774     775       1
    1861     1765    1764       1
    1672     1671    1765       1
    1670     1764    1671       1
    1495     1494    1582       1
    1493     1581    1494       1
    1672     1582    1581       1
    1491     1579    1492       1
    1670     1580    1579       1
    1493     1492    1580       1
    5117     5083    5082       1
    5045     5044    5083       1
    5043     5082    5044       1
    4957     4956    5003       1
    4955     5002    4956       1
    5045     5003    5002       1
    4953     5000    4954       1
    5043     5001    5000       1
    4955     4954    5001       1
    4941     4989    4942       1
    5033     4990    4989       1
    4943     4942    4990       1
    5109     5074    5073       1
    5035     5034    5074       1
    5033     5073    5034       1
    4945     4944    4992       1
    4943     4991    4944       1
    5035     4992    4991       1
    5100     5064    5063       1
    5024     5023    5064       1
    5022     5063    5023       1
    4932     4931    4980       1
    4930     4979    4931       1
    5024     4980    4979       1
    4928     4977    4929       1
    5022     4978    4977       1
    4930     4929    4978       1
    4916     4966    4917       1
    5012     4967    4966       1
    4918     4917    4967       1
    5092     5055    5054       1
    5014     5013    5055       1
    5012     5054    5013       1
    4920     4919    4969       1
    4918     4968    4919       1
    5014     4969    4968       1
      87       65      86       1
      46       64      65       1
      85       86      64       1
      29       44      30       1
      62       45      44       1
      46       30      45       1
     107       84      83       1
      85       63      84       1
      62       83      63       1
     577      520     519       1
     466      465     520       1
     464      519     465       1
     367      366     415       1
     365      414     366       1
     466      415     414       1
     363      412     364       1
     464      413     412       1
     365      364     413       1
    3985     3896    3895       1
    3808     3807    3896       1
    3806     3895    3807       1
    3614     3613    3721       1
    3612     3720    3613       1
    3808     3721    3720       1
    3610     3718    3611       1
    3806     3719    3718       1
    3612     3611    3719       1
    4342     4343    4249       1
    4344     4250    4343       1
    4157     4249    4250       1
    4346     4252    4345       1
    4159     4251    4252       1
    4344     4345    4251       1
    3976     4066    4067       1
    4157     4158    4066       1
    4159     4067    4158       1
    4298     4299    4206       1
    4300     4207    4299       1
    4115     4206    4207       1
    4302     4209    4301       1
    4117     4208    4209       1
    4300     4301    4208       1
    3936     4025    4026       1
    4115     4116    4025       1
    4117     4026    4116       1
    4287     4288    4196       1
    4289     4197    4288       1
    4106     4196    4197       1
    4291     4199    4290       1
    4108     4198    4199       1
    4289     4290    4198       1
    3929     4017    4018       1
    4106     4107    4017       1
    4108     4018    4107       1
    3213     3214    3113       1
    3215     3114    3214       1
    3014     3113    3114       1
    3217     3116    3216       1
    3016     3115    3116       1
    3215     3216    3115       1
    2819     2916    2917       1
    3014     3015    2916       1
    3016     2917    3015       1
    2396     2501    2397       1
    2607     2502    2501       1
    2398     2397    2502       1
    2811     2715    2714       1
    2609     2608    2715       1
    2607     2714    2608       1
    2400     2399    2504       1
    2398     2503    2399       1
    2609     2504    2503       1
     933     1010     934       1
    1090     1011    1010       1
     935      934    1011       1
    1257     1174    1173       1
    1092     1091    1174       1
    1090     1173    1091       1
     937      936    1013       1
     935     1012     936       1
    1092     1013    1012       1
     251      291     292       1
     334      335     291       1
     336      292     335       1
     429      430     380       1
     431      381     430       1
     334      380     381       1
     433      383     432       1
     336      382     383       1
     431      432     382       1
     125      154     126       1
     186      155     154       1
     156      126     155       1
     259      222     221       1
     223      187     222       1
     186      221     187       1
     225      189     224       1
     156      188     189       1
     223      224     188       1
    1607     1608    1520       1
    1609     1521    1608       1
    1434     1520    1521       1
    1611     1523    1610       1
    1436     1522    1523       1
    1609     1610    1522       1
    1265     1349    1350       1
    1434     1435    1349       1
    1436     1350    1435       1
    1853     1756    1755       1
    1662     1661    1756       1
    1660     1755    1661       1
    1483     1482    1571       1
    1481     1570    1482       1
    1662     1571    1570       1
    1479     1568    1480       1
    1660     1569    1568       1
    1481     1480    1569       1
    2364     2259    2258       1
    2260     2154    2259       1
    2153     2258    2154       1
    2262     2156    2261       1
    2050     2155    2156       1
    2260     2261    2155       1
    1945     2048    1946       1
    2153     2049    2048       1
    2050     1946    2049       1
    2790     2680    2789       1
    2571     2679    2680       1
    2788     2789    2679       1
    2356     2462    2463       1
    2569     2570    2462       1
    2571     2463    2570       1
    2786     2787    2677       1
    2788     2678    2787       1
    2569     2677    2678       1
     831      761     830       1
     694      760     761       1
     829      830     760       1
     629      692     630       1
     758      693     692       1
     694      630     693       1
     899      828     827       1
     829      759     828       1
     758      827     759       1
    4326     4327    4233       1
    4328     4234    4327       1
    4141     4233    4234       1
    4330     4236    4329       1
    4143     4235    4236       1
    4328     4329    4235       1
    3960     4050    4051       1
    4141     4142    4050       1
    4143     4051    4142       1
    4314     4315    4222       1
    4316     4223    4315       1
    4131     4222    4223       1
    4318     4225    4317       1
    4133     4224    4225       1
    4316     4317    4224       1
    3952     4041    4042       1
    4131     4132    4041       1
    4133     4042    4132       1
    3944     3856    3855       1
    3769     3768    3856       1
    3767     3855    3768       1
    3577     3576    3683       1
    3575     3682    3576       1
    3769     3683    3682       1
    3573     3680    3574       1
    3767     3681    3680       1
    3575     3574    3681       1
    3968     3879    3878       1
    3791     3790    3879       1
    3789     3878    3790       1
    3597     3596    3704       1
    3595     3703    3596       1
    3791     3704    3703       1
    3593     3701    3594       1
    3789     3702    3701       1
    3595     3594    3702       1
    4271     4272    4180       1
    4273     4181    4272       1
    4090     4180    4181       1
    4275     4183    4274       1
    4092     4182    4183       1
    4273     4274    4182       1
    3913     4001    4002       1
    4090     4091    4001       1
    4092     4002    4091       1
    3538     3644    3539       1
    3730     3645    3644       1
    3540     3539    3645       1
    3905     3818    3817       1
    3732     3731    3818       1
    3730     3817    3731       1
    3542     3541    3647       1
    3540     3646    3541       1
    3732     3647    3646       1
    2827     2731    2730       1
    2732     2624    2731       1
    2623     2730    2624       1
    2734     2626    2733       1
    2519     2625    2626       1
    2732     2733    2625       1
    2412     2517    2413       1
    2623     2518    2517       1
    2519     2413    2518       1
    3921     3834    3833       1
    3748     3747    3834       1
    3746     3833    3747       1
    3558     3557    3663       1
    3556     3662    3557       1
    3748     3663    3662       1
    3554     3660    3555       1
    3746     3661    3660       1
    3556     3555    3661       1
     949     1026     950       1
    1106     1027    1026       1
    1028      950    1027       1
    1273     1190    1189       1
    1191     1107    1190       1
    1106     1189    1107       1
    1193     1109    1192       1
    1028     1108    1109       1
    1191     1192    1108       1
     617      616     679       1
     615      678     616       1
     744      679     678       1
     613      676     614       1
     742      677     676       1
     615      614     677       1
     883      812     811       1
     744      743     812       1
     742      811     743       1
     891      965     966       1
    1042     1043     965       1
    1044      966    1043       1
    1205     1206    1122       1
    1207     1123    1206       1
    1042     1122    1123       1
    1209     1125    1208       1
    1044     1124    1125       1
    1207     1208    1124       1
    1905     2006    1906       1
    2109     2007    2006       1
    1907     1906    2007       1
    2316     2213    2212       1
    2111     2110    2213       1
    2109     2212    2110       1
    1909     1908    2009       1
    1907     2008    1908       1
    2111     2009    2008       1
    2746     2747    2639       1
    2748     2640    2747       1
    2533     2639    2640       1
    2750     2642    2749       1
    2535     2641    2642       1
    2748     2749    2641       1
    2324     2428    2429       1
    2533     2534    2428       1
    2535     2429    2534       1
    2757     2758    2649       1
    2759     2650    2758       1
    2542     2649    2650       1
    2761     2652    2760       1
    2544     2651    2652       1
    2759     2760    2651       1
    2331     2436    2437       1
    2542     2543    2436       1
    2544     2437    2543       1
    2769     2770    2660       1
    2771     2661    2770       1
    2552     2660    2661       1
    2773     2663    2772       1
    2554     2662    2663       1
    2771     2772    2662       1
    2339     2445    2446       1
    2552     2553    2445       1
    2554     2446    2553       1
    1929     2032    1930       1
    2137     2033    2032       1
    1931     1930    2033       1
    2348     2243    2242       1
    2139     2138    2243       1
    2137     2242    2138       1
    1933     1932    2035       1
    1931     2034    1932       1
    2139     2035    2034       1
    1977     2079    2080       1
    2181     2182    2079       1
    2183     2080    2182       1
    2388     2389    2284       1
    2390     2285    2389       1
    2181     2284    2285       1
    2392     2287    2391       1
    2183     2286    2287       1
    2390     2391    2286       1
    2380     2381    2276       1
    2382     2277    2381       1
    2173     2276    2277       1
    2384     2279    2383       1
    2175     2278    2279       1
    2382     2383    2278       1
    1969     2071    2072       1
    2173     2174    2071       1
    2175     2072    2174       1
    3205     3103    3204       1
    3002     3102    3103       1
    3203     3204    3102       1
    2803     2901    2902       1
    3000     3001    2901       1
    3002     2902    3001       1
    3201     3202    3100       1
    3203     3101    3202       1
    3000     3100    3101       1
    1599     1598    1689       1
    1597     1688    1598       1
    1782     1689    1688       1
    1595     1686    1596       1
    1780     1687    1686       1
    1597     1596    1687       1
    1977     1878    1877       1
    1782     1781    1878       1
    1780     1877    1781       1
    1000     1002     926       1
    1082     1003    1002       1
     927      926    1003       1
    1249     1166    1165       1
    1084     1083    1166       1
    1082     1165    1083       1
     929      928    1005       1
     927     1004     928       1
    1084     1005    1004       1
    1969     1870    1869       1
    1774     1773    1870       1
    1772     1869    1773       1
    1591     1590    1681       1
    1589     1680    1590       1
    1774     1681    1680       1
    1677     1678    1588       1
    1772     1679    1678       1
    1589     1588    1679       1
    1149     1068    1067       1
     990      989    1068       1
     988     1067     989       1
     843      842     915       1
     841      914     842       1
     990      915     914       1
     839      912     840       1
     988      913     912       1
     841      840     913       1
     852      850     923       1
     849      922     850       1
     998      923     922       1
     847      920     848       1
     996      921     920       1
     849      848     921       1
    1157     1076    1075       1
     998      997    1076       1
     996     1075     997       1
     371      420     372       1
     472      421     420       1
     373      372     421       1
     585      528     527       1
     474      473     528       1
     472      527     473       1
     376      374     423       1
     373      422     374       1
     474      423     422       1
    1487     1488    1401       1
    1489     1402    1488       1
    1316     1401    1402       1
    1491     1404    1490       1
    1318     1403    1404       1
    1489     1490    1403       1
    1149     1232    1233       1
    1316     1317    1232       1
    1318     1233    1317       1
    2274     2169    2273       1
    2064     2168    2169       1
    2272     2273    2168       1
    1861     1960    1961       1
    2062     2063    1960       1
    2064     1961    2063       1
    2270     2271    2166       1
    2272     2167    2271       1
    2062     2166    2167       1
    1157     1240    1241       1
    1324     1325    1240       1
    1326     1241    1325       1
    1495     1496    1409       1
    1497     1410    1496       1
    1324     1409    1410       1
    1499     1412    1498       1
    1326     1411    1412       1
    1497     1498    1411       1
    4949     4950    4899       1
    4951     4900    4950       1
    4845     4899    4900       1
    4953     4902    4952       1
    4847     4901    4902       1
    4951     4952    4901       1
    4724     4787    4788       1
    4845     4846    4787       1
    4847     4788    4846       1
    5217     5198    5216       1
    5175     5197    5198       1
    5215     5216    5197       1
    5117     5147    5148       1
    5173     5174    5147       1
    5175     5148    5174       1
    5213     5214    5195       1
    5215     5196    5214       1
    5173     5195    5196       1
    4732     4795    4796       1
    4853     4854    4795       1
    4855     4796    4854       1
    4957     4958    4907       1
    4959     4908    4958       1
    4853     4907    4908       1
    4961     4910    4960       1
    4855     4909    4910       1
    4959     4960    4909       1
    4716     4780    4781       1
    4839     4840    4780       1
    4841     4781    4840       1
    4945     4946    4894       1
    4947     4895    4946       1
    4839     4894    4895       1
    4949     4897    4948       1
    4841     4896    4897       1
    4947     4948    4896       1
    4937     4938    4886       1
    4939     4887    4938       1
    4831     4886    4887       1
    4941     4889    4940       1
    4833     4888    4889       1
    4939     4940    4888       1
    4708     4772    4773       1
    4831     4832    4772       1
    4833     4773    4832       1
    5213     5193    5212       1
    5169     5192    5193       1
    5211     5212    5192       1
    5109     5140    5141       1
    5167     5168    5140       1
    5169     5141    5168       1
    5209     5210    5190       1
    5211     5191    5210       1
    5167     5190    5191       1
    4924     4925    4872       1
    4926     4873    4925       1
    4816     4872    4873       1
    4928     4875    4927       1
    4818     4874    4875       1
    4926     4927    4874       1
    4661     4756    4757       1
    4816     4817    4756       1
    4818     4757    4817       1
    5208     5187    5207       1
    5162     5186    5187       1
    5206     5207    5186       1
    5100     5132    5133       1
    5160     5161    5132       1
    5162     5133    5161       1
    5204     5205    5184       1
    5206     5185    5205       1
    5160     5184    5185       1
    4669     4764    4765       1
    4824     4825    4764       1
    4826     4765    4825       1
    4932     4933    4880       1
    4934     4881    4933       1
    4824     4880    4881       1
    4936     4883    4935       1
    4826     4882    4883       1
    4934     4935    4882       1
    4653     4749    4750       1
    4810     4811    4749       1
    4812     4750    4811       1
    4920     4921    4867       1
    4922     4868    4921       1
    4810     4867    4868       1
    4924     4870    4923       1
    4812     4869    4870       1
    4922     4923    4869       1
    4912     4913    4859       1
    4914     4860    4913       1
    4802     4859    4860       1
    4916     4862    4915       1
    4804     4861    4862       1
    4914     4915    4861       1
    4645     4741    4742       1
    4802     4803    4741       1
    4804     4742    4803       1
    5204     5182    5203       1
    5156     5181    5182       1
    5202     5203    5181       1
    5092     5125    5126       1
    5154     5155    5125       1
    5156     5126    5155       1
    5200     5201    5179       1
    5202     5180    5201       1
    5154     5179    5180       1
     233      197     232       1
     164      196     197       1
     231      232     196       1
     107      133     134       1
     162      163     133       1
     164      134     163       1
     229      230     194       1
     231      195     230       1
     162      194     195       1
      92       90     115       1
      89      114      90       1
     142      115     114       1
      87      112      88       1
     140      113     112       1
      89       88     113       1
     205      172     171       1
     142      141     172       1
     140      171     141       1
      39       26      25       1
      27       15      26       1
      14       25      15       1
      29       17      28       1
       8       16      17       1
      27       28      16       1
       4        6       2       1
      14        7       6       1
       8        2       7       1
     407      360     359       1
     361      315     360       1
     314      359     315       1
     363      317     362       1
     274      316     317       1
     361      362     316       1
     233      272     234       1
     314      273     272       1
     274      234     273       1
     839      769     838       1
     702      768     769       1
     837      838     768       1
     577      637     638       1
     700      701     637       1
     702      638     701       1
     835      836     766       1
     837      767     836       1
     700      766     767       1
     205      241     242       1
     280      281     241       1
     282      242     281       1
     367      368     322       1
     369      323     368       1
     280      322     323       1
     371      325     370       1
     282      324     325       1
     369      370     324       1
    3606     3607    3500       1
    3608     3501    3607       1
    3395     3500    3501       1
    3610     3503    3609       1
    3397     3502    3503       1
    3608     3609    3502       1
    3188     3291    3292       1
    3395     3396    3291       1
    3397     3292    3396       1
    4355     4261    4354       1
    4168     4260    4261       1
    4353     4354    4260       1
    3985     4075    4076       1
    4166     4167    4075       1
    4168     4076    4167       1
    4351     4352    4258       1
    4353     4259    4352       1
    4166     4258    4259       1
    3196     3299    3300       1
    3403     3404    3299       1
    3405     3300    3404       1
    3614     3615    3508       1
    3616     3509    3615       1
    3403     3508    3509       1
    3618     3511    3617       1
    3405     3510    3511       1
    3616     3617    3510       1
    3601     3709    3602       1
    3797     3710    3709       1
    3603     3602    3710       1
    3976     3887    3886       1
    3799     3798    3887       1
    3797     3886    3798       1
    3606     3604    3712       1
    3603     3711    3604       1
    3799     3712    3711       1
    4724     4627    4626       1
    4531     4530    4627       1
    4529     4626    4530       1
    4342     4341    4436       1
    4340     4435    4341       1
    4531     4436    4435       1
    4338     4433    4339       1
    4529     4434    4433       1
    4340     4339    4434       1
    4351     4349    4444       1
    4348     4443    4349       1
    4539     4444    4443       1
    4346     4441    4347       1
    4537     4442    4441       1
    4348     4347    4442       1
    4732     4635    4634       1
    4539     4538    4635       1
    4537     4634    4538       1
    3585     3672    3566       1
    3759     3673    3672       1
    3567     3566    3673       1
    3936     3848    3847       1
    3761     3760    3848       1
    3759     3847    3760       1
    3569     3568    3675       1
    3567     3674    3568       1
    3761     3675    3674       1
    4676     4580    4579       1
    4485     4484    4580       1
    4483     4579    4484       1
    4298     4297    4391       1
    4296     4390    4297       1
    4485     4391    4390       1
    4322     4388    4295       1
    4483     4389    4388       1
    4296     4295    4389       1
    4306     4305    4399       1
    4304     4398    4305       1
    4493     4399    4398       1
    4302     4396    4303       1
    4491     4397    4396       1
    4304     4303    4397       1
    4684     4588    4587       1
    4493     4492    4588       1
    4491     4587    4492       1
    3562     3668    3563       1
    3754     3669    3668       1
    3564     3563    3669       1
    3929     3842    3841       1
    3756     3755    3842       1
    3754     3841    3755       1
    3585     3565    3671       1
    3564     3670    3565       1
    3756     3671    3670       1
    4661     4566    4565       1
    4472     4471    4566       1
    4470     4565    4471       1
    4287     4286    4379       1
    4285     4378    4286       1
    4472     4379    4378       1
    4283     4376    4284       1
    4470     4377    4376       1
    4285     4284    4377       1
    4322     4294    4387       1
    4293     4386    4294       1
    4480     4387    4386       1
    4291     4384    4292       1
    4478     4385    4384       1
    4293     4292    4385       1
    4669     4574    4573       1
    4480     4479    4574       1
    4478     4573    4479       1
    2404     2509    2405       1
    2615     2510    2509       1
    2406     2405    2510       1
    2819     2723    2722       1
    2617     2616    2723       1
    2615     2722    2616       1
    2408     2407    2512       1
    2406     2511    2407       1
    2617     2512    2511       1
    3623     3519    3518       1
    3416     3415    3519       1
    3414     3518    3415       1
    3213     3212    3314       1
    3211     3313    3212       1
    3416     3314    3313       1
    3209     3311    3210       1
    3414     3312    3311       1
    3211     3210    3312       1
    3221     3220    3322       1
    3219     3321    3220       1
    3424     3322    3321       1
    3217     3319    3218       1
    3422     3320    3319       1
    3219     3218    3320       1
    3631     3527    3526       1
    3424     3423    3527       1
    3422     3526    3423       1
    1993     2094    2095       1
    2195     2196    2094       1
    2197     2095    2196       1
    2400     2401    2297       1
    2402     2298    2401       1
    2195     2297    2298       1
    2404     2300    2403       1
    2197     2299    2300       1
    2402     2403    2299       1
    2392     2393    2289       1
    2394     2290    2393       1
    2187     2289    2290       1
    2396     2292    2395       1
    2189     2291    2292       1
    2394     2395    2291       1
    1985     2086    2087       1
    2187     2188    2086       1
    2189     2087    2188       1
    3209     3108    3208       1
    3008     3107    3108       1
    3207     3208    3107       1
    2811     2908    2909       1
    3006     3007    2908       1
    3008     2909    3007       1
    3205     3206    3105       1
    3207     3106    3206       1
    3006     3105    3106       1
     663      727     728       1
     794      795     727       1
     796      728     795       1
     937      938     864       1
     939      865     938       1
     794      864     865       1
     941      867     940       1
     796      866     867       1
     939      940     866       1
     929      930     856       1
     931      857     930       1
     786      856     857       1
     933      859     932       1
     788      858     859       1
     931      932     858       1
     655      719     720       1
     786      787     719       1
     788      720     787       1
    1603     1515    1602       1
    1428     1514    1515       1
    1601     1602    1514       1
    1257     1341    1342       1
    1426     1427    1341       1
    1428     1342    1427       1
    1599     1600    1512       1
    1601     1513    1600       1
    1426     1512    1513       1
     437      436     489       1
     435      488     436       1
     544      489     488       1
     433      486     434       1
     542      487     486       1
     435      434     487       1
     663      602     601       1
     544      543     602       1
     542      601     543       1
     144      146     118       1
     178      147     146       1
     119      118     147       1
     251      214     213       1
     180      179     214       1
     178      213     179       1
     121      120     149       1
     119      148     120       1
     180      149     148       1
     655      594     593       1
     536      535     594       1
     534      593     535       1
     429      428     481       1
     427      480     428       1
     536      481     480       1
     476      478     426       1
     534      479     478       1
     427      426     479       1
     229      228     267       1
     227      266     228       1
     308      267     266       1
     225      264     226       1
     306      265     264       1
     227      226     265       1
     399      352     351       1
     308      307     352       1
     306      351     307       1
     121      122      96       1
     123       97     122       1
      74       96      97       1
     125       99     124       1
      76       98      99       1
     123      124      98       1
      39       55      56       1
      74       75      55       1
      76       56      75       1
     441      391     440       1
     344      390     391       1
     439      440     390       1
     259      299     300       1
     342      343     299       1
     344      300     343       1
     437      438     388       1
     439      389     438       1
     342      388     389       1
     941     1018     942       1
    1098     1019    1018       1
     943      942    1019       1
    1265     1182    1181       1
    1100     1099    1182       1
    1098     1181    1099       1
     945      944    1021       1
     943     1020     944       1
    1100     1021    1020       1
    1985     1886    1885       1
    1790     1789    1886       1
    1788     1885    1789       1
    1607     1606    1697       1
    1605     1696    1606       1
    1790     1697    1696       1
    1603     1694    1604       1
    1788     1695    1694       1
    1605     1604    1695       1
    1615     1614    1705       1
    1613     1704    1614       1
    1798     1705    1704       1
    1611     1702    1612       1
    1796     1703    1702       1
    1613     1612    1703       1
    1993     1894    1893       1
    1798     1797    1894       1
    1796     1893    1797       1
    1563     1476    1475       1
    1477     1389    1476       1
    1388     1475    1389       1
    1479     1391    1478       1
    1304     1390    1391       1
    1477     1478    1390       1
    1217     1302    1218       1
    1388     1303    1302       1
    1304     1218    1303       1
    2270     2164    2269       1
    2058     2163    2164       1
    2268     2269    2163       1
    1853     1953    1954       1
    2056     2057    1953       1
    2058     1954    2057       1
    2266     2267    2161       1
    2268     2162    2267       1
    2056     2161    2162       1
    1141     1225    1226       1
    1310     1311    1225       1
    1312     1226    1311       1
    1483     1484    1396       1
    1485     1397    1484       1
    1310     1396    1397       1
    1487     1399    1486       1
    1312     1398    1399       1
    1485     1486    1398       1
    1941     1942    1842       1
    1943     1843    1942       1
    1746     1842    1843       1
    1945     1845    1944       1
    1748     1844    1845       1
    1943     1944    1844       1
    1563     1653    1654       1
    1746     1747    1653       1
    1748     1654    1747       1
    2798     2688    2797       1
    2579     2687    2688       1
    2796     2797    2687       1
    2364     2470    2471       1
    2577     2578    2470       1
    2579     2471    2578       1
    2794     2795    2685       1
    2796     2686    2795       1
    2577     2685    2686       1
    2266     2265    2372       1
    2264     2371    2265       1
    2479     2372    2371       1
    2262     2369    2263       1
    2477     2370    2369       1
    2264     2263    2370       1
    2696     2587    2586       1
    2479     2478    2587       1
    2477     2586    2478       1
    3188     3086    3085       1
    2985     2984    3086       1
    2983     3085    2984       1
    2786     2785    2885       1
    2784     2884    2785       1
    2985     2885    2884       1
    2782     2882    2783       1
    2983     2883    2882       1
    2784     2783    2883       1
    2794     2793    2893       1
    2792     2892    2793       1
    2993     2893    2892       1
    2790     2890    2791       1
    2991     2891    2890       1
    2792     2791    2891       1
    3196     3094    3093       1
    2993     2992    3094       1
    2991     3093    2992       1
    1937     2040    1938       1
    2145     2041    2040       1
    1939     1938    2041       1
    2356     2251    2250       1
    2147     2146    2251       1
    2145     2250    2146       1
    1941     1940    2043       1
    1939     2042    1940       1
    2147     2043    2042       1
    1217     1133    1216       1
    1052     1132    1133       1
    1215     1216    1132       1
     899      973     974       1
    1050     1051     973       1
    1052      974    1051       1
    1213     1214    1130       1
    1215     1131    1214       1
    1050     1130    1131       1
     835      834     907       1
     833      906     834       1
     982      907     906       1
     831      904     832       1
     980      905     904       1
     833      832     905       1
    1141     1060    1059       1
     982      981    1060       1
     980     1059     981       1
     625      626     566       1
     627      567     626       1
     510      566     567       1
     629      569     628       1
     512      568     569       1
     627      628     568       1
     407      457     458       1
     510      511     457       1
     512      458     511       1
    3605     3693    3586       1
    3781     3694    3693       1
    3587     3586    3694       1
    3960     3871    3870       1
    3783     3782    3871       1
    3781     3870    3782       1
    3589     3588    3696       1
    3587     3695    3588       1
    3783     3696    3695       1
    4708     4611    4610       1
    4515     4514    4611       1
    4513     4610    4514       1
    4326     4325    4420       1
    4324     4419    4325       1
    4515     4420    4419       1
    4350     4417    4323       1
    4513     4418    4417       1
    4324     4323    4418       1
    4334     4333    4428       1
    4332     4427    4333       1
    4523     4428    4427       1
    4330     4425    4331       1
    4521     4426    4425       1
    4332     4331    4426       1
    4716     4619    4618       1
    4523     4522    4619       1
    4521     4618    4522       1
    3581     3688    3582       1
    3775     3689    3688       1
    3583     3582    3689       1
    3952     3864    3863       1
    3777     3776    3864       1
    3775     3863    3776       1
    3605     3584    3691       1
    3583     3690    3584       1
    3777     3691    3690       1
    4692     4596    4595       1
    4501     4500    4596       1
    4499     4595    4500       1
    4314     4313    4407       1
    4312     4406    4313       1
    4501     4407    4406       1
    4310     4404    4311       1
    4499     4405    4404       1
    4312     4311    4405       1
    4350     4321    4415       1
    4320     4414    4321       1
    4509     4415    4414       1
    4318     4412    4319       1
    4507     4413    4412       1
    4320     4319    4413       1
    4700     4604    4603       1
    4509     4508    4604       1
    4507     4603    4508       1
    3569     3570    3464       1
    3571     3465    3570       1
    3360     3464    3465       1
    3573     3467    3572       1
    3362     3466    3467       1
    3571     3572    3466       1
    3155     3257    3258       1
    3360     3361    3257       1
    3362     3258    3361       1
    4310     4217    4309       1
    4125     4216    4217       1
    4308     4309    4216       1
    3944     4033    4034       1
    4123     4124    4033       1
    4125     4034    4124       1
    4306     4307    4214       1
    4308     4215    4307       1
    4123     4214    4215       1
    3163     3265    3266       1
    3368     3369    3265       1
    3370     3266    3369       1
    3577     3578    3472       1
    3579     3473    3578       1
    3368     3472    3473       1
    3581     3475    3580       1
    3370     3474    3475       1
    3579     3580    3474       1
    3589     3590    3483       1
    3591     3484    3590       1
    3378     3483    3484       1
    3593     3486    3592       1
    3380     3485    3486       1
    3591     3592    3485       1
    3171     3274    3275       1
    3378     3379    3274       1
    3380     3275    3379       1
    4338     4244    4337       1
    4151     4243    4244       1
    4336     4337    4243       1
    3968     4058    4059       1
    4149     4150    4058       1
    4151     4059    4150       1
    4334     4335    4241       1
    4336     4242    4335       1
    4149     4241    4242       1
    3179     3282    3283       1
    3386     3387    3282       1
    3388     3283    3387       1
    3597     3598    3491       1
    3599     3492    3598       1
    3386     3491    3492       1
    3601     3494    3600       1
    3388     3493    3494       1
    3599     3600    3493       1
    3546     3652    3547       1
    3738     3653    3652       1
    3548     3547    3653       1
    3913     3826    3825       1
    3740     3739    3826       1
    3738     3825    3739       1
    3550     3549    3655       1
    3548     3654    3549       1
    3740     3655    3654       1
    4645     4550    4549       1
    4456     4455    4550       1
    4454     4549    4455       1
    4271     4270    4363       1
    4269     4362    4270       1
    4456     4363    4362       1
    4267     4360    4268       1
    4454     4361    4360       1
    4269     4268    4361       1
    4279     4278    4371       1
    4277     4370    4278       1
    4464     4371    4370       1
    4275     4368    4276       1
    4462     4369    4368       1
    4277     4276    4369       1
    4653     4558    4557       1
    4464     4463    4558       1
    4462     4557    4463       1
    3132     3233    3234       1
    3335     3336    3233       1
    3337     3234    3336       1
    3542     3543    3438       1
    3544     3439    3543       1
    3335     3438    3439       1
    3546     3441    3545       1
    3337     3440    3441       1
    3544     3545    3440       1
    3639     3535    3534       1
    3536     3431    3535       1
    3430     3534    3431       1
    3538     3433    3537       1
    3329     3432    3433       1
    3536     3537    3432       1
    3225     3327    3226       1
    3430     3328    3327       1
    3329     3226    3328       1
    4267     4175    4266       1
    4084     4174    4175       1
    4265     4266    4174       1
    3905     3993    3994       1
    4082     4083    3993       1
    4084     3994    4083       1
    4263     4264    4172       1
    4265     4173    4264       1
    4082     4172    4173       1
    2408     2409    2305       1
    2410     2306    2409       1
    2203     2305    2306       1
    2412     2308    2411       1
    2205     2307    2308       1
    2410     2411    2307       1
    2001     2102    2103       1
    2203     2204    2102       1
    2205     2103    2204       1
    3225     3124    3224       1
    3024     3123    3124       1
    3223     3224    3123       1
    2827     2924    2925       1
    3022     3023    2924       1
    3024     2925    3023       1
    3221     3222    3121       1
    3223     3122    3222       1
    3022     3121    3122       1
    2738     2737    2835       1
    2736     2834    2737       1
    2933     2835    2834       1
    2734     2832    2735       1
    2931     2833    2832       1
    2736     2735    2833       1
    3132     3032    3031       1
    2933     2932    3032       1
    2931     3031    2932       1
    3550     3551    3446       1
    3552     3447    3551       1
    3343     3446    3447       1
    3554     3449    3553       1
    3345     3448    3449       1
    3552     3553    3448       1
    3140     3241    3242       1
    3343     3344    3241       1
    3345     3242    3344       1
    4283     4191    4282       1
    4100     4190    4191       1
    4281     4282    4190       1
    3921     4009    4010       1
    4098     4099    4009       1
    4100     4010    4099       1
    4279     4280    4188       1
    4281     4189    4280       1
    4098     4188    4189       1
    3148     3249    3250       1
    3351     3352    3249       1
    3353     3250    3352       1
    3558     3559    3454       1
    3560     3455    3559       1
    3351     3454    3455       1
    3562     3457    3561       1
    3353     3456    3457       1
    3560     3561    3456       1
    1197     1196    1281       1
    1195     1280    1196       1
    1366     1281    1280       1
    1193     1278    1194       1
    1364     1279    1278       1
    1195     1194    1279       1
    1539     1452    1451       1
    1366     1365    1452       1
    1364     1451    1365       1
     945      946     872       1
     947      873     946       1
     802      872     873       1
     949      875     948       1
     804      874     875       1
     947      948     874       1
     671      735     736       1
     802      803     735       1
     804      736     803       1
    1619     1531    1618       1
    1444     1530    1531       1
    1617     1618    1530       1
    1273     1357    1358       1
    1442     1443    1357       1
    1444     1358    1443       1
    1615     1616    1528       1
    1617     1529    1616       1
    1442     1528    1529       1
    1201     1117    1200       1
    1036     1116    1117       1
    1199     1200    1116       1
     883      957     958       1
    1034     1035     957       1
    1036      958    1035       1
    1197     1198    1114       1
    1199     1115    1198       1
    1034     1114    1115       1
     399      449     450       1
     502      503     449       1
     504      450     503       1
     617      618     558       1
     619      559     618       1
     502      558     559       1
     621      561     620       1
     504      560     561       1
     619      620     560       1
     671      610     609       1
     611      551     610       1
     550      609     551       1
     613      553     612       1
     496      552     553       1
     611      612     552       1
     441      494     442       1
     550      495     494       1
     496      442     495       1
    1213     1212    1297       1
    1211     1296    1212       1
    1382     1297    1296       1
    1209     1294    1210       1
    1380     1295    1294       1
    1211     1210    1295       1
    1555     1468    1467       1
    1382     1381    1468       1
    1380     1467    1381       1
     621      684     622       1
     750      685     684       1
     623      622     685       1
     891      820     819       1
     752      751     820       1
     750      819     751       1
     625      624     687       1
     623      686     624       1
     752      687     686       1
    1547     1460    1459       1
    1374     1373    1460       1
    1372     1459    1373       1
    1205     1204    1289       1
    1203     1288    1204       1
    1374     1289    1288       1
    1201     1286    1202       1
    1372     1287    1286       1
    1203     1202    1287       1
    1539     1627    1628       1
    1718     1719    1627       1
    1720     1628    1719       1
    1909     1910    1812       1
    1911     1813    1910       1
    1718     1812    1813       1
    1913     1815    1912       1
    1720     1814    1815       1
    1911     1912    1814       1
    2001     1902    1901       1
    1903     1805    1902       1
    1804     1901    1805       1
    1905     1807    1904       1
    1712     1806    1807       1
    1903     1904    1806       1
    1619     1710    1620       1
    1804     1711    1710       1
    1712     1620    1711       1
    2742     2634    2741       1
    2527     2633    2634       1
    2740     2741    2633       1
    2316     2420    2421       1
    2525     2526    2420       1
    2527     2421    2526       1
    2738     2739    2631       1
    2740     2632    2739       1
    2525     2631    2632       1
    1913     2014    1914       1
    2117     2015    2014       1
    1915     1914    2015       1
    2324     2221    2220       1
    2119     2118    2221       1
    2117     2220    2118       1
    1920     1916    2017       1
    1915     2016    1916       1
    2119     2017    2016       1
    3140     3040    3039       1
    2941     2940    3040       1
    2939     3039    2940       1
    2746     2745    2843       1
    2744     2842    2745       1
    2941     2843    2842       1
    2742     2840    2743       1
    2939     2841    2840       1
    2744     2743    2841       1
    2765     2753    2851       1
    2752     2850    2753       1
    2949     2851    2850       1
    2750     2848    2751       1
    2947     2849    2848       1
    2752     2751    2849       1
    3148     3048    3047       1
    2949     2948    3048       1
    2947     3047    2948       1
    1920     2018    1917       1
    2122     2019    2018       1
    1918     1917    2019       1
    2331     2227    2226       1
    2124     2123    2227       1
    2122     2226    2123       1
    1924     1919    2021       1
    1918     2020    1919       1
    2124     2021    2020       1
    3155     3054    3053       1
    2954     2953    3054       1
    2952     3053    2953       1
    2757     2756    2855       1
    2755     2854    2756       1
    2954     2855    2854       1
    2765     2852    2754       1
    2952     2853    2852       1
    2755     2754    2853       1
    2777     2764    2863       1
    2763     2862    2764       1
    2962     2863    2862       1
    2761     2860    2762       1
    2960     2861    2860       1
    2763     2762    2861       1
    3163     3062    3061       1
    2962     2961    3062       1
    2960     3061    2961       1
    1924     2023    1921       1
    2128     2024    2023       1
    1922     1921    2024       1
    2339     2234    2233       1
    2130     2129    2234       1
    2128     2233    2129       1
    1925     1923    2026       1
    1922     2025    1923       1
    2130     2026    2025       1
    3171     3069    3068       1
    2968     2967    3069       1
    2966     3068    2967       1
    2769     2768    2868       1
    2767     2867    2768       1
    2968     2868    2867       1
    2777     2865    2766       1
    2966     2866    2865       1
    2767     2766    2866       1
    2778     2776    2876       1
    2775     2875    2776       1
    2976     2876    2875       1
    2773     2873    2774       1
    2974     2874    2873       1
    2775     2774    2874       1
    3179     3077    3076       1
    2976     2975    3077       1
    2974     3076    2975       1
    1555     1645    1646       1
    1738     1739    1645       1
    1740     1646    1739       1
    1933     1934    1834       1
    1935     1835    1934       1
    1738     1834    1835       1
    1937     1837    1936       1
    1740     1836    1837       1
    1935     1936    1836       1
    1925     1926    1826       1
    1927     1827    1926       1
    1730     1826    1827       1
    1929     1829    1928       1
    1732     1828    1829       1
    1927     1928    1828       1
    1547     1637    1638       1
    1730     1731    1637       1
    1732     1638    1731       1
    2782     2672    2781       1
    2563     2671    2672       1
    2780     2781    2671       1
    2348     2454    2455       1
    2561     2562    2454       1
    2563     2455    2562       1
    2778     2779    2669       1
    2780     2670    2779       1
    2561     2669    2670       1
    1973     2075    2076       1
    2177     2178    2075       1
    2179     2076    2178       1
    2384     2385    2280       1
    2386     2281    2385       1
    2177     2280    2281       1
    2388     2283    2387       1
    2179     2282    2283       1
    2386     2387    2282       1
    2799     2800    2702       1
    2801     2703    2800       1
    2595     2702    2703       1
    2803     2705    2802       1
    2597     2704    2705       1
    2801     2802    2704       1
    2384     2489    2490       1
    2595     2596    2489       1
    2597     2490    2596       1
    2807     2709    2806       1
    2601     2708    2709       1
    2805     2806    2708       1
    2388     2493    2494       1
    2599     2600    2493       1
    2601     2494    2600       1
    2803     2804    2706       1
    2805     2707    2804       1
    2599     2706    2707       1
    1253     1252    1337       1
    1251     1336    1252       1
    1422     1337    1336       1
    1249     1334    1250       1
    1420     1335    1334       1
    1251     1250    1335       1
    1595     1508    1507       1
    1422     1421    1508       1
    1420     1507    1421       1
    1329     1330    1246       1
    1416     1331    1330       1
    1247     1246    1331       1
    1591     1504    1503       1
    1418     1417    1504       1
    1416     1503    1417       1
    1249     1248    1333       1
    1247     1332    1248       1
    1418     1333    1332       1
    1973     1874    1873       1
    1778     1777    1874       1
    1776     1873    1777       1
    1595     1594    1685       1
    1593     1684    1594       1
    1778     1685    1684       1
    1591     1682    1592       1
    1776     1683    1682       1
    1593     1592    1683       1
    1153     1072    1071       1
     994      993    1072       1
     992     1071     993       1
     847      846     919       1
     845      918     846       1
     994      919     918       1
     843      916     844       1
     992      917     916       1
     845      844     917       1
     590      588     649       1
     587      648     588       1
     712      649     648       1
     585      646     586       1
     710      647     646       1
     587      586     647       1
     847      778     777       1
     712      711     778       1
     710      777     711       1
     581      642     582       1
     706      643     642       1
     583      582     643       1
     843      774     773       1
     708      707     774       1
     706      773     707       1
     585      584     645       1
     583      644     584       1
     708      645     644       1
    1857     1858    1761       1
    1859     1762    1858       1
    1668     1761    1762       1
    1861     1764    1860       1
    1670     1763    1764       1
    1859     1860    1763       1
    1491     1578    1579       1
    1668     1669    1578       1
    1670     1579    1669       1
    1865     1768    1864       1
    1674     1767    1768       1
    1863     1864    1767       1
    1495     1582    1583       1
    1672     1673    1582       1
    1674     1583    1673       1
    1861     1862    1765       1
    1863     1766    1862       1
    1672     1765    1766       1
    1153     1236    1237       1
    1320     1321    1236       1
    1322     1237    1321       1
    1491     1492    1405       1
    1493     1406    1492       1
    1320     1405    1406       1
    1495     1408    1494       1
    1322     1407    1408       1
    1493     1494    1407       1
    5113     5114    5079       1
    5115     5080    5114       1
    5041     5079    5080       1
    5117     5082    5116       1
    5043     5081    5082       1
    5115     5116    5081       1
    4953     4999    5000       1
    5041     5042    4999       1
    5043     5000    5042       1
    5121     5086    5120       1
    5047     5085    5086       1
    5119     5120    5085       1
    4957     5003    5004       1
    5045     5046    5003       1
    5047     5004    5046       1
    5117     5118    5083       1
    5119     5084    5118       1
    5045     5083    5084       1
    4728     4791    4792       1
    4849     4850    4791       1
    4851     4792    4850       1
    4953     4954    4903       1
    4955     4904    4954       1
    4849     4903    4904       1
    4957     4906    4956       1
    4851     4905    4906       1
    4955     4956    4905       1
    4712     4776    4777       1
    4835     4836    4776       1
    4837     4777    4836       1
    4941     4942    4890       1
    4943     4891    4942       1
    4835     4890    4891       1
    4945     4893    4944       1
    4837     4892    4893       1
    4943     4944    4892       1
    5105     5106    5070       1
    5107     5071    5106       1
    5031     5070    5071       1
    5109     5073    5108       1
    5033     5072    5073       1
    5107     5108    5072       1
    4941     4988    4989       1
    5031     5032    4988       1
    5033     4989    5032       1
    5113     5077    5112       1
    5037     5076    5077       1
    5111     5112    5076       1
    4945     4992    4993       1
    5035     5036    4992       1
    5037     4993    5036       1
    5109     5110    5074       1
    5111     5075    5110       1
    5035     5074    5075       1
    5096     5097    5060       1
    5098     5061    5097       1
    5020     5060    5061       1
    5100     5063    5099       1
    5022     5062    5063       1
    5098     5099    5062       1
    4928     4976    4977       1
    5020     5021    4976       1
    5022     4977    5021       1
    5104     5067    5103       1
    5026     5066    5067       1
    5102     5103    5066       1
    4932     4980    4981       1
    5024     5025    4980       1
    5026     4981    5025       1
    5100     5101    5064       1
    5102     5065    5101       1
    5024     5064    5065       1
    4665     4760    4761       1
    4820     4821    4760       1
    4822     4761    4821       1
    4928     4929    4876       1
    4930     4877    4929       1
    4820     4876    4877       1
    4932     4879    4931       1
    4822     4878    4879       1
    4930     4931    4878       1
    4649     4745    4746       1
    4806     4807    4745       1
    4808     4746    4807       1
    4916     4917    4863       1
    4918     4864    4917       1
    4806     4863    4864       1
    4920     4866    4919       1
    4808     4865    4866       1
    4918     4919    4865       1
    5088     5089    5051       1
    5090     5052    5089       1
    5010     5051    5052       1
    5092     5054    5091       1
    5012     5053    5054       1
    5090     5091    5053       1
    4916     4965    4966       1
    5010     5011    4965       1
    5012     4966    5011       1
    5096     5058    5095       1
    5016     5057    5058       1
    5094     5095    5057       1
    4920     4969    4970       1
    5014     5015    4969       1
    5016     4970    5015       1
    5092     5093    5055       1
    5094     5056    5093       1
    5014     5055    5056       1
     201      168     167       1
     138      137     168       1
     136      167     137       1
      87       86     111       1
      85      110      86       1
     138      111     110       1
     107      108      84       1
     136      109     108       1
      85       84     109       1
      22       20      33       1
      19       32      20       1
      48       33      32       1
      29       30      18       1
      46       31      30       1
      19       18      31       1
      87       66      65       1
      48       47      66       1
      46       65      47       1
     103      104      80       1
     105       81     104       1
      60       80      81       1
     107       83     106       1
      62       82      83       1
     105      106      82       1
      29       43      44       1
      60       61      43       1
      62       44      61       1
     573      574     516       1
     575      517     574       1
     462      516     517       1
     577      519     576       1
     464      518     519       1
     575      576     518       1
     363      411     412       1
     462      463     411       1
     464      412     463       1
     581      523     580       1
     468      522     523       1
     579      580     522       1
     367      415     416       1
     466      467     415       1
     468      416     467       1
     577      578     520       1
     579      521     578       1
     466      520     521       1
     201      237     238       1
     276      277     237       1
     278      238     277       1
     363      364     318       1
     365      319     364       1
     276      318     319       1
     367      321     366       1
     278      320     321       1
     365      366     320       1
    3981     3982    3892       1
    3983     3893    3982       1
    3804     3892    3893       1
    3985     3895    3984       1
    3806     3894    3895       1
    3983     3984    3894       1
    3610     3717    3718       1
    3804     3805    3717       1
    3806     3718    3805       1
    3989     3899    3988       1
    3810     3898    3899       1
    3987     3988    3898       1
    3614     3721    3722       1
    3808     3809    3721       1
    3810     3722    3809       1
    3985     3986    3896       1
    3987     3897    3986       1
    3808     3896    3897       1
    3192     3295    3296       1
    3399     3400    3295       1
    3401     3296    3400       1
    3610     3611    3504       1
    3612     3505    3611       1
    3399     3504    3505       1
    3614     3507    3613       1
    3401     3506    3507       1
    3612     3613    3506       1
    3972     4063    3973       1
    4155     4064    4063       1
    3974     3973    4064       1
    4342     4249    4248       1
    4157     4156    4249       1
    4155     4248    4156       1
    3976     3975    4066       1
    3974     4065    3975       1
    4157     4066    4065       1
    4728     4631    4630       1
    4535     4534    4631       1
    4533     4630    4534       1
    4346     4345    4440       1
    4344     4439    4345       1
    4535     4440    4439       1
    4342     4437    4343       1
    4533     4438    4437       1
    4344     4343    4438       1
    3981     3979    4070       1
    3978     4069    3979       1
    4161     4070    4069       1
    3976     4067    3977       1
    4159     4068    4067       1
    3978     3977    4068       1
    4346     4253    4252       1
    4161     4160    4253       1
    4159     4252    4160       1
    3956     4022    3933       1
    4113     4023    4022       1
    3934     3933    4023       1
    4298     4206    4205       1
    4115     4114    4206       1
    4113     4205    4114       1
    3936     3935    4025       1
    3934     4024    3935       1
    4115     4025    4024       1
    4680     4584    4583       1
    4489     4488    4584       1
    4487     4583    4488       1
    4302     4301    4395       1
    4300     4394    4301       1
    4489     4395    4394       1
    4298     4392    4299       1
    4487     4393    4392       1
    4300     4299    4393       1
    3940     3939    4029       1
    3938     4028    3939       1
    4119     4029    4028       1
    3936     4026    3937       1
    4117     4027    4026       1
    3938     3937    4027       1
    4302     4210    4209       1
    4119     4118    4210       1
    4117     4209    4118       1
    3925     4014    3926       1
    4104     4015    4014       1
    3927     3926    4015       1
    4287     4196    4195       1
    4106     4105    4196       1
    4104     4195    4105       1
    3929     3928    4017       1
    3927     4016    3928       1
    4106     4017    4016       1
    4665     4570    4569       1
    4476     4475    4570       1
    4474     4569    4475       1
    4291     4290    4383       1
    4289     4382    4290       1
    4476     4383    4382       1
    4287     4380    4288       1
    4474     4381    4380       1
    4289     4288    4381       1
    3956     3932    4021       1
    3931     4020    3932       1
    4110     4021    4020       1
    3929     4018    3930       1
    4108     4019    4018       1
    3931     3930    4019       1
    4291     4200    4199       1
    4110     4109    4200       1
    4108     4199    4109       1
    2815     2913    2816       1
    3012     2914    2913       1
    2817     2816    2914       1
    3213     3113    3112       1
    3014     3013    3113       1
    3012     3112    3013       1
    2819     2818    2916       1
    2817     2915    2818       1
    3014     2916    2915       1
    3627     3523    3522       1
    3420     3419    3523       1
    3418     3522    3419       1
    3217     3216    3318       1
    3215     3317    3216       1
    3420     3318    3317       1
    3213     3315    3214       1
    3418     3316    3315       1
    3215     3214    3316       1
    2823     2822    2920       1
    2821     2919    2822       1
    3018     2920    2919       1
    2819     2917    2820       1
    3016     2918    2917       1
    2821     2820    2918       1
    3217     3117    3116       1
    3018     3017    3117       1
    3016     3116    3017       1
    1989     2090    2091       1
    2191     2192    2090       1
    2193     2091    2192       1
    2396     2397    2293       1
    2398     2294    2397       1
    2191     2293    2294       1
    2400     2296    2399       1
    2193     2295    2296       1
    2398     2399    2295       1
    2807     2808    2711       1
    2809     2712    2808       1
    2605     2711    2712       1
    2811     2714    2810       1
    2607     2713    2714       1
    2809     2810    2713       1
    2396     2500    2501       1
    2605     2606    2500       1
    2607     2501    2606       1
    2815     2718    2814       1
    2611     2717    2718       1
    2813     2814    2717       1
    2400     2504    2505       1
    2609     2610    2504       1
    2611     2505    2610       1
    2811     2812    2715       1
    2813     2716    2812       1
    2609     2715    2716       1
     659      723     724       1
     790      791     723       1
     792      724     791       1
     933      934     860       1
     935      861     934       1
     790      860     861       1
     937      863     936       1
     792      862     863       1
     935      936     862       1
    1253     1254    1170       1
    1255     1171    1254       1
    1088     1170    1171       1
    1257     1173    1256       1
    1090     1172    1173       1
    1255     1256    1172       1
     933     1009    1010       1
    1088     1089    1009       1
    1090     1010    1089       1
    1261     1177    1260       1
    1094     1176    1177       1
    1259     1260    1176       1
     937     1013    1014       1
    1092     1093    1013       1
    1094     1014    1093       1
    1257     1258    1174       1
    1259     1175    1258       1
    1092     1174    1175       1
     255      254     295       1
     253      294     254       1
     338      295     294       1
     251      292     252       1
     336      293     292       1
     253      252     293       1
     433      384     383       1
     338      337     384       1
     336      383     337       1
     286      288     248       1
     332      289     288       1
     249      248     289       1
     429      380     379       1
     334      333     380       1
     332      379     333       1
     251      250     291       1
     249      290     250       1
     334      291     290       1
     659      598     597       1
     540      539     598       1
     538      597     539       1
     433      432     485       1
     431      484     432       1
     540      485     484       1
     429      482     430       1
     538      483     482       1
     431      430     483       1
     103      102     129       1
     101      128     102       1
     158      129     128       1
     125      126     100       1
     156      127     126       1
     101      100     127       1
     225      190     189       1
     158      157     190       1
     156      189     157       1
     255      256     218       1
     257      219     256       1
     184      218     219       1
     259      221     258       1
     186      220     221       1
     257      258     220       1
     125      153     154       1
     184      185     153       1
     186      154     185       1
     395      348     347       1
     304      303     348       1
     302      347     303       1
     225      224     263       1
     223      262     224       1
     304      263     262       1
     259      260     222       1
     302      261     260       1
     223      222     261       1
    1261     1346    1262       1
    1432     1347    1346       1
    1263     1262    1347       1
    1607     1520    1519       1
    1434     1433    1520       1
    1432     1519    1433       1
    1265     1264    1349       1
    1263     1348    1264       1
    1434     1349    1348       1
    1989     1890    1889       1
    1794     1793    1890       1
    1792     1889    1793       1
    1611     1610    1701       1
    1609     1700    1610       1
    1794     1701    1700       1
    1607     1698    1608       1
    1792     1699    1698       1
    1609     1608    1699       1
    1269     1268    1353       1
    1267     1352    1268       1
    1438     1353    1352       1
    1265     1350    1266       1
    1436     1351    1350       1
    1267     1266    1351       1
    1611     1524    1523       1
    1438     1437    1524       1
    1436     1523    1437       1
    1849     1850    1752       1
    1851     1753    1850       1
    1658     1752    1753       1
    1853     1755    1852       1
    1660     1754    1755       1
    1851     1852    1754       1
    1479     1567    1568       1
    1658     1659    1567       1
    1660     1568    1659       1
    1857     1759    1856       1
    1664     1758    1759       1
    1855     1856    1758       1
    1483     1571    1572       1
    1662     1663    1571       1
    1664     1572    1663       1
    1853     1854    1756       1
    1855     1757    1854       1
    1662     1756    1757       1
    1137     1221    1222       1
    1306     1307    1221       1
    1308     1222    1307       1
    1479     1480    1392       1
    1481     1393    1480       1
    1306     1392    1393       1
    1483     1395    1482       1
    1308     1394    1395       1
    1481     1482    1394       1
    2360     2361    2255       1
    2362     2256    2361       1
    2151     2255    2256       1
    2364     2258    2363       1
    2153     2257    2258       1
    2362     2363    2257       1
    1945     2047    2048       1
    2151     2152    2047       1
    2153     2048    2152       1
    2692     2583    2582       1
    2475     2474    2583       1
    2473     2582    2474       1
    2262     2261    2368       1
    2260     2367    2261       1
    2475     2368    2367       1
    2364     2365    2259       1
    2473     2366    2365       1
    2260     2259    2366       1
    1849     1848    1949       1
    1847     1948    1848       1
    2052     1949    1948       1
    1945     1946    1846       1
    2050     1947    1946       1
    1847     1846    1947       1
    2262     2157    2156       1
    2052     2051    2157       1
    2050     2156    2051       1
    3192     3090    3089       1
    2989     2988    3090       1
    2987     3089    2988       1
    2790     2789    2889       1
    2788     2888    2789       1
    2989     2889    2888       1
    2786     2886    2787       1
    2987     2887    2886       1
    2788     2787    2887       1
    2360     2359    2466       1
    2358     2465    2359       1
    2573     2466    2465       1
    2356     2463    2357       1
    2571     2464    2463       1
    2358     2357    2464       1
    2790     2681    2680       1
    2573     2572    2681       1
    2571     2680    2572       1
    2352     2459    2353       1
    2567     2460    2459       1
    2354     2353    2460       1
    2786     2677    2676       1
    2569     2568    2677       1
    2567     2676    2568       1
    2356     2355    2462       1
    2354     2461    2355       1
    2569     2462    2461       1
    1137     1056    1055       1
     978      977    1056       1
     976     1055     977       1
     831      830     903       1
     829      902     830       1
     978      903     902       1
     899      900     828       1
     976      901     900       1
     829      828     901       1
     573      572     633       1
     571      632     572       1
     696      633     632       1
     629      630     570       1
     694      631     630       1
     571      570     631       1
     831      762     761       1
     696      695     762       1
     694      761     695       1
     895      896     824       1
     897      825     896       1
     756      824     825       1
     899      827     898       1
     758      826     827       1
     897      898     826       1
     629      691     692       1
     756      757     691       1
     758      692     757       1
    3980     4047    3957       1
    4139     4048    4047       1
    3958     3957    4048       1
    4326     4233    4232       1
    4141     4140    4233       1
    4139     4232    4140       1
    3960     3959    4050       1
    3958     4049    3959       1
    4141     4050    4049       1
    4712     4615    4614       1
    4519     4518    4615       1
    4517     4614    4518       1
    4330     4329    4424       1
    4328     4423    4329       1
    4519     4424    4423       1
    4326     4421    4327       1
    4517     4422    4421       1
    4328     4327    4422       1
    3964     3963    4054       1
    3962     4053    3963       1
    4145     4054    4053       1
    3960     4051    3961       1
    4143     4052    4051       1
    3962     3961    4052       1
    4330     4237    4236       1
    4145     4144    4237       1
    4143     4236    4144       1
    3948     4038    3949       1
    4129     4039    4038       1
    3950     3949    4039       1
    4314     4222    4221       1
    4131     4130    4222       1
    4129     4221    4130       1
    3952     3951    4041       1
    3950     4040    3951       1
    4131     4041    4040       1
    4696     4600    4599       1
    4505     4504    4600       1
    4503     4599    4504       1
    4318     4317    4411       1
    4316     4410    4317       1
    4505     4411    4410       1
    4314     4408    4315       1
    4503     4409    4408       1
    4316     4315    4409       1
    3980     3955    4045       1
    3954     4044    3955       1
    4135     4045    4044       1
    3952     4042    3953       1
    4133     4043    4042       1
    3954     3953    4043       1
    4318     4226    4225       1
    4135     4134    4226       1
    4133     4225    4134       1
    3940     3941    3852       1
    3942     3853    3941       1
    3765     3852    3853       1
    3944     3855    3943       1
    3767     3854    3855       1
    3942     3943    3854       1
    3573     3679    3680       1
    3765     3766    3679       1
    3767     3680    3766       1
    3948     3859    3947       1
    3771     3858    3859       1
    3946     3947    3858       1
    3577     3683    3684       1
    3769     3770    3683       1
    3771     3684    3770       1
    3944     3945    3856       1
    3946     3857    3945       1
    3769     3856    3857       1
    3159     3261    3262       1
    3364     3365    3261       1
    3366     3262    3365       1
    3573     3574    3468       1
    3575     3469    3574       1
    3364     3468    3469       1
    3577     3471    3576       1
    3366     3470    3471       1
    3575     3576    3470       1
    3964     3965    3875       1
    3966     3876    3965       1
    3787     3875    3876       1
    3968     3878    3967       1
    3789     3877    3878       1
    3966     3967    3877       1
    3593     3700    3701       1
    3787     3788    3700       1
    3789     3701    3788       1
    3972     3882    3971       1
    3793     3881    3882       1
    3970     3971    3881       1
    3597     3704    3705       1
    3791     3792    3704       1
    3793     3705    3792       1
    3968     3969    3879       1
    3970     3880    3969       1
    3791     3879    3880       1
    3175     3278    3279       1
    3382     3383    3278       1
    3384     3279    3383       1
    3593     3594    3487       1
    3595     3488    3594       1
    3382     3487    3488       1
    3597     3490    3596       1
    3384     3489    3490       1
    3595     3596    3489       1
    3909     3998    3910       1
    4088     3999    3998       1
    3911     3910    3999       1
    4271     4180    4179       1
    4090     4089    4180       1
    4088     4179    4089       1
    3913     3912    4001       1
    3911     4000    3912       1
    4090     4001    4000       1
    4649     4554    4553       1
    4460     4459    4554       1
    4458     4553    4459       1
    4275     4274    4367       1
    4273     4366    4274       1
    4460     4367    4366       1
    4271     4364    4272       1
    4458     4365    4364       1
    4273     4272    4365       1
    3917     3916    4005       1
    3915     4004    3916       1
    4094     4005    4004       1
    3913     4002    3914       1
    4092     4003    4002       1
    3915     3914    4003       1
    4275     4184    4183       1
    4094     4093    4184       1
    4092     4183    4093       1
    3128     3229    3230       1
    3331     3332    3229       1
    3333     3230    3332       1
    3538     3539    3434       1
    3540     3435    3539       1
    3331     3434    3435       1
    3542     3437    3541       1
    3333     3436    3437       1
    3540     3541    3436       1
    3901     3902    3814       1
    3903     3815    3902       1
    3728     3814    3815       1
    3905     3817    3904       1
    3730     3816    3817       1
    3903     3904    3816       1
    3538     3643    3644       1
    3728     3729    3643       1
    3730     3644    3729       1
    3909     3821    3908       1
    3734     3820    3821       1
    3907     3908    3820       1
    3542     3647    3648       1
    3732     3733    3647       1
    3734     3648    3733       1
    3905     3906    3818       1
    3907     3819    3906       1
    3732     3818    3819       1
    2823     2824    2727       1
    2825     2728    2824       1
    2621     2727    2728       1
    2827     2730    2826       1
    2623     2729    2730       1
    2825     2826    2729       1
    2412     2516    2517       1
    2621     2622    2516       1
    2623     2517    2622       1
    3128     3028    3027       1
    2929     2928    3028       1
    2927     3027    2928       1
    2734     2733    2831       1
    2732     2830    2733       1
    2929     2831    2830       1
    2827     2828    2731       1
    2927     2829    2828       1
    2732     2731    2829       1
    2312     2311    2416       1
    2310     2415    2311       1
    2521     2416    2415       1
    2412     2413    2309       1
    2519     2414    2413       1
    2310     2309    2414       1
    2734     2627    2626       1
    2521     2520    2627       1
    2519     2626    2520       1
    3917     3918    3830       1
    3919     3831    3918       1
    3744     3830    3831       1
    3921     3833    3920       1
    3746     3832    3833       1
    3919     3920    3832       1
    3554     3659    3660       1
    3744     3745    3659       1
    3746     3660    3745       1
    3925     3837    3924       1
    3750     3836    3837       1
    3923     3924    3836       1
    3558     3663    3664       1
    3748     3749    3663       1
    3750     3664    3749       1
    3921     3922    3834       1
    3923     3835    3922       1
    3748     3834    3835       1
    3144     3245    3246       1
    3347     3348    3245       1
    3349     3246    3348       1
    3554     3555    3450       1
    3556     3451    3555       1
    3347     3450    3451       1
    3558     3453    3557       1
    3349     3452    3453       1
    3556     3557    3452       1
     879      878     953       1
     877      952     878       1
    1030      953     952       1
     949      950     876       1
    1028      951     950       1
     877      876     951       1
    1193     1110    1109       1
    1030     1029    1110       1
    1028     1109    1029       1
    1269     1270    1186       1
    1271     1187    1270       1
    1104     1186    1187       1
    1273     1189    1272       1
    1106     1188    1189       1
    1271     1272    1188       1
     949     1025    1026       1
    1104     1105    1025       1
    1106     1026    1105       1
    1535     1448    1447       1
    1362     1361    1448       1
    1360     1447    1361       1
    1193     1192    1277       1
    1191     1276    1192       1
    1362     1277    1276       1
    1273     1274    1190       1
    1360     1275    1274       1
    1191     1190    1275       1
     887      815     886       1
     746      814     815       1
     885      886     814       1
     617      679     680       1
     744      745     679       1
     746      680     745       1
     883      884     812       1
     885      813     884       1
     744      812     813       1
     395      445     446       1
     498      499     445       1
     500      446     499       1
     613      614     554       1
     615      555     614       1
     498      554     555       1
     617      557     616       1
     500      556     557       1
     615      616     556       1
     879      880     808       1
     881      809     880       1
     740      808     809       1
     883      811     882       1
     742      810     811       1
     881      882     810       1
     613      675     676       1
     740      741     675       1
     742      676     741       1
     895      894     969       1
     893      968     894       1
    1046      969     968       1
     891      966     892       1
    1044      967     966       1
     893      892     967       1
    1209     1126    1125       1
    1046     1045    1126       1
    1044     1125    1045       1
     887      962     888       1
    1040      963     962       1
     889      888     963       1
    1205     1122    1121       1
    1042     1041    1122       1
    1040     1121    1041       1
     891      890     965       1
     889      964     890       1
    1042      965     964       1
    1551     1464    1463       1
    1378     1377    1464       1
    1376     1463    1377       1
    1209     1208    1293       1
    1207     1292    1208       1
    1378     1293    1292       1
    1205     1290    1206       1
    1376     1291    1290       1
    1207     1206    1291       1
    1535     1623    1624       1
    1714     1715    1623       1
    1716     1624    1715       1
    1905     1906    1808       1
    1907     1809    1906       1
    1714     1808    1809       1
    1909     1811    1908       1
    1716     1810    1811       1
    1907     1908    1810       1
    2312     2313    2209       1
    2314     2210    2313       1
    2107     2209    2210       1
    2316     2212    2315       1
    2109     2211    2212       1
    2314     2315    2211       1
    1905     2005    2006       1
    2107     2108    2005       1
    2109     2006    2108       1
    2320     2216    2319       1
    2113     2215    2216       1
    2318     2319    2215       1
    1909     2009    2010       1
    2111     2112    2009       1
    2113     2010    2112       1
    2316     2317    2213       1
    2318     2214    2317       1
    2111     2213    2214       1
    2320     2425    2321       1
    2531     2426    2425       1
    2322     2321    2426       1
    2746     2639    2638       1
    2533     2532    2639       1
    2531     2638    2532       1
    2324     2323    2428       1
    2322     2427    2323       1
    2533     2428    2427       1
    3144     3044    3043       1
    2945     2944    3044       1
    2943     3043    2944       1
    2750     2749    2847       1
    2748     2846    2749       1
    2945     2847    2846       1
    2746     2844    2747       1
    2943     2845    2844       1
    2748     2747    2845       1
    2335     2327    2432       1
    2326     2431    2327       1
    2537     2432    2431       1
    2324     2429    2325       1
    2535     2430    2429       1
    2326     2325    2430       1
    2750     2643    2642       1
    2537     2536    2643       1
    2535     2642    2536       1
    2335     2433    2328       1
    2540     2434    2433       1
    2329     2328    2434       1
    2757     2649    2648       1
    2542     2541    2649       1
    2540     2648    2541       1
    2331     2330    2436       1
    2329     2435    2330       1
    2542     2436    2435       1
    3159     3058    3057       1
    2958     2957    3058       1
    2956     3057    2957       1
    2761     2760    2859       1
    2759     2858    2760       1
    2958     2859    2858       1
    2757     2856    2758       1
    2956     2857    2856       1
    2759     2758    2857       1
    2343     2334    2440       1
    2333     2439    2334       1
    2546     2440    2439       1
    2331     2437    2332       1
    2544     2438    2437       1
    2333     2332    2438       1
    2761     2653    2652       1
    2546     2545    2653       1
    2544     2652    2545       1
    2343     2442    2336       1
    2550     2443    2442       1
    2337     2336    2443       1
    2769     2660    2659       1
    2552     2551    2660       1
    2550     2659    2551       1
    2339     2338    2445       1
    2337     2444    2338       1
    2552     2445    2444       1
    3175     3073    3072       1
    2972     2971    3073       1
    2970     3072    2971       1
    2773     2772    2872       1
    2771     2871    2772       1
    2972     2872    2871       1
    2769     2869    2770       1
    2970     2870    2869       1
    2771     2770    2870       1
    2344     2342    2449       1
    2341     2448    2342       1
    2556     2449    2448       1
    2339     2446    2340       1
    2554     2447    2446       1
    2341     2340    2447       1
    2773     2664    2663       1
    2556     2555    2664       1
    2554     2663    2555       1
    1551     1641    1642       1
    1734     1735    1641       1
    1736     1642    1735       1
    1929     1930    1830       1
    1931     1831    1930       1
    1734     1830    1831       1
    1933     1833    1932       1
    1736     1832    1833       1
    1931     1932    1832       1
    2344     2345    2239       1
    2346     2240    2345       1
    2135     2239    2240       1
    2348     2242    2347       1
    2137     2241    2242       1
    2346     2347    2241       1
    1929     2031    2032       1
    2135     2136    2031       1
    2137     2032    2136       1
    2352     2246    2351       1
    2141     2245    2246       1
    2350     2351    2245       1
    1933     2035    2036       1
    2139     2140    2035       1
    2141     2036    2140       1
    2348     2349    2243       1
    2350     2244    2349       1
    2139     2243    2244       1
    1981     1980    2083       1
    1979     2082    1980       1
    2185     2083    2082       1
    1977     2080    1978       1
    2183     2081    2080       1
    1979     1978    2081       1
    2392     2288    2287       1
    2185     2184    2288       1
    2183     2287    2184       1
    1973     2076    1974       1
    2179     2077    2076       1
    1975     1974    2077       1
    2388     2284    2283       1
    2181     2180    2284       1
    2179     2283    2180       1
    1977     1976    2079       1
    1975     2078    1976       1
    2181     2079    2078       1
    2807     2710    2709       1
    2603     2602    2710       1
    2601     2709    2602       1
    2392     2391    2497       1
    2390     2496    2391       1
    2603     2497    2496       1
    2388     2494    2389       1
    2601     2495    2494       1
    2390     2389    2495       1
    2067     2068    1966       1
    2171     2069    2068       1
    1967     1966    2069       1
    2380     2276    2275       1
    2173     2172    2276       1
    2171     2275    2172       1
    1969     1968    2071       1
    1967     2070    1968       1
    2173     2071    2070       1
    2799     2702    2701       1
    2595     2594    2702       1
    2593     2701    2594       1
    2384     2383    2489       1
    2382     2488    2383       1
    2595     2489    2488       1
    2380     2486    2381       1
    2593     2487    2486       1
    2382     2381    2487       1
    1973     1972    2075       1
    1971     2074    1972       1
    2177     2075    2074       1
    1969     2072    1970       1
    2175     2073    2072       1
    1971     1970    2073       1
    2384     2280    2279       1
    2177     2176    2280       1
    2175     2279    2176       1
    3619     3514    3513       1
    3410     3409    3514       1
    3408     3513    3409       1
    3205     3204    3307       1
    3203     3306    3204       1
    3410     3307    3306       1
    3201     3304    3202       1
    3408     3305    3304       1
    3203     3202    3305       1
    2807     2806    2905       1
    2805     2904    2806       1
    3004     2905    2904       1
    2803     2902    2804       1
    3002     2903    2902       1
    2805     2804    2903       1
    3205     3104    3103       1
    3004     3003    3104       1
    3002     3103    3003       1
    2799     2898    2800       1
    2998     2899    2898       1
    2801     2800    2899       1
    3201     3100    3099       1
    3000     2999    3100       1
    2998     3099    2999       1
    2803     2802    2901       1
    2801     2900    2802       1
    3000     2901    2900       1
    1981     1881    1980       1
    1784     1880    1881       1
    1979     1980    1880       1
    1599     1689    1690       1
    1782     1783    1689       1
    1784     1690    1783       1
    1977     1978    1878       1
    1979     1879    1978       1
    1782     1878    1879       1
    1253     1337    1338       1
    1422     1423    1337       1
    1424     1338    1423       1
    1595     1596    1508       1
    1597     1509    1596       1
    1422     1508    1509       1
    1599     1511    1598       1
    1424     1510    1511       1
    1597     1598    1510       1
    1973     1974    1874       1
    1975     1875    1974       1
    1778     1874    1875       1
    1977     1877    1976       1
    1780     1876    1877       1
    1975     1976    1876       1
    1595     1685    1686       1
    1778     1779    1685       1
    1780     1686    1779       1
     714      781     716       1
     851      783     781       1
     784      716     783       1
    1000      926     924       1
     927      853     926       1
     851      924     853       1
     929      855     928       1
     784      854     855       1
     927      928     854       1
    1329     1246    1245       1
    1247     1163    1246       1
    1161     1245    1163       1
    1249     1165    1248       1
    1082     1164    1165       1
    1247     1248    1164       1
    1000     1079    1002       1
    1161     1081    1079       1
    1082     1002    1081       1
    1253     1169    1252       1
    1086     1168    1169       1
    1251     1252    1168       1
     929     1005    1006       1
    1084     1085    1005       1
    1086     1006    1085       1
    1249     1250    1166       1
    1251     1167    1250       1
    1084     1166    1167       1
    2067     1966    1965       1
    1967     1867    1966       1
    1866     1965    1867       1
    1969     1869    1968       1
    1772     1868    1869       1
    1967     1968    1868       1
    1677     1770    1678       1
    1866     1771    1770       1
    1772     1678    1771       1
    1973     1873    1972       1
    1776     1872    1873       1
    1971     1972    1872       1
    1591     1681    1682       1
    1774     1775    1681       1
    1776     1682    1775       1
    1969     1970    1870       1
    1971     1871    1970       1
    1774     1870    1871       1
    1329     1414    1330       1
    1500     1415    1414       1
    1416     1330    1415       1
    1677     1588    1587       1
    1589     1501    1588       1
    1500     1587    1501       1
    1591     1503    1590       1
    1416     1502    1503       1
    1589     1590    1502       1
    1145     1146    1064       1
    1147     1065    1146       1
     986     1064    1065       1
    1149     1067    1148       1
     988     1066    1067       1
    1147     1148    1066       1
     839      911     912       1
     986      987     911       1
     988      912     987       1
    1153     1071    1152       1
     992     1070    1071       1
    1151     1152    1070       1
     843      915     916       1
     990      991     915       1
     992      916     991       1
    1149     1150    1068       1
    1151     1069    1150       1
     990     1068    1069       1
     581      641     642       1
     704      705     641       1
     706      642     705       1
     839      840     770       1
     841      771     840       1
     704      770     771       1
     843      773     842       1
     706      772     773       1
     841      842     772       1
    1162     1080    1160       1
    1001     1078    1080       1
    1159     1160    1078       1
     852      923     925       1
     998      999     923       1
    1001      925     999       1
    1157     1158    1076       1
    1159     1077    1158       1
     998     1076    1077       1
     590      649     651       1
     712      713     649       1
     715      651     713       1
     847      848     778       1
     849      779     848       1
     712      778     779       1
     852      782     850       1
     715      780     782       1
     849      850     780       1
    1153     1154    1072       1
    1155     1073    1154       1
     994     1072    1073       1
    1157     1075    1156       1
     996     1074    1075       1
    1155     1156    1074       1
     847      919     920       1
     994      995     919       1
     996      920     995       1
     210      245     247       1
     284      285     245       1
     287      247     285       1
     371      372     326       1
     373      327     372       1
     284      326     327       1
     376      330     374       1
     287      328     330       1
     373      374     328       1
     581      582     524       1
     583      525     582       1
     470      524     525       1
     585      527     584       1
     472      526     527       1
     583      584     526       1
     371      419     420       1
     470      471     419       1
     472      420     471       1
     590      532     588       1
     477      530     532       1
     587      588     530       1
     376      423     425       1
     474      475     423       1
     477      425     475       1
     585      586     528       1
     587      529     586       1
     474      528     529       1
    1145     1229    1146       1
    1314     1230    1229       1
    1147     1146    1230       1
    1487     1401    1400       1
    1316     1315    1401       1
    1314     1400    1315       1
    1149     1148    1232       1
    1147     1231    1148       1
    1316     1232    1231       1
    1857     1761    1760       1
    1668     1667    1761       1
    1666     1760    1667       1
    1491     1490    1578       1
    1489     1577    1490       1
    1668     1578    1577       1
    1487     1575    1488       1
    1666     1576    1575       1
    1489     1488    1576       1
    1153     1152    1236       1
    1151     1235    1152       1
    1320     1236    1235       1
    1149     1233    1150       1
    1318     1234    1233       1
    1151     1150    1234       1
    1491     1405    1404       1
    1320     1319    1405       1
    1318     1404    1319       1
    2700     2592    2591       1
    2485     2484    2592       1
    2483     2591    2484       1
    2274     2273    2379       1
    2272     2378    2273       1
    2485     2379    2378       1
    2270     2376    2271       1
    2483     2377    2376       1
    2272     2271    2377       1
    1865     1864    1964       1
    1863     1963    1864       1
    2066     1964    1963       1
    1861     1961    1862       1
    2064     1962    1961       1
    1863     1862    1962       1
    2274     2170    2169       1
    2066     2065    2170       1
    2064     2169    2065       1
    1857     1957    1858       1
    2060     1958    1957       1
    1859     1858    1958       1
    2270     2166    2165       1
    2062     2061    2166       1
    2060     2165    2061       1
    1861     1860    1960       1
    1859     1959    1860       1
    2062     1960    1959       1
    1162     1160    1244       1
    1159     1243    1160       1
    1328     1244    1243       1
    1157     1241    1158       1
    1326     1242    1241       1
    1159     1158    1242       1
    1499     1413    1412       1
    1328     1327    1413       1
    1326     1412    1327       1
    1153     1237    1154       1
    1322     1238    1237       1
    1155     1154    1238       1
    1495     1409    1408       1
    1324     1323    1409       1
    1322     1408    1323       1
    1157     1156    1240       1
    1155     1239    1156       1
    1324     1240    1239       1
    1865     1769    1768       1
    1676     1675    1769       1
    1674     1768    1675       1
    1499     1498    1586       1
    1497     1585    1498       1
    1676     1586    1585       1
    1495     1583    1496       1
    1674     1584    1583       1
    1497     1496    1584       1
    4720     4784    4721       1
    4843     4785    4784       1
    4722     4721    4785       1
    4949     4899    4898       1
    4845     4844    4899       1
    4843     4898    4844       1
    4724     4723    4787       1
    4722     4786    4723       1
    4845     4787    4786       1
    5113     5079    5078       1
    5041     5040    5079       1
    5039     5078    5040       1
    4953     4952    4999       1
    4951     4998    4952       1
    5041     4999    4998       1
    4949     4996    4950       1
    5039     4997    4996       1
    4951     4950    4997       1
    4728     4727    4791       1
    4726     4790    4727       1
    4849     4791    4790       1
    4724     4788    4725       1
    4847     4789    4788       1
    4726     4725    4789       1
    4953     4903    4902       1
    4849     4848    4903       1
    4847     4902    4848       1
    5249     5247    5246       1
    5241     5240    5247       1
    5239     5246    5240       1
    5217     5216    5231       1
    5215     5230    5216       1
    5241     5231    5230       1
    5213     5228    5214       1
    5239     5229    5228       1
    5215     5214    5229       1
    5121     5120    5151       1
    5119     5150    5120       1
    5177     5151    5150       1
    5117     5148    5118       1
    5175     5149    5148       1
    5119     5118    5149       1
    5217     5199    5198       1
    5177     5176    5199       1
    5175     5198    5176       1
    5113     5144    5114       1
    5171     5145    5144       1
    5115     5114    5145       1
    5213     5195    5194       1
    5173     5172    5195       1
    5171     5194    5172       1
    5117     5116    5147       1
    5115     5146    5116       1
    5173     5147    5146       1
    4737     4735    4799       1
    4734     4798    4735       1
    4857     4799    4798       1
    4732     4796    4733       1
    4855     4797    4796       1
    4734     4733    4797       1
    4961     4911    4910       1
    4857     4856    4911       1
    4855     4910    4856       1
    4728     4792    4729       1
    4851     4793    4792       1
    4730     4729    4793       1
    4957     4907    4906       1
    4853     4852    4907       1
    4851     4906    4852       1
    4732     4731    4795       1
    4730     4794    4731       1
    4853     4795    4794       1
    5121     5087    5086       1
    5049     5048    5087       1
    5047     5086    5048       1
    4961     4960    5007       1
    4959     5006    4960       1
    5049     5007    5006       1
    4957     5004    4958       1
    5047     5005    5004       1
    4959     4958    5005       1
    4720     4719    4784       1
    4718     4783    4719       1
    4843     4784    4783       1
    4716     4781    4717       1
    4841     4782    4781       1
    4718     4717    4782       1
    4949     4898    4897       1
    4843     4842    4898       1
    4841     4897    4842       1
    4712     4777    4713       1
    4837     4778    4777       1
    4714     4713    4778       1
    4945     4894    4893       1
    4839     4838    4894       1
    4837     4893    4838       1
    4716     4715    4780       1
    4714     4779    4715       1
    4839     4780    4779       1
    5113     5078    5077       1
    5039     5038    5078       1
    5037     5077    5038       1
    4949     4948    4996       1
    4947     4995    4948       1
    5039     4996    4995       1
    4945     4993    4946       1
    5037     4994    4993       1
    4947     4946    4994       1
    4736     4769    4705       1
    4829     4770    4769       1
    4706     4705    4770       1
    4937     4886    4885       1
    4831     4830    4886       1
    4829     4885    4830       1
    4708     4707    4772       1
    4706     4771    4707       1
    4831     4772    4771       1
    5105     5070    5069       1
    5031     5030    5070       1
    5029     5069    5030       1
    4941     4940    4988       1
    4939     4987    4940       1
    5031     4988    4987       1
    4937     4985    4938       1
    5029     4986    4985       1
    4939     4938    4986       1
    4712     4711    4776       1
    4710     4775    4711       1
    4835     4776    4775       1
    4708     4773    4709       1
    4833     4774    4773       1
    4710     4709    4774       1
    4941     4890    4889       1
    4835     4834    4890       1
    4833     4889    4834       1
    5249     5246    5245       1
    5239     5238    5246       1
    5237     5245    5238       1
    5213     5212    5228       1
    5211     5227    5212       1
    5239     5228    5227       1
    5209     5225    5210       1
    5237     5226    5225       1
    5211     5210    5226       1
    5113     5112    5144       1
    5111     5143    5112       1
    5171     5144    5143       1
    5109     5141    5110       1
    5169     5142    5141       1
    5111     5110    5142       1
    5213     5194    5193       1
    5171     5170    5194       1
    5169     5193    5170       1
    5105     5137    5106       1
    5165     5138    5137       1
    5107     5106    5138       1
    5209     5190    5189       1
    5167     5166    5190       1
    5165     5189    5166       1
    5109     5108    5140       1
    5107     5139    5108       1
    5167     5140    5139       1
    4657     4753    4658       1
    4814     4754    4753       1
    4659     4658    4754       1
    4924     4872    4871       1
    4816     4815    4872       1
    4814     4871    4815       1
    4661     4660    4756       1
    4659     4755    4660       1
    4816     4756    4755       1
    5096     5060    5059       1
    5020     5019    5060       1
    5018     5059    5019       1
    4928     4927    4976       1
    4926     4975    4927       1
    5020     4976    4975       1
    4924     4973    4925       1
    5018     4974    4973       1
    4926     4925    4974       1
    4665     4664    4760       1
    4663     4759    4664       1
    4820     4760    4759       1
    4661     4757    4662       1
    4818     4758    4757       1
    4663     4662    4758       1
    4928     4876    4875       1
    4820     4819    4876       1
    4818     4875    4819       1
    5248     5244    5243       1
    5236     5235    5244       1
    5234     5243    5235       1
    5208     5207    5224       1
    5206     5223    5207       1
    5236     5224    5223       1
    5204     5221    5205       1
    5234     5222    5221       1
    5206     5205    5222       1
    5104     5103    5136       1
    5102     5135    5103       1
    5164     5136    5135       1
    5100     5133    5101       1
    5162     5134    5133       1
    5102     5101    5134       1
    5208     5188    5187       1
    5164     5163    5188       1
    5162     5187    5163       1
    5096     5129    5097       1
    5158     5130    5129       1
    5098     5097    5130       1
    5204     5184    5183       1
    5160     5159    5184       1
    5158     5183    5159       1
    5100     5099    5132       1
    5098     5131    5099       1
    5160     5132    5131       1
    4704     4672    4768       1
    4671     4767    4672       1
    4828     4768    4767       1
    4669     4765    4670       1
    4826     4766    4765       1
    4671     4670    4766       1
    4936     4884    4883       1
    4828     4827    4884       1
    4826     4883    4827       1
    4665     4761    4666       1
    4822     4762    4761       1
    4667     4666    4762       1
    4932     4880    4879       1
    4824     4823    4880       1
    4822     4879    4823       1
    4669     4668    4764       1
    4667     4763    4668       1
    4824     4764    4763       1
    5104     5068    5067       1
    5028     5027    5068       1
    5026     5067    5027       1
    4936     4935    4984       1
    4934     4983    4935       1
    5028     4984    4983       1
    4932     4981    4933       1
    5026     4982    4981       1
    4934     4933    4982       1
    4657     4656    4753       1
    4655     4752    4656       1
    4814     4753    4752       1
    4653     4750    4654       1
    4812     4751    4750       1
    4655     4654    4751       1
    4924     4871    4870       1
    4814     4813    4871       1
    4812     4870    4813       1
    4649     4746    4650       1
    4808     4747    4746       1
    4651     4650    4747       1
    4920     4867    4866       1
    4810     4809    4867       1
    4808     4866    4809       1
    4653     4652    4749       1
    4651     4748    4652       1
    4810     4749    4748       1
    5096     5059    5058       1
    5018     5017    5059       1
    5016     5058    5017       1
    4924     4923    4973       1
    4922     4972    4923       1
    5018     4973    4972       1
    4920     4970    4921       1
    5016     4971    4970       1
    4922     4921    4971       1
    4641     4738    4642       1
    4800     4739    4738       1
    4643     4642    4739       1
    4912     4859    4858       1
    4802     4801    4859       1
    4800     4858    4801       1
    4645     4644    4741       1
    4643     4740    4644       1
    4802     4741    4740       1
    5088     5051    5050       1
    5010     5009    5051       1
    5008     5050    5009       1
    4916     4915    4965       1
    4914     4964    4915       1
    5010     4965    4964       1
    4912     4962    4913       1
    5008     4963    4962       1
    4914     4913    4963       1
    4649     4648    4745       1
    4647     4744    4648       1
    4806     4745    4744       1
    4645     4742    4646       1
    4804     4743    4742       1
    4647     4646    4743       1
    4916     4863    4862       1
    4806     4805    4863       1
    4804     4862    4805       1
    5248     5243    5242       1
    5234     5233    5243       1
    5232     5242    5233       1
    5204     5203    5221       1
    5202     5220    5203       1
    5234     5221    5220       1
    5200     5218    5201       1
    5232     5219    5218       1
    5202     5201    5219       1
    5096     5095    5129       1
    5094     5128    5095       1
    5158     5129    5128       1
    5092     5126    5093       1
    5156     5127    5126       1
    5094     5093    5127       1
    5204     5183    5182       1
    5158     5157    5183       1
    5156     5182    5157       1
    5088     5122    5089       1
    5152     5123    5122       1
    5090     5089    5123       1
    5200     5179    5178       1
    5154     5153    5179       1
    5152     5178    5153       1
    5092     5091    5125       1
    5090     5124    5091       1
    5154     5125    5124       1
     403      356     355       1
     312      311     356       1
     310      355     311       1
     233      232     271       1
     231      270     232       1
     312      271     270       1
     229      268     230       1
     310      269     268       1
     231      230     269       1
     201      167     200       1
     136      166     167       1
     199      200     166       1
     107      134     108       1
     164      135     134       1
     136      108     135       1
     233      198     197       1
     199      165     198       1
     164      197     165       1
     103      130     104       1
     160      131     130       1
     105      104     131       1
     229      194     193       1
     162      161     194       1
     160      193     161       1
     107      106     133       1
     105      132     106       1
     162      133     132       1
     210      176     208       1
     145      174     176       1
     207      208     174       1
      92      115     117       1
     142      143     115       1
     145      117     143       1
     205      206     172       1
     207      173     206       1
     142      172     173       1
      22       33      35       1
      48       49      33       1
      51       35      49       1
      87       88      66       1
      89       67      88       1
      48       66      67       1
      92       70      90       1
      51       68      70       1
      89       90      68       1
     201      202     168       1
     203      169     202       1
     138      168     169       1
     205      171     204       1
     140      170     171       1
     203      204     170       1
      87      111     112       1
     138      139     111       1
     140      112     139       1
      50       36      34       1
      37       23      36       1
      21       34      23       1
      39       25      38       1
      14       24      25       1
      37       38      24       1
       4       11       6       1
      21       13      11       1
      14        6      13       1
     103       80      79       1
      60       59      80       1
      58       79      59       1
      29       28      43       1
      27       42      28       1
      60       43      42       1
      39       40      26       1
      58       41      40       1
      27       26      41       1
      22       12      20       1
       5       10      12       1
      19       20      10       1
       4        2       1       1
       8        3       2       1
       5        1       3       1
      29       18      17       1
      19        9      18       1
       8       17       9       1
     403      404     356       1
     405      357     404       1
     312      356     357       1
     407      359     406       1
     314      358     359       1
     405      406     358       1
     233      271     272       1
     312      313     271       1
     314      272     313       1
     573      516     515       1
     462      461     516       1
     460      515     461       1
     363      362     411       1
     361      410     362       1
     462      411     410       1
     407      408     360       1
     460      409     408       1
     361      360     409       1
     201      200     237       1
     199      236     200       1
     276      237     236       1
     233      234     198       1
     274      235     234       1
     199      198     235       1
     363      318     317       1
     276      275     318       1
     274      317     275       1
    1145     1064    1063       1
     986      985    1064       1
     984     1063     985       1
     839      838     911       1
     837      910     838       1
     986      911     910       1
     835      908     836       1
     984      909     908       1
     837      836     909       1
     581      580     641       1
     579      640     580       1
     704      641     640       1
     577      638     578       1
     702      639     638       1
     579      578     639       1
     839      770     769       1
     704      703     770       1
     702      769     703       1
     573      634     574       1
     698      635     634       1
     575      574     635       1
     835      766     765       1
     700      699     766       1
     698      765     699       1
     577      576     637       1
     575      636     576       1
     700      637     636       1
     210      208     245       1
     207      244     208       1
     284      245     244       1
     205      242     206       1
     282      243     242       1
     207      206     243       1
     371      326     325       1
     284      283     326       1
     282      325     283       1
     201      238     202       1
     278      239     238       1
     203      202     239       1
     367      322     321       1
     280      279     322       1
     278      321     279       1
     205      204     241       1
     203      240     204       1
     280      241     240       1
     581      524     523       1
     470      469     524       1
     468      523     469       1
     371      370     419       1
     369      418     370       1
     470      419     418       1
     367      416     368       1
     468      417     416       1
     369      368     417       1
    3184     3288    3185       1
    3393     3289    3288       1
    3186     3185    3289       1
    3606     3500    3499       1
    3395     3394    3500       1
    3393     3499    3394       1
    3188     3187    3291       1
    3186     3290    3187       1
    3395     3291    3290       1
    3981     3892    3891       1
    3804     3803    3892       1
    3802     3891    3803       1
    3610     3609    3717       1
    3608     3716    3609       1
    3804     3717    3716       1
    3606     3714    3607       1
    3802     3715    3714       1
    3608     3607    3715       1
    3192     3191    3295       1
    3190     3294    3191       1
    3399     3295    3294       1
    3188     3292    3189       1
    3397     3293    3292       1
    3190     3189    3293       1
    3610     3504    3503       1
    3399     3398    3504       1
    3397     3503    3398       1
    4737     4640    4639       1
    4544     4543    4640       1
    4542     4639    4543       1
    4355     4354    4449       1
    4353     4448    4354       1
    4544     4449    4448       1
    4351     4446    4352       1
    4542     4447    4446       1
    4353     4352    4447       1
    3989     3988    4079       1
    3987     4078    3988       1
    4170     4079    4078       1
    3985     4076    3986       1
    4168     4077    4076       1
    3987     3986    4077       1
    4355     4262    4261       1
    4170     4169    4262       1
    4168     4261    4169       1
    3981     4072    3982       1
    4164     4073    4072       1
    3983     3982    4073       1
    4351     4258    4257       1
    4166     4165    4258       1
    4164     4257    4165       1
    3985     3984    4075       1
    3983     4074    3984       1
    4166     4075    4074       1
    3200     3199    3303       1
    3198     3302    3199       1
    3407     3303    3302       1
    3196     3300    3197       1
    3405     3301    3300       1
    3198     3197    3301       1
    3618     3512    3511       1
    3407     3406    3512       1
    3405     3511    3406       1
    3192     3296    3193       1
    3401     3297    3296       1
    3194     3193    3297       1
    3614     3508    3507       1
    3403     3402    3508       1
    3401     3507    3402       1
    3196     3195    3299       1
    3194     3298    3195       1
    3403     3299    3298       1
    3989     3900    3899       1
    3812     3811    3900       1
    3810     3899    3811       1
    3618     3617    3725       1
    3616     3724    3617       1
    3812     3725    3724       1
    3614     3722    3615       1
    3810     3723    3722       1
    3616     3615    3723       1
    3184     3286    3288       1
    3390     3391    3286       1
    3393     3288    3391       1
    3601     3602    3495       1
    3603     3496    3602       1
    3390     3495    3496       1
    3606     3499    3604       1
    3393     3497    3499       1
    3603     3604    3497       1
    3972     3973    3883       1
    3974     3884    3973       1
    3795     3883    3884       1
    3976     3886    3975       1
    3797     3885    3886       1
    3974     3975    3885       1
    3601     3708    3709       1
    3795     3796    3708       1
    3797     3709    3796       1
    3981     3891    3979       1
    3802     3889    3891       1
    3978     3979    3889       1
    3606     3712    3714       1
    3799     3800    3712       1
    3802     3714    3800       1
    3976     3977    3887       1
    3978     3888    3977       1
    3799     3887    3888       1
    4720     4721    4623       1
    4722     4624    4721       1
    4527     4623    4624       1
    4724     4626    4723       1
    4529     4625    4626       1
    4722     4723    4625       1
    4338     4432    4433       1
    4527     4528    4432       1
    4529     4433    4528       1
    4728     4630    4727       1
    4533     4629    4630       1
    4726     4727    4629       1
    4342     4436    4437       1
    4531     4532    4436       1
    4533     4437    4532       1
    4724     4725    4627       1
    4726     4628    4725       1
    4531     4627    4628       1
    3972     4062    4063       1
    4153     4154    4062       1
    4155     4063    4154       1
    4338     4339    4245       1
    4340     4246    4339       1
    4153     4245    4246       1
    4342     4248    4341       1
    4155     4247    4248       1
    4340     4341    4247       1
    4737     4639    4735       1
    4542     4637    4639       1
    4734     4735    4637       1
    4351     4444    4446       1
    4539     4540    4444       1
    4542     4446    4540       1
    4732     4733    4635       1
    4734     4636    4733       1
    4539     4635    4636       1
    3981     4070    4072       1
    4161     4162    4070       1
    4164     4072    4162       1
    4346     4347    4253       1
    4348     4254    4347       1
    4161     4253    4254       1
    4351     4257    4349       1
    4164     4255    4257       1
    4348     4349    4255       1
    4728     4729    4631       1
    4730     4632    4729       1
    4535     4631    4632       1
    4732     4634    4731       1
    4537     4633    4634       1
    4730     4731    4633       1
    4346     4440    4441       1
    4535     4536    4440       1
    4537     4441    4536       1
    3167     3270    3254       1
    3374     3357    3270       1
    3358     3254    3357       1
    3585     3566    3479       1
    3567     3461    3566       1
    3374     3479    3461       1
    3569     3463    3568       1
    3358     3462    3463       1
    3567     3568    3462       1
    3956     3933    3867       1
    3934     3845    3933       1
    3779     3867    3845       1
    3936     3847    3935       1
    3759     3846    3847       1
    3934     3935    3846       1
    3585     3692    3672       1
    3779     3758    3692       1
    3759     3672    3758       1
    3940     3851    3939       1
    3763     3850    3851       1
    3938     3939    3850       1
    3569     3675    3676       1
    3761     3762    3675       1
    3763     3676    3762       1
    3936     3937    3848       1
    3938     3849    3937       1
    3761     3848    3849       1
    4704     4673    4607       1
    4674     4577    4673       1
    4511     4607    4577       1
    4676     4579    4675       1
    4483     4578    4579       1
    4674     4675    4578       1
    4322     4416    4388       1
    4511     4482    4416       1
    4483     4388    4482       1
    4680     4583    4679       1
    4487     4582    4583       1
    4678     4679    4582       1
    4298     4391    4392       1
    4485     4486    4391       1
    4487     4392    4486       1
    4676     4677    4580       1
    4678     4581    4677       1
    4485     4580    4581       1
    3956     4046    4022       1
    4137     4112    4046       1
    4113     4022    4112       1
    4322     4295    4229       1
    4296     4203    4295       1
    4137     4229    4203       1
    4298     4205    4297       1
    4113     4204    4205       1
    4296     4297    4204       1
    4688     4591    4687       1
    4495     4590    4591       1
    4686     4687    4590       1
    4306     4399    4400       1
    4493     4494    4399       1
    4495     4400    4494       1
    4684     4685    4588       1
    4686     4589    4685       1
    4493     4588    4589       1
    3940     4029    4030       1
    4119     4120    4029       1
    4121     4030    4120       1
    4302     4303    4210       1
    4304     4211    4303       1
    4119     4210    4211       1
    4306     4213    4305       1
    4121     4212    4213       1
    4304     4305    4212       1
    4680     4681    4584       1
    4682     4585    4681       1
    4489     4584    4585       1
    4684     4587    4683       1
    4491     4586    4587       1
    4682     4683    4586       1
    4302     4395    4396       1
    4489     4490    4395       1
    4491     4396    4490       1
    3167     3253    3270       1
    3355     3356    3253       1
    3374     3270    3356       1
    3562     3563    3458       1
    3564     3459    3563       1
    3355     3458    3459       1
    3585     3479    3565       1
    3374     3460    3479       1
    3564     3565    3460       1
    3925     3926    3838       1
    3927     3839    3926       1
    3752     3838    3839       1
    3929     3841    3928       1
    3754     3840    3841       1
    3927     3928    3840       1
    3562     3667    3668       1
    3752     3753    3667       1
    3754     3668    3753       1
    3956     3867    3932       1
    3779     3844    3867       1
    3931     3932    3844       1
    3585     3671    3692       1
    3756     3757    3671       1
    3779     3692    3757       1
    3929     3930    3842       1
    3931     3843    3930       1
    3756     3842    3843       1
    4657     4658    4562       1
    4659     4563    4658       1
    4468     4562    4563       1
    4661     4565    4660       1
    4470     4564    4565       1
    4659     4660    4564       1
    4283     4375    4376       1
    4468     4469    4375       1
    4470     4376    4469       1
    4665     4569    4664       1
    4474     4568    4569       1
    4663     4664    4568       1
    4287     4379    4380       1
    4472     4473    4379       1
    4474     4380    4473       1
    4661     4662    4566       1
    4663     4567    4662       1
    4472     4566    4567       1
    3925     4013    4014       1
    4102     4103    4013       1
    4104     4014    4103       1
    4283     4284    4192       1
    4285     4193    4284       1
    4102     4192    4193       1
    4287     4195    4286       1
    4104     4194    4195       1
    4285     4286    4194       1
    4704     4607    4672       1
    4511     4576    4607       1
    4671     4672    4576       1
    4322     4387    4416       1
    4480     4481    4387       1
    4511     4416    4481       1
    4669     4670    4574       1
    4671     4575    4670       1
    4480     4574    4575       1
    3956     4021    4046       1
    4110     4111    4021       1
    4137     4046    4111       1
    4291     4292    4200       1
    4293     4201    4292       1
    4110     4200    4201       1
    4322     4229    4294       1
    4137     4202    4229       1
    4293     4294    4202       1
    4665     4666    4570       1
    4667     4571    4666       1
    4476     4570    4571       1
    4669     4573    4668       1
    4478     4572    4573       1
    4667     4668    4572       1
    4291     4383    4384       1
    4476     4477    4383       1
    4478     4384    4477       1
    1997     2098    2099       1
    2199     2200    2098       1
    2201     2099    2200       1
    2404     2405    2301       1
    2406     2302    2405       1
    2199     2301    2302       1
    2408     2304    2407       1
    2201     2303    2304       1
    2406     2407    2303       1
    2815     2816    2719       1
    2817     2720    2816       1
    2613     2719    2720       1
    2819     2722    2818       1
    2615     2721    2722       1
    2817     2818    2721       1
    2404     2508    2509       1
    2613     2614    2508       1
    2615     2509    2614       1
    2823     2726    2822       1
    2619     2725    2726       1
    2821     2822    2725       1
    2408     2512    2513       1
    2617     2618    2512       1
    2619     2513    2618       1
    2819     2820    2723       1
    2821     2724    2820       1
    2617     2723    2724       1
    3619     3620    3515       1
    3621     3516    3620       1
    3412     3515    3516       1
    3623     3518    3622       1
    3414     3517    3518       1
    3621     3622    3517       1
    3209     3310    3311       1
    3412     3413    3310       1
    3414     3311    3413       1
    3627     3522    3626       1
    3418     3521    3522       1
    3625     3626    3521       1
    3213     3314    3315       1
    3416     3417    3314       1
    3418     3315    3417       1
    3623     3624    3519       1
    3625     3520    3624       1
    3416     3519    3520       1
    2815     2912    2913       1
    3010     3011    2912       1
    3012     2913    3011       1
    3209     3210    3109       1
    3211     3110    3210       1
    3010     3109    3110       1
    3213     3112    3212       1
    3012     3111    3112       1
    3211     3212    3111       1
    3635     3530    3634       1
    3426     3529    3530       1
    3633     3634    3529       1
    3221     3322    3323       1
    3424     3425    3322       1
    3426     3323    3425       1
    3631     3632    3527       1
    3633     3528    3632       1
    3424     3527    3528       1
    2823     2920    2921       1
    3018     3019    2920       1
    3020     2921    3019       1
    3217     3218    3117       1
    3219     3118    3218       1
    3018     3117    3118       1
    3221     3120    3220       1
    3020     3119    3120       1
    3219     3220    3119       1
    3627     3628    3523       1
    3629     3524    3628       1
    3420     3523    3524       1
    3631     3526    3630       1
    3422     3525    3526       1
    3629     3630    3525       1
    3217     3318    3319       1
    3420     3421    3318       1
    3422     3319    3421       1
    1997     1996    2098       1
    1995     2097    1996       1
    2199     2098    2097       1
    1993     2095    1994       1
    2197     2096    2095       1
    1995     1994    2096       1
    2404     2301    2300       1
    2199     2198    2301       1
    2197     2300    2198       1
    1989     2091    1990       1
    2193     2092    2091       1
    1991     1990    2092       1
    2400     2297    2296       1
    2195     2194    2297       1
    2193     2296    2194       1
    1993     1992    2094       1
    1991     2093    1992       1
    2195     2094    2093       1
    2815     2719    2718       1
    2613     2612    2719       1
    2611     2718    2612       1
    2404     2403    2508       1
    2402     2507    2403       1
    2613     2508    2507       1
    2400     2505    2401       1
    2611     2506    2505       1
    2402     2401    2506       1
    1981     2083    1982       1
    2185     2084    2083       1
    1983     1982    2084       1
    2392     2289    2288       1
    2187     2186    2289       1
    2185     2288    2186       1
    1985     1984    2086       1
    1983     2085    1984       1
    2187     2086    2085       1
    2807     2711    2710       1
    2605     2604    2711       1
    2603     2710    2604       1
    2396     2395    2500       1
    2394     2499    2395       1
    2605     2500    2499       1
    2392     2497    2393       1
    2603     2498    2497       1
    2394     2393    2498       1
    1989     1988    2090       1
    1987     2089    1988       1
    2191     2090    2089       1
    1985     2087    1986       1
    2189     2088    2087       1
    1987     1986    2088       1
    2396     2293    2292       1
    2191     2190    2293       1
    2189     2292    2190       1
    3619     3515    3514       1
    3412     3411    3515       1
    3410     3514    3411       1
    3209     3208    3310       1
    3207     3309    3208       1
    3412     3310    3309       1
    3205     3307    3206       1
    3410     3308    3307       1
    3207     3206    3308       1
    2815     2814    2912       1
    2813     2911    2814       1
    3010     2912    2911       1
    2811     2909    2812       1
    3008     2910    2909       1
    2813     2812    2910       1
    3209     3109    3108       1
    3010     3009    3109       1
    3008     3108    3009       1
    2807     2905    2808       1
    3004     2906    2905       1
    2809     2808    2906       1
    3205     3105    3104       1
    3006     3005    3105       1
    3004     3104    3005       1
    2811     2810    2908       1
    2809     2907    2810       1
    3006     2908    2907       1
     667      666     731       1
     665      730     666       1
     798      731     730       1
     663      728     664       1
     796      729     728       1
     665      664     729       1
     941      868     867       1
     798      797     868       1
     796      867     797       1
     659      724     660       1
     792      725     724       1
     661      660     725       1
     937      864     863       1
     794      793     864       1
     792      863     793       1
     663      662     727       1
     661      726     662       1
     794      727     726       1
    1261     1178    1177       1
    1096     1095    1178       1
    1094     1177    1095       1
     941      940    1017       1
     939     1016     940       1
    1096     1017    1016       1
     937     1014     938       1
    1094     1015    1014       1
     939      938    1015       1
     714      716     652       1
     784      717     716       1
     653      652     717       1
     929      856     855       1
     786      785     856       1
     784      855     785       1
     655      654     719       1
     653      718     654       1
     786      719     718       1
    1253     1170    1169       1
    1088     1087    1170       1
    1086     1169    1087       1
     933      932    1009       1
     931     1008     932       1
    1088     1009    1008       1
     929     1006     930       1
    1086     1007    1006       1
     931      930    1007       1
     659      658     723       1
     657      722     658       1
     790      723     722       1
     655      720     656       1
     788      721     720       1
     657      656     721       1
     933      860     859       1
     790      789     860       1
     788      859     789       1
    1981     1882    1881       1
    1786     1785    1882       1
    1784     1881    1785       1
    1603     1602    1693       1
    1601     1692    1602       1
    1786     1693    1692       1
    1599     1690    1600       1
    1784     1691    1690       1
    1601     1600    1691       1
    1261     1260    1345       1
    1259     1344    1260       1
    1430     1345    1344       1
    1257     1342    1258       1
    1428     1343    1342       1
    1259     1258    1343       1
    1603     1516    1515       1
    1430     1429    1516       1
    1428     1515    1429       1
    1253     1338    1254       1
    1424     1339    1338       1
    1255     1254    1339       1
    1599     1512    1511       1
    1426     1425    1512       1
    1424     1511    1425       1
    1257     1256    1341       1
    1255     1340    1256       1
    1426     1341    1340       1
     667      605     666       1
     546      604     605       1
     665      666     604       1
     437      489     490       1
     544      545     489       1
     546      490     545       1
     663      664     602       1
     665      603     664       1
     544      602     603       1
     255      295     296       1
     338      339     295       1
     340      296     339       1
     433      434     384       1
     435      385     434       1
     338      384     385       1
     437      387     436       1
     340      386     387       1
     435      436     386       1
     659      660     598       1
     661      599     660       1
     540      598     599       1
     663      601     662       1
     542      600     601       1
     661      662     600       1
     433      485     486       1
     540      541     485       1
     542      486     541       1
      50       69      52       1
      91       71      69       1
      72       52      71       1
     144      118     116       1
     119       93     118       1
      91      116      93       1
     121       95     120       1
      72       94      95       1
     119      120      94       1
     286      248     246       1
     249      211     248       1
     209      246     211       1
     251      213     250       1
     178      212     213       1
     249      250     212       1
     144      175     146       1
     209      177     175       1
     178      146     177       1
     255      217     254       1
     182      216     217       1
     253      254     216       1
     121      149     150       1
     180      181     149       1
     182      150     181       1
     251      252     214       1
     253      215     252       1
     180      214     215       1
     714      652     650       1
     653      591     652       1
     589      650     591       1
     655      593     654       1
     534      592     593       1
     653      654     592       1
     476      531     478       1
     589      533     531       1
     534      478     533       1
     659      597     658       1
     538      596     597       1
     657      658     596       1
     429      481     482       1
     536      537     481       1
     538      482     537       1
     655      656     594       1
     657      595     656       1
     536      594     595       1
     286      329     288       1
     375      331     329       1
     332      288     331       1
     476      426     424       1
     427      377     426       1
     375      424     377       1
     429      379     428       1
     332      378     379       1
     427      428     378       1
     403      355     402       1
     310      354     355       1
     401      402     354       1
     229      267     268       1
     308      309     267       1
     310      268     309       1
     399      400     352       1
     401      353     400       1
     308      352     353       1
     103      129     130       1
     158      159     129       1
     160      130     159       1
     225      226     190       1
     227      191     226       1
     158      190     191       1
     229      193     228       1
     160      192     193       1
     227      228     192       1
     395      396     348       1
     397      349     396       1
     304      348     349       1
     399      351     398       1
     306      350     351       1
     397      398     350       1
     225      263     264       1
     304      305     263       1
     306      264     305       1
      50       52      36       1
      72       53      52       1
      37       36      53       1
     121       96      95       1
      74       73      96       1
      72       95      73       1
      39       38      55       1
      37       54      38       1
      74       55      54       1
     255      218     217       1
     184      183     218       1
     182      217     183       1
     125      124     153       1
     123      152     124       1
     184      153     152       1
     121      150     122       1
     182      151     150       1
     123      122     151       1
     103       79     102       1
      58       78      79       1
     101      102      78       1
      39       56      40       1
      76       57      56       1
      58       40      57       1
     125      100      99       1
     101       77     100       1
      76       99      77       1
     667      606     605       1
     548      547     606       1
     546      605     547       1
     441      440     493       1
     439      492     440       1
     548      493     492       1
     437      490     438       1
     546      491     490       1
     439      438     491       1
     395      347     394       1
     302      346     347       1
     393      394     346       1
     259      300     260       1
     344      301     300       1
     302      260     301       1
     441      392     391       1
     393      345     392       1
     344      391     345       1
     255      296     256       1
     340      297     296       1
     257      256     297       1
     437      388     387       1
     342      341     388       1
     340      387     341       1
     259      258     299       1
     257      298     258       1
     342      299     298       1
     667      731     732       1
     798      799     731       1
     800      732     799       1
     941      942     868       1
     943      869     942       1
     798      868     869       1
     945      871     944       1
     800      870     871       1
     943      944     870       1
    1261     1262    1178       1
    1263     1179    1262       1
    1096     1178    1179       1
    1265     1181    1264       1
    1098     1180    1181       1
    1263     1264    1180       1
     941     1017    1018       1
    1096     1097    1017       1
    1098     1018    1097       1
    1269     1185    1268       1
    1102     1184    1185       1
    1267     1268    1184       1
     945     1021    1022       1
    1100     1101    1021       1
    1102     1022    1101       1
    1265     1266    1182       1
    1267     1183    1266       1
    1100     1182    1183       1
    1981     1982    1882       1
    1983     1883    1982       1
    1786     1882    1883       1
    1985     1885    1984       1
    1788     1884    1885       1
    1983     1984    1884       1
    1603     1693    1694       1
    1786     1787    1693       1
    1788     1694    1787       1
    1989     1889    1988       1
    1792     1888    1889       1
    1987     1988    1888       1
    1607     1697    1698       1
    1790     1791    1697       1
    1792     1698    1791       1
    1985     1986    1886       1
    1987     1887    1986       1
    1790     1886    1887       1
    1261     1345    1346       1
    1430     1431    1345       1
    1432     1346    1431       1
    1603     1604    1516       1
    1605     1517    1604       1
    1430     1516    1517       1
    1607     1519    1606       1
    1432     1518    1519       1
    1605     1606    1518       1
    1997     1897    1996       1
    1800     1896    1897       1
    1995     1996    1896       1
    1615     1705    1706       1
    1798     1799    1705       1
    1800     1706    1799       1
    1993     1994    1894       1
    1995     1895    1994       1
    1798     1894    1895       1
    1269     1353    1354       1
    1438     1439    1353       1
    1440     1354    1439       1
    1611     1612    1524       1
    1613     1525    1612       1
    1438     1524    1525       1
    1615     1527    1614       1
    1440     1526    1527       1
    1613     1614    1526       1
    1989     1990    1890       1
    1991     1891    1990       1
    1794     1890    1891       1
    1993     1893    1992       1
    1796     1892    1893       1
    1991     1992    1892       1
    1611     1701    1702       1
    1794     1795    1701       1
    1796     1702    1795       1
    1559     1560    1472       1
    1561     1473    1560       1
    1386     1472    1473       1
    1563     1475    1562       1
    1388     1474    1475       1
    1561     1562    1474       1
    1217     1301    1302       1
    1386     1387    1301       1
    1388     1302    1387       1
    1849     1752    1751       1
    1658     1657    1752       1
    1656     1751    1657       1
    1479     1478    1567       1
    1477     1566    1478       1
    1658     1567    1566       1
    1563     1564    1476       1
    1656     1565    1564       1
    1477     1476    1565       1
    1137     1136    1221       1
    1135     1220    1136       1
    1306     1221    1220       1
    1217     1218    1134       1
    1304     1219    1218       1
    1135     1134    1219       1
    1479     1392    1391       1
    1306     1305    1392       1
    1304     1391    1305       1
    2700     2591    2590       1
    2483     2482    2591       1
    2481     2590    2482       1
    2270     2269    2376       1
    2268     2375    2269       1
    2483     2376    2375       1
    2266     2373    2267       1
    2481     2374    2373       1
    2268     2267    2374       1
    1857     1856    1957       1
    1855     1956    1856       1
    2060     1957    1956       1
    1853     1954    1854       1
    2058     1955    1954       1
    1855     1854    1955       1
    2270     2165    2164       1
    2060     2059    2165       1
    2058     2164    2059       1
    1849     1950    1850       1
    2054     1951    1950       1
    1851     1850    1951       1
    2266     2161    2160       1
    2056     2055    2161       1
    2054     2160    2055       1
    1853     1852    1953       1
    1851     1952    1852       1
    2056     1953    1952       1
    1145     1144    1229       1
    1143     1228    1144       1
    1314     1229    1228       1
    1141     1226    1142       1
    1312     1227    1226       1
    1143     1142    1227       1
    1487     1400    1399       1
    1314     1313    1400       1
    1312     1399    1313       1
    1137     1222    1138       1
    1308     1223    1222       1
    1139     1138    1223       1
    1483     1396    1395       1
    1310     1309    1396       1
    1308     1395    1309       1
    1141     1140    1225       1
    1139     1224    1140       1
    1310     1225    1224       1
    1857     1760    1759       1
    1666     1665    1760       1
    1664     1759    1665       1
    1487     1486    1575       1
    1485     1574    1486       1
    1666     1575    1574       1
    1483     1572    1484       1
    1664     1573    1572       1
    1485     1484    1573       1
    1559     1650    1560       1
    1744     1651    1650       1
    1561     1560    1651       1
    1941     1842    1841       1
    1746     1745    1842       1
    1744     1841    1745       1
    1563     1562    1653       1
    1561     1652    1562       1
    1746     1653    1652       1
    2360     2255    2254       1
    2151     2150    2255       1
    2149     2254    2150       1
    1945     1944    2047       1
    1943     2046    1944       1
    2151     2047    2046       1
    1941     2044    1942       1
    2149     2045    2044       1
    1943     1942    2045       1
    1849     1751    1848       1
    1656     1750    1751       1
    1847     1848    1750       1
    1563     1654    1564       1
    1748     1655    1654       1
    1656     1564    1655       1
    1945     1846    1845       1
    1847     1749    1846       1
    1748     1845    1749       1
    3200     3098    3097       1
    2997     2996    3098       1
    2995     3097    2996       1
    2798     2797    2897       1
    2796     2896    2797       1
    2997     2897    2896       1
    2794     2894    2795       1
    2995     2895    2894       1
    2796     2795    2895       1
    2692     2582    2691       1
    2473     2581    2582       1
    2690     2691    2581       1
    2364     2471    2365       1
    2579     2472    2471       1
    2473     2365    2472       1
    2798     2689    2688       1
    2690     2580    2689       1
    2579     2688    2580       1
    2360     2467    2361       1
    2575     2468    2467       1
    2362     2361    2468       1
    2794     2685    2684       1
    2577     2576    2685       1
    2575     2684    2576       1
    2364     2363    2470       1
    2362     2469    2363       1
    2577     2470    2469       1
    2700     2590    2699       1
    2481     2589    2590       1
    2698     2699    2589       1
    2266     2372    2373       1
    2479     2480    2372       1
    2481     2373    2480       1
    2696     2697    2587       1
    2698     2588    2697       1
    2479     2587    2588       1
    1849     1949    1950       1
    2052     2053    1949       1
    2054     1950    2053       1
    2262     2263    2157       1
    2264     2158    2263       1
    2052     2157    2158       1
    2266     2160    2265       1
    2054     2159    2160       1
    2264     2265    2159       1
    2692     2693    2583       1
    2694     2584    2693       1
    2475     2583    2584       1
    2696     2586    2695       1
    2477     2585    2586       1
    2694     2695    2585       1
    2262     2368    2369       1
    2475     2476    2368       1
    2477     2369    2476       1
    3184     3185    3082       1
    3186     3083    3185       1
    2981     3082    3083       1
    3188     3085    3187       1
    2983     3084    3085       1
    3186     3187    3084       1
    2782     2881    2882       1
    2981     2982    2881       1
    2983     2882    2982       1
    3192     3089    3191       1
    2987     3088    3089       1
    3190     3191    3088       1
    2786     2885    2886       1
    2985     2986    2885       1
    2987     2886    2986       1
    3188     3189    3086       1
    3190     3087    3189       1
    2985     3086    3087       1
    2352     2458    2459       1
    2565     2566    2458       1
    2567     2459    2566       1
    2782     2783    2673       1
    2784     2674    2783       1
    2565     2673    2674       1
    2786     2676    2785       1
    2567     2675    2676       1
    2784     2785    2675       1
    3200     3097    3199       1
    2995     3096    3097       1
    3198     3199    3096       1
    2794     2893    2894       1
    2993     2994    2893       1
    2995     2894    2994       1
    3196     3197    3094       1
    3198     3095    3197       1
    2993     3094    3095       1
    2360     2466    2467       1
    2573     2574    2466       1
    2575     2467    2574       1
    2790     2791    2681       1
    2792     2682    2791       1
    2573     2681    2682       1
    2794     2684    2793       1
    2575     2683    2684       1
    2792     2793    2683       1
    3192     3193    3090       1
    3194     3091    3193       1
    2989     3090    3091       1
    3196     3093    3195       1
    2991     3092    3093       1
    3194     3195    3092       1
    2790     2889    2890       1
    2989     2990    2889       1
    2991     2890    2990       1
    1559     1649    1650       1
    1742     1743    1649       1
    1744     1650    1743       1
    1937     1938    1838       1
    1939     1839    1938       1
    1742     1838    1839       1
    1941     1841    1940       1
    1744     1840    1841       1
    1939     1940    1840       1
    2352     2353    2247       1
    2354     2248    2353       1
    2143     2247    2248       1
    2356     2250    2355       1
    2145     2249    2250       1
    2354     2355    2249       1
    1937     2039    2040       1
    2143     2144    2039       1
    2145     2040    2144       1
    2360     2254    2359       1
    2149     2253    2254       1
    2358     2359    2253       1
    1941     2043    2044       1
    2147     2148    2043       1
    2149     2044    2148       1
    2356     2357    2251       1
    2358     2252    2357       1
    2147     2251    2252       1
    1559     1472    1471       1
    1386     1385    1472       1
    1384     1471    1385       1
    1217     1216    1301       1
    1215     1300    1216       1
    1386     1301    1300       1
    1213     1298    1214       1
    1384     1299    1298       1
    1215     1214    1299       1
    1137     1055    1136       1
     976     1054    1055       1
    1135     1136    1054       1
     899      974     900       1
    1052      975     974       1
     976      900     975       1
    1217     1134    1133       1
    1135     1053    1134       1
    1052     1133    1053       1
     895      970     896       1
    1048      971     970       1
     897      896     971       1
    1213     1130    1129       1
    1050     1049    1130       1
    1048     1129    1049       1
     899      898     973       1
     897      972     898       1
    1050      973     972       1
    1145     1063    1144       1
     984     1062    1063       1
    1143     1144    1062       1
     835      907     908       1
     982      983     907       1
     984      908     983       1
    1141     1142    1060       1
    1143     1061    1142       1
     982     1060    1061       1
     573      633     634       1
     696      697     633       1
     698      634     697       1
     831      832     762       1
     833      763     832       1
     696      762     763       1
     835      765     834       1
     698      764     765       1
     833      834     764       1
    1137     1138    1056       1
    1139     1057    1138       1
     978     1056    1057       1
    1141     1059    1140       1
     980     1058    1059       1
    1139     1140    1058       1
     831      903     904       1
     978      979     903       1
     980      904     979       1
     403      454     404       1
     508      455     454       1
     405      404     455       1
     625      566     565       1
     510      509     566       1
     508      565     509       1
     407      406     457       1
     405      456     406       1
     510      457     456       1
     895      824     823       1
     756      755     824       1
     754      823     755       1
     629      628     691       1
     627      690     628       1
     756      691     690       1
     625      688     626       1
     754      689     688       1
     627      626     689       1
     573      515     572       1
     460      514     515       1
     571      572     514       1
     407      458     408       1
     512      459     458       1
     460      408     459       1
     629      570     569       1
     571      513     570       1
     512      569     513       1
    3183     3287    3271       1
    3392     3375    3287       1
    3376     3271    3375       1
    3605     3586    3498       1
    3587     3480    3586       1
    3392     3498    3480       1
    3589     3482    3588       1
    3376     3481    3482       1
    3587     3588    3481       1
    3980     3957    3890       1
    3958     3868    3957       1
    3801     3890    3868       1
    3960     3870    3959       1
    3781     3869    3870       1
    3958     3959    3869       1
    3605     3713    3693       1
    3801     3780    3713       1
    3781     3693    3780       1
    3964     3874    3963       1
    3785     3873    3874       1
    3962     3963    3873       1
    3589     3696    3697       1
    3783     3784    3696       1
    3785     3697    3784       1
    3960     3961    3871       1
    3962     3872    3961       1
    3783     3871    3872       1
    4736     4705    4638       1
    4706     4608    4705       1
    4541     4638    4608       1
    4708     4610    4707       1
    4513     4609    4610       1
    4706     4707    4609       1
    4350     4445    4417       1
    4541     4512    4445       1
    4513     4417    4512       1
    4712     4614    4711       1
    4517     4613    4614       1
    4710     4711    4613       1
    4326     4420    4421       1
    4515     4516    4420       1
    4517     4421    4516       1
    4708     4709    4611       1
    4710     4612    4709       1
    4515     4611    4612       1
    3980     4071    4047       1
    4163     4138    4071       1
    4139     4047    4138       1
    4350     4323    4256       1
    4324     4230    4323       1
    4163     4256    4230       1
    4326     4232    4325       1
    4139     4231    4232       1
    4324     4325    4231       1
    4720     4622    4719       1
    4525     4621    4622       1
    4718     4719    4621       1
    4334     4428    4429       1
    4523     4524    4428       1
    4525     4429    4524       1
    4716     4717    4619       1
    4718     4620    4717       1
    4523     4619    4620       1
    3964     4054    4055       1
    4145     4146    4054       1
    4147     4055    4146       1
    4330     4331    4237       1
    4332     4238    4331       1
    4145     4237    4238       1
    4334     4240    4333       1
    4147     4239    4240       1
    4332     4333    4239       1
    4712     4713    4615       1
    4714     4616    4713       1
    4519     4615    4616       1
    4716     4618    4715       1
    4521     4617    4618       1
    4714     4715    4617       1
    4330     4424    4425       1
    4519     4520    4424       1
    4521     4425    4520       1
    3183     3269    3287       1
    3372     3373    3269       1
    3392     3287    3373       1
    3581     3582    3476       1
    3583     3477    3582       1
    3372     3476    3477       1
    3605     3498    3584       1
    3392     3478    3498       1
    3583     3584    3478       1
    3948     3949    3860       1
    3950     3861    3949       1
    3773     3860    3861       1
    3952     3863    3951       1
    3775     3862    3863       1
    3950     3951    3862       1
    3581     3687    3688       1
    3773     3774    3687       1
    3775     3688    3774       1
    3980     3890    3955       1
    3801     3866    3890       1
    3954     3955    3866       1
    3605     3691    3713       1
    3777     3778    3691       1
    3801     3713    3778       1
    3952     3953    3864       1
    3954     3865    3953       1
    3777     3864    3865       1
    4688     4689    4592       1
    4690     4593    4689       1
    4497     4592    4593       1
    4692     4595    4691       1
    4499     4594    4595       1
    4690     4691    4594       1
    4310     4403    4404       1
    4497     4498    4403       1
    4499     4404    4498       1
    4696     4599    4695       1
    4503     4598    4599       1
    4694     4695    4598       1
    4314     4407    4408       1
    4501     4502    4407       1
    4503     4408    4502       1
    4692     4693    4596       1
    4694     4597    4693       1
    4501     4596    4597       1
    3948     4037    4038       1
    4127     4128    4037       1
    4129     4038    4128       1
    4310     4311    4218       1
    4312     4219    4311       1
    4127     4218    4219       1
    4314     4221    4313       1
    4129     4220    4221       1
    4312     4313    4220       1
    4736     4638    4703       1
    4541     4606    4638       1
    4702     4703    4606       1
    4350     4415    4445       1
    4509     4510    4415       1
    4541     4445    4510       1
    4700     4701    4604       1
    4702     4605    4701       1
    4509     4604    4605       1
    3980     4045    4071       1
    4135     4136    4045       1
    4163     4071    4136       1
    4318     4319    4226       1
    4320     4227    4319       1
    4135     4226    4227       1
    4350     4256    4321       1
    4163     4228    4256       1
    4320     4321    4228       1
    4696     4697    4600       1
    4698     4601    4697       1
    4505     4600    4601       1
    4700     4603    4699       1
    4507     4602    4603       1
    4698     4699    4602       1
    4318     4411    4412       1
    4505     4506    4411       1
    4507     4412    4506       1
    3167     3254    3152       1
    3358     3255    3254       1
    3153     3152    3255       1
    3569     3464    3463       1
    3360     3359    3464       1
    3358     3463    3359       1
    3155     3154    3257       1
    3153     3256    3154       1
    3360     3257    3256       1
    3940     3852    3851       1
    3765     3764    3852       1
    3763     3851    3764       1
    3573     3572    3679       1
    3571     3678    3572       1
    3765     3679    3678       1
    3569     3676    3570       1
    3763     3677    3676       1
    3571     3570    3677       1
    3159     3158    3261       1
    3157     3260    3158       1
    3364     3261    3260       1
    3155     3258    3156       1
    3362     3259    3258       1
    3157     3156    3259       1
    3573     3468    3467       1
    3364     3363    3468       1
    3362     3467    3363       1
    4688     4592    4591       1
    4497     4496    4592       1
    4495     4591    4496       1
    4310     4309    4403       1
    4308     4402    4309       1
    4497     4403    4402       1
    4306     4400    4307       1
    4495     4401    4400       1
    4308     4307    4401       1
    3948     3947    4037       1
    3946     4036    3947       1
    4127     4037    4036       1
    3944     4034    3945       1
    4125     4035    4034       1
    3946     3945    4035       1
    4310     4218    4217       1
    4127     4126    4218       1
    4125     4217    4126       1
    3940     4030    3941       1
    4121     4031    4030       1
    3942     3941    4031       1
    4306     4214    4213       1
    4123     4122    4214       1
    4121     4213    4122       1
    3944     3943    4033       1
    3942     4032    3943       1
    4123     4033    4032       1
    3183     3166    3269       1
    3165     3268    3166       1
    3372     3269    3268       1
    3163     3266    3164       1
    3370     3267    3266       1
    3165     3164    3267       1
    3581     3476    3475       1
    3372     3371    3476       1
    3370     3475    3371       1
    3159     3262    3160       1
    3366     3263    3262       1
    3161     3160    3263       1
    3577     3472    3471       1
    3368     3367    3472       1
    3366     3471    3367       1
    3163     3162    3265       1
    3161     3264    3162       1
    3368     3265    3264       1
    3948     3860    3859       1
    3773     3772    3860       1
    3771     3859    3772       1
    3581     3580    3687       1
    3579     3686    3580       1
    3773     3687    3686       1
    3577     3684    3578       1
    3771     3685    3684       1
    3579     3578    3685       1
    3183     3271    3168       1
    3376     3272    3271       1
    3169     3168    3272       1
    3589     3483    3482       1
    3378     3377    3483       1
    3376     3482    3377       1
    3171     3170    3274       1
    3169     3273    3170       1
    3378     3274    3273       1
    3964     3875    3874       1
    3787     3786    3875       1
    3785     3874    3786       1
    3593     3592    3700       1
    3591     3699    3592       1
    3787     3700    3699       1
    3589     3697    3590       1
    3785     3698    3697       1
    3591     3590    3698       1
    3175     3174    3278       1
    3173     3277    3174       1
    3382     3278    3277       1
    3171     3275    3172       1
    3380     3276    3275       1
    3173     3172    3276       1
    3593     3487    3486       1
    3382     3381    3487       1
    3380     3486    3381       1
    4720     4623    4622       1
    4527     4526    4623       1
    4525     4622    4526       1
    4338     4337    4432       1
    4336     4431    4337       1
    4527     4432    4431       1
    4334     4429    4335       1
    4525     4430    4429       1
    4336     4335    4430       1
    3972     3971    4062       1
    3970     4061    3971       1
    4153     4062    4061       1
    3968     4059    3969       1
    4151     4060    4059       1
    3970     3969    4060       1
    4338     4245    4244       1
    4153     4152    4245       1
    4151     4244    4152       1
    3964     4055    3965       1
    4147     4056    4055       1
    3966     3965    4056       1
    4334     4241    4240       1
    4149     4148    4241       1
    4147     4240    4148       1
    3968     3967    4058       1
    3966     4057    3967       1
    4149     4058    4057       1
    3184     3182    3286       1
    3181     3285    3182       1
    3390     3286    3285       1
    3179     3283    3180       1
    3388     3284    3283       1
    3181     3180    3284       1
    3601     3495    3494       1
    3390     3389    3495       1
    3388     3494    3389       1
    3175     3279    3176       1
    3384     3280    3279       1
    3177     3176    3280       1
    3597     3491    3490       1
    3386     3385    3491       1
    3384     3490    3385       1
    3179     3178    3282       1
    3177     3281    3178       1
    3386     3282    3281       1
    3972     3883    3882       1
    3795     3794    3883       1
    3793     3882    3794       1
    3601     3600    3708       1
    3599     3707    3600       1
    3795     3708    3707       1
    3597     3705    3598       1
    3793     3706    3705       1
    3599     3598    3706       1
    3136     3237    3238       1
    3339     3340    3237       1
    3341     3238    3340       1
    3546     3547    3442       1
    3548     3443    3547       1
    3339     3442    3443       1
    3550     3445    3549       1
    3341     3444    3445       1
    3548     3549    3444       1
    3909     3910    3822       1
    3911     3823    3910       1
    3736     3822    3823       1
    3913     3825    3912       1
    3738     3824    3825       1
    3911     3912    3824       1
    3546     3651    3652       1
    3736     3737    3651       1
    3738     3652    3737       1
    3917     3829    3916       1
    3742     3828    3829       1
    3915     3916    3828       1
    3550     3655    3656       1
    3740     3741    3655       1
    3742     3656    3741       1
    3913     3914    3826       1
    3915     3827    3914       1
    3740     3826    3827       1
    4641     4642    4546       1
    4643     4547    4642       1
    4452     4546    4547       1
    4645     4549    4644       1
    4454     4548    4549       1
    4643     4644    4548       1
    4267     4359    4360       1
    4452     4453    4359       1
    4454     4360    4453       1
    4649     4553    4648       1
    4458     4552    4553       1
    4647     4648    4552       1
    4271     4363    4364       1
    4456     4457    4363       1
    4458     4364    4457       1
    4645     4646    4550       1
    4647     4551    4646       1
    4456     4550    4551       1
    3909     3997    3998       1
    4086     4087    3997       1
    4088     3998    4087       1
    4267     4268    4176       1
    4269     4177    4268       1
    4086     4176    4177       1
    4271     4179    4270       1
    4088     4178    4179       1
    4269     4270    4178       1
    4657     4561    4656       1
    4466     4560    4561       1
    4655     4656    4560       1
    4279     4371    4372       1
    4464     4465    4371       1
    4466     4372    4465       1
    4653     4654    4558       1
    4655     4559    4654       1
    4464     4558    4559       1
    3917     4005    4006       1
    4094     4095    4005       1
    4096     4006    4095       1
    4275     4276    4184       1
    4277     4185    4276       1
    4094     4184    4185       1
    4279     4187    4278       1
    4096     4186    4187       1
    4277     4278    4186       1
    4649     4650    4554       1
    4651     4555    4650       1
    4460     4554    4555       1
    4653     4557    4652       1
    4462     4556    4557       1
    4651     4652    4556       1
    4275     4367    4368       1
    4460     4461    4367       1
    4462     4368    4461       1
    3136     3135    3237       1
    3134     3236    3135       1
    3339     3237    3236       1
    3132     3234    3133       1
    3337     3235    3234       1
    3134     3133    3235       1
    3546     3442    3441       1
    3339     3338    3442       1
    3337     3441    3338       1
    3128     3230    3129       1
    3333     3231    3230       1
    3130     3129    3231       1
    3542     3438    3437       1
    3335     3334    3438       1
    3333     3437    3334       1
    3132     3131    3233       1
    3130     3232    3131       1
    3335     3233    3232       1
    3909     3822    3821       1
    3736     3735    3822       1
    3734     3821    3735       1
    3546     3545    3651       1
    3544     3650    3545       1
    3736     3651    3650       1
    3542     3648    3543       1
    3734     3649    3648       1
    3544     3543    3649       1
    3635     3636    3531       1
    3637     3532    3636       1
    3428     3531    3532       1
    3639     3534    3638       1
    3430     3533    3534       1
    3637     3638    3533       1
    3225     3326    3327       1
    3428     3429    3326       1
    3430     3327    3429       1
    3901     3814    3813       1
    3728     3727    3814       1
    3726     3813    3727       1
    3538     3537    3643       1
    3536     3642    3537       1
    3728     3643    3642       1
    3639     3640    3535       1
    3726     3641    3640       1
    3536     3535    3641       1
    3128     3127    3229       1
    3126     3228    3127       1
    3331     3229    3228       1
    3225     3226    3125       1
    3329     3227    3226       1
    3126     3125    3227       1
    3538     3434    3433       1
    3331     3330    3434       1
    3329     3433    3330       1
    4641     4546    4545       1
    4452     4451    4546       1
    4450     4545    4451       1
    4267     4266    4359       1
    4265     4358    4266       1
    4452     4359    4358       1
    4263     4356    4264       1
    4450     4357    4356       1
    4265     4264    4357       1
    3909     3908    3997       1
    3907     3996    3908       1
    4086     3997    3996       1
    3905     3994    3906       1
    4084     3995    3994       1
    3907     3906    3995       1
    4267     4176    4175       1
    4086     4085    4176       1
    4084     4175    4085       1
    3901     3990    3902       1
    4080     3991    3990       1
    3903     3902    3991       1
    4263     4172    4171       1
    4082     4081    4172       1
    4080     4171    4081       1
    3905     3904    3993       1
    3903     3992    3904       1
    4082     3993    3992       1
    1997     2099    1998       1
    2201     2100    2099       1
    1999     1998    2100       1
    2408     2305    2304       1
    2203     2202    2305       1
    2201     2304    2202       1
    2001     2000    2102       1
    1999     2101    2000       1
    2203     2102    2101       1
    2823     2727    2726       1
    2621     2620    2727       1
    2619     2726    2620       1
    2412     2411    2516       1
    2410     2515    2411       1
    2621     2516    2515       1
    2408     2513    2409       1
    2619     2514    2513       1
    2410     2409    2514       1
    2312     2208    2311       1
    2105     2207    2208       1
    2310     2311    2207       1
    2001     2103    2002       1
    2205     2104    2103       1
    2105     2002    2104       1
    2412     2309    2308       1
    2310     2206    2309       1
    2205     2308    2206       1
    3635     3531    3530       1
    3428     3427    3531       1
    3426     3530    3427       1
    3225     3224    3326       1
    3223     3325    3224       1
    3428     3326    3325       1
    3221     3323    3222       1
    3426     3324    3323       1
    3223     3222    3324       1
    3128     3027    3127       1
    2927     3026    3027       1
    3126     3127    3026       1
    2827     2925    2828       1
    3024     2926    2925       1
    2927     2828    2926       1
    3225     3125    3124       1
    3126     3025    3125       1
    3024     3124    3025       1
    2823     2921    2824       1
    3020     2922    2921       1
    2825     2824    2922       1
    3221     3121    3120       1
    3022     3021    3121       1
    3020     3120    3021       1
    2827     2826    2924       1
    2825     2923    2826       1
    3022     2924    2923       1
    3136     3035    3135       1
    2935     3034    3035       1
    3134     3135    3034       1
    2738     2835    2836       1
    2933     2934    2835       1
    2935     2836    2934       1
    3132     3133    3032       1
    3134     3033    3133       1
    2933     3032    3033       1
    2312     2416    2417       1
    2521     2522    2416       1
    2523     2417    2522       1
    2734     2735    2627       1
    2736     2628    2735       1
    2521     2627    2628       1
    2738     2630    2737       1
    2523     2629    2630       1
    2736     2737    2629       1
    3128     3129    3028       1
    3130     3029    3129       1
    2929     3028    3029       1
    3132     3031    3131       1
    2931     3030    3031       1
    3130     3131    3030       1
    2734     2831    2832       1
    2929     2930    2831       1
    2931     2832    2930       1
    3136     3238    3137       1
    3341     3239    3238       1
    3138     3137    3239       1
    3550     3446    3445       1
    3343     3342    3446       1
    3341     3445    3342       1
    3140     3139    3241       1
    3138     3240    3139       1
    3343     3241    3240       1
    3917     3830    3829       1
    3744     3743    3830       1
    3742     3829    3743       1
    3554     3553    3659       1
    3552     3658    3553       1
    3744     3659    3658       1
    3550     3656    3551       1
    3742     3657    3656       1
    3552     3551    3657       1
    3144     3143    3245       1
    3142     3244    3143       1
    3347     3245    3244       1
    3140     3242    3141       1
    3345     3243    3242       1
    3142     3141    3243       1
    3554     3450    3449       1
    3347     3346    3450       1
    3345     3449    3346       1
    4657     4562    4561       1
    4468     4467    4562       1
    4466     4561    4467       1
    4283     4282    4375       1
    4281     4374    4282       1
    4468     4375    4374       1
    4279     4372    4280       1
    4466     4373    4372       1
    4281     4280    4373       1
    3925     3924    4013       1
    3923     4012    3924       1
    4102     4013    4012       1
    3921     4010    3922       1
    4100     4011    4010       1
    3923     3922    4011       1
    4283     4192    4191       1
    4102     4101    4192       1
    4100     4191    4101       1
    3917     4006    3918       1
    4096     4007    4006       1
    3919     3918    4007       1
    4279     4188    4187       1
    4098     4097    4188       1
    4096     4187    4097       1
    3921     3920    4009       1
    3919     4008    3920       1
    4098     4009    4008       1
    3167     3151    3253       1
    3150     3252    3151       1
    3355     3253    3252       1
    3148     3250    3149       1
    3353     3251    3250       1
    3150     3149    3251       1
    3562     3458    3457       1
    3355     3354    3458       1
    3353     3457    3354       1
    3144     3246    3145       1
    3349     3247    3246       1
    3146     3145    3247       1
    3558     3454    3453       1
    3351     3350    3454       1
    3349     3453    3350       1
    3148     3147    3249       1
    3146     3248    3147       1
    3351     3249    3248       1
    3925     3838    3837       1
    3752     3751    3838       1
    3750     3837    3751       1
    3562     3561    3667       1
    3560     3666    3561       1
    3752     3667    3666       1
    3558     3664    3559       1
    3750     3665    3664       1
    3560     3559    3665       1
    1543     1455    1542       1
    1368     1454    1455       1
    1541     1542    1454       1
    1197     1281    1282       1
    1366     1367    1281       1
    1368     1282    1367       1
    1539     1540    1452       1
    1541     1453    1540       1
    1366     1452    1453       1
     879      953     954       1
    1030     1031     953       1
    1032      954    1031       1
    1193     1194    1110       1
    1195     1111    1194       1
    1030     1110    1111       1
    1197     1113    1196       1
    1032     1112    1113       1
    1195     1196    1112       1
    1535     1536    1448       1
    1537     1449    1536       1
    1362     1448    1449       1
    1539     1451    1538       1
    1364     1450    1451       1
    1537     1538    1450       1
    1193     1277    1278       1
    1362     1363    1277       1
    1364     1278    1363       1
     667      732     668       1
     800      733     732       1
     669      668     733       1
     945      872     871       1
     802      801     872       1
     800      871     801       1
     671      670     735       1
     669      734     670       1
     802      735     734       1
    1269     1186    1185       1
    1104     1103    1186       1
    1102     1185    1103       1
     949      948    1025       1
     947     1024     948       1
    1104     1025    1024       1
     945     1022     946       1
    1102     1023    1022       1
     947      946    1023       1
     879      807     878       1
     738      806     807       1
     877      878     806       1
     671      736     672       1
     804      737     736       1
     738      672     737       1
     949      876     875       1
     877      805     876       1
     804      875     805       1
    1997     1898    1897       1
    1802     1801    1898       1
    1800     1897    1801       1
    1619     1618    1709       1
    1617     1708    1618       1
    1802     1709    1708       1
    1615     1706    1616       1
    1800     1707    1706       1
    1617     1616    1707       1
    1535     1447    1534       1
    1360     1446    1447       1
    1533     1534    1446       1
    1273     1358    1274       1
    1444     1359    1358       1
    1360     1274    1359       1
    1619     1532    1531       1
    1533     1445    1532       1
    1444     1531    1445       1
    1269     1354    1270       1
    1440     1355    1354       1
    1271     1270    1355       1
    1615     1528    1527       1
    1442     1441    1528       1
    1440     1527    1441       1
    1273     1272    1357       1
    1271     1356    1272       1
    1442     1357    1356       1
    1543     1456    1455       1
    1370     1369    1456       1
    1368     1455    1369       1
    1201     1200    1285       1
    1199     1284    1200       1
    1370     1285    1284       1
    1197     1282    1198       1
    1368     1283    1282       1
    1199     1198    1283       1
     887      886     961       1
     885      960     886       1
    1038      961     960       1
     883      958     884       1
    1036      959     958       1
     885      884     959       1
    1201     1118    1117       1
    1038     1037    1118       1
    1036     1117    1037       1
     879      954     880       1
    1032      955     954       1
     881      880     955       1
    1197     1114    1113       1
    1034     1033    1114       1
    1032     1113    1033       1
     883      882     957       1
     881      956     882       1
    1034      957     956       1
     403      402     453       1
     401      452     402       1
     506      453     452       1
     399      450     400       1
     504      451     450       1
     401      400     451       1
     621      562     561       1
     506      505     562       1
     504      561     505       1
     395      446     396       1
     500      447     446       1
     397      396     447       1
     617      558     557       1
     502      501     558       1
     500      557     501       1
     399      398     449       1
     397      448     398       1
     502      449     448       1
     887      816     815       1
     748      747     816       1
     746      815     747       1
     621      620     683       1
     619      682     620       1
     748      683     682       1
     617      680     618       1
     746      681     680       1
     619      618     681       1
     667      668     606       1
     669      607     668       1
     548      606     607       1
     671      609     670       1
     550      608     609       1
     669      670     608       1
     441      493     494       1
     548      549     493       1
     550      494     549       1
     879      808     807       1
     740      739     808       1
     738      807     739       1
     613      612     675       1
     611      674     612       1
     740      675     674       1
     671      672     610       1
     738      673     672       1
     611      610     673       1
     395      394     445       1
     393      444     394       1
     498      445     444       1
     441      442     392       1
     496      443     442       1
     393      392     443       1
     613      554     553       1
     498      497     554       1
     496      553     497       1
    1559     1471    1558       1
    1384     1470    1471       1
    1557     1558    1470       1
    1213     1297    1298       1
    1382     1383    1297       1
    1384     1298    1383       1
    1555     1556    1468       1
    1557     1469    1556       1
    1382     1468    1469       1
     895      969     970       1
    1046     1047     969       1
    1048      970    1047       1
    1209     1210    1126       1
    1211     1127    1210       1
    1046     1126    1127       1
    1213     1129    1212       1
    1048     1128    1129       1
    1211     1212    1128       1
    1551     1552    1464       1
    1553     1465    1552       1
    1378     1464    1465       1
    1555     1467    1554       1
    1380     1466    1467       1
    1553     1554    1466       1
    1209     1293    1294       1
    1378     1379    1293       1
    1380     1294    1379       1
     403      453     454       1
     506      507     453       1
     508      454     507       1
     621      622     562       1
     623      563     622       1
     506      562     563       1
     625      565     624       1
     508      564     565       1
     623      624     564       1
     887      888     816       1
     889      817     888       1
     748      816     817       1
     891      819     890       1
     750      818     819       1
     889      890     818       1
     621      683     684       1
     748      749     683       1
     750      684     749       1
     895      823     894       1
     754      822     823       1
     893      894     822       1
     625      687     688       1
     752      753     687       1
     754      688     753       1
     891      892     820       1
     893      821     892       1
     752      820     821       1
    1543     1544    1456       1
    1545     1457    1544       1
    1370     1456    1457       1
    1547     1459    1546       1
    1372     1458    1459       1
    1545     1546    1458       1
    1201     1285    1286       1
    1370     1371    1285       1
    1372     1286    1371       1
    1551     1463    1550       1
    1376     1462    1463       1
    1549     1550    1462       1
    1205     1289    1290       1
    1374     1375    1289       1
    1376     1290    1375       1
    1547     1548    1460       1
    1549     1461    1548       1
    1374     1460    1461       1
     887      961     962       1
    1038     1039     961       1
    1040      962    1039       1
    1201     1202    1118       1
    1203     1119    1202       1
    1038     1118    1119       1
    1205     1121    1204       1
    1040     1120    1121       1
    1203     1204    1120       1
    1543     1542    1631       1
    1541     1630    1542       1
    1722     1631    1630       1
    1539     1628    1540       1
    1720     1629    1628       1
    1541     1540    1629       1
    1913     1816    1815       1
    1722     1721    1816       1
    1720     1815    1721       1
    1535     1624    1536       1
    1716     1625    1624       1
    1537     1536    1625       1
    1909     1812    1811       1
    1718     1717    1812       1
    1716     1811    1717       1
    1539     1538    1627       1
    1537     1626    1538       1
    1718     1627    1626       1
    2320     2217    2216       1
    2115     2114    2217       1
    2113     2216    2114       1
    1913     1912    2013       1
    1911     2012    1912       1
    2115     2013    2012       1
    1909     2010    1910       1
    2113     2011    2010       1
    1911     1910    2011       1
    1997     1998    1898       1
    1999     1899    1998       1
    1802     1898    1899       1
    2001     1901    2000       1
    1804     1900    1901       1
    1999     2000    1900       1
    1619     1709    1710       1
    1802     1803    1709       1
    1804     1710    1803       1
    2312     2209    2208       1
    2107     2106    2209       1
    2105     2208    2106       1
    1905     1904    2005       1
    1903     2004    1904       1
    2107     2005    2004       1
    2001     2002    1902       1
    2105     2003    2002       1
    1903     1902    2003       1
    1535     1534    1623       1
    1533     1622    1534       1
    1714     1623    1622       1
    1619     1620    1532       1
    1712     1621    1620       1
    1533     1532    1621       1
    1905     1808    1807       1
    1714     1713    1808       1
    1712     1807    1713       1
    3136     3036    3035       1
    2937     2936    3036       1
    2935     3035    2936       1
    2742     2741    2839       1
    2740     2838    2741       1
    2937     2839    2838       1
    2738     2836    2739       1
    2935     2837    2836       1
    2740     2739    2837       1
    2320     2319    2424       1
    2318     2423    2319       1
    2529     2424    2423       1
    2316     2421    2317       1
    2527     2422    2421       1
    2318     2317    2422       1
    2742     2635    2634       1
    2529     2528    2635       1
    2527     2634    2528       1
    2312     2417    2313       1
    2523     2418    2417       1
    2314     2313    2418       1
    2738     2631    2630       1
    2525     2524    2631       1
    2523     2630    2524       1
    2316     2315    2420       1
    2314     2419    2315       1
    2525     2420    2419       1
    1543     1631    1632       1
    1722     1723    1631       1
    1725     1632    1723       1
    1913     1914    1816       1
    1915     1817    1914       1
    1722     1816    1817       1
    1920     1821    1916       1
    1725     1818    1821       1
    1915     1916    1818       1
    2320     2321    2217       1
    2322     2218    2321       1
    2115     2217    2218       1
    2324     2220    2323       1
    2117     2219    2220       1
    2322     2323    2219       1
    1913     2013    2014       1
    2115     2116    2013       1
    2117     2014    2116       1
    2335     2230    2327       1
    2126     2223    2230       1
    2326     2327    2223       1
    1920     2017    2022       1
    2119     2120    2017       1
    2126     2022    2120       1
    2324     2325    2221       1
    2326     2222    2325       1
    2119     2221    2222       1
    3136     3137    3036       1
    3138     3037    3137       1
    2937     3036    3037       1
    3140     3039    3139       1
    2939     3038    3039       1
    3138     3139    3038       1
    2742     2839    2840       1
    2937     2938    2839       1
    2939     2840    2938       1
    3144     3043    3143       1
    2943     3042    3043       1
    3142     3143    3042       1
    2746     2843    2844       1
    2941     2942    2843       1
    2943     2844    2942       1
    3140     3141    3040       1
    3142     3041    3141       1
    2941     3040    3041       1
    2320     2424    2425       1
    2529     2530    2424       1
    2531     2425    2530       1
    2742     2743    2635       1
    2744     2636    2743       1
    2529     2635    2636       1
    2746     2638    2745       1
    2531     2637    2638       1
    2744     2745    2637       1
    3167     3065    3151       1
    2964     3050    3065       1
    3150     3151    3050       1
    2765     2851    2864       1
    2949     2950    2851       1
    2964     2864    2950       1
    3148     3149    3048       1
    3150     3049    3149       1
    2949     3048    3049       1
    2335     2432    2441       1
    2537     2538    2432       1
    2548     2441    2538       1
    2750     2751    2643       1
    2752     2644    2751       1
    2537     2643    2644       1
    2765     2656    2753       1
    2548     2645    2656       1
    2752     2753    2645       1
    3144     3145    3044       1
    3146     3045    3145       1
    2945     3044    3045       1
    3148     3047    3147       1
    2947     3046    3047       1
    3146     3147    3046       1
    2750     2847    2848       1
    2945     2946    2847       1
    2947     2848    2946       1
    1543     1632    1633       1
    1725     1724    1632       1
    1727     1633    1724       1
    1920     1917    1821       1
    1918     1819    1917       1
    1725     1821    1819       1
    1924     1824    1919       1
    1727     1820    1824       1
    1918     1919    1820       1
    2335     2328    2230       1
    2329     2224    2328       1
    2126     2230    2224       1
    2331     2226    2330       1
    2122     2225    2226       1
    2329     2330    2225       1
    1920     2022    2018       1
    2126     2121    2022       1
    2122     2018    2121       1
    2343     2237    2334       1
    2132     2229    2237       1
    2333     2334    2229       1
    1924     2021    2027       1
    2124     2125    2021       1
    2132     2027    2125       1
    2331     2332    2227       1
    2333     2228    2332       1
    2124     2227    2228       1
    3167     3152    3065       1
    3153     3051    3152       1
    2964     3065    3051       1
    3155     3053    3154       1
    2952     3052    3053       1
    3153     3154    3052       1
    2765     2864    2852       1
    2964     2951    2864       1
    2952     2852    2951       1
    3159     3057    3158       1
    2956     3056    3057       1
    3157     3158    3056       1
    2757     2855    2856       1
    2954     2955    2855       1
    2956     2856    2955       1
    3155     3156    3054       1
    3157     3055    3156       1
    2954     3054    3055       1
    2335     2441    2433       1
    2548     2539    2441       1
    2540     2433    2539       1
    2765     2754    2656       1
    2755     2646    2754       1
    2548     2656    2646       1
    2757     2648    2756       1
    2540     2647    2648       1
    2755     2756    2647       1
    3183     3080    3166       1
    2978     3064    3080       1
    3165     3166    3064       1
    2777     2863    2877       1
    2962     2963    2863       1
    2978     2877    2963       1
    3163     3164    3062       1
    3165     3063    3164       1
    2962     3062    3063       1
    2343     2440    2450       1
    2546     2547    2440       1
    2558     2450    2547       1
    2761     2762    2653       1
    2763     2654    2762       1
    2546     2653    2654       1
    2777     2667    2764       1
    2558     2655    2667       1
    2763     2764    2655       1
    3159     3160    3058       1
    3161     3059    3160       1
    2958     3058    3059       1
    3163     3061    3162       1
    2960     3060    3061       1
    3161     3162    3060       1
    2761     2859    2860       1
    2958     2959    2859       1
    2960     2860    2959       1
    1543     1633    1634       1
    1727     1726    1633       1
    1728     1634    1726       1
    1924     1921    1824       1
    1922     1822    1921       1
    1727     1824    1822       1
    1925     1825    1923       1
    1728     1823    1825       1
    1922     1923    1823       1
    2343     2336    2237       1
    2337     2231    2336       1
    2132     2237    2231       1
    2339     2233    2338       1
    2128     2232    2233       1
    2337     2338    2232       1
    1924     2027    2023       1
    2132     2127    2027       1
    2128     2023    2127       1
    2344     2238    2342       1
    2133     2236    2238       1
    2341     2342    2236       1
    1925     2026    2028       1
    2130     2131    2026       1
    2133     2028    2131       1
    2339     2340    2234       1
    2341     2235    2340       1
    2130     2234    2235       1
    3183     3168    3080       1
    3169     3066    3168       1
    2978     3080    3066       1
    3171     3068    3170       1
    2966     3067    3068       1
    3169     3170    3067       1
    2777     2877    2865       1
    2978     2965    2877       1
    2966     2865    2965       1
    3175     3072    3174       1
    2970     3071    3072       1
    3173     3174    3071       1
    2769     2868    2869       1
    2968     2969    2868       1
    2970     2869    2969       1
    3171     3172    3069       1
    3173     3070    3172       1
    2968     3069    3070       1
    2343     2450    2442       1
    2558     2549    2450       1
    2550     2442    2549       1
    2777     2766    2667       1
    2767     2657    2766       1
    2558     2667    2657       1
    2769     2659    2768       1
    2550     2658    2659       1
    2767     2768    2658       1
    3184     3081    3182       1
    2979     3079    3081       1
    3181     3182    3079       1
    2778     2876    2878       1
    2976     2977    2876       1
    2979     2878    2977       1
    3179     3180    3077       1
    3181     3078    3180       1
    2976     3077    3078       1
    2344     2449    2451       1
    2556     2557    2449       1
    2559     2451    2557       1
    2773     2774    2664       1
    2775     2665    2774       1
    2556     2664    2665       1
    2778     2668    2776       1
    2559     2666    2668       1
    2775     2776    2666       1
    3175     3176    3073       1
    3177     3074    3176       1
    2972     3073    3074       1
    3179     3076    3178       1
    2974     3075    3076       1
    3177     3178    3075       1
    2773     2872    2873       1
    2972     2973    2872       1
    2974     2873    2973       1
    1559     1558    1649       1
    1557     1648    1558       1
    1742     1649    1648       1
    1555     1646    1556       1
    1740     1647    1646       1
    1557     1556    1647       1
    1937     1838    1837       1
    1742     1741    1838       1
    1740     1837    1741       1
    1551     1642    1552       1
    1736     1643    1642       1
    1553     1552    1643       1
    1933     1834    1833       1
    1738     1737    1834       1
    1736     1833    1737       1
    1555     1554    1645       1
    1553     1644    1554       1
    1738     1645    1644       1
    2352     2247    2246       1
    2143     2142    2247       1
    2141     2246    2142       1
    1937     1936    2039       1
    1935     2038    1936       1
    2143     2039    2038       1
    1933     2036    1934       1
    2141     2037    2036       1
    1935     1934    2037       1
    1543     1634    1544       1
    1728     1635    1634       1
    1545     1544    1635       1
    1925     1826    1825       1
    1730     1729    1826       1
    1728     1825    1729       1
    1547     1546    1637       1
    1545     1636    1546       1
    1730     1637    1636       1
    2344     2239    2238       1
    2135     2134    2239       1
    2133     2238    2134       1
    1929     1928    2031       1
    1927     2030    1928       1
    2135     2031    2030       1
    1925     2028    1926       1
    2133     2029    2028       1
    1927     1926    2029       1
    1551     1550    1641       1
    1549     1640    1550       1
    1734     1641    1640       1
    1547     1638    1548       1
    1732     1639    1638       1
    1549     1548    1639       1
    1929     1830    1829       1
    1734     1733    1830       1
    1732     1829    1733       1
    3184     3082    3081       1
    2981     2980    3082       1
    2979     3081    2980       1
    2782     2781    2881       1
    2780     2880    2781       1
    2981     2881    2880       1
    2778     2878    2779       1
    2979     2879    2878       1
    2780     2779    2879       1
    2352     2351    2458       1
    2350     2457    2351       1
    2565     2458    2457       1
    2348     2455    2349       1
    2563     2456    2455       1
    2350     2349    2456       1
    2782     2673    2672       1
    2565     2564    2673       1
    2563     2672    2564       1
    2344     2451    2345       1
    2559     2452    2451       1
    2346     2345    2452       1
    2778     2669    2668       1
    2561     2560    2669       1
    2559     2668    2560       1
    2348     2347    2454       1
    2346     2453    2347       1
    2561     2454    2453       1
